Copyright 1986-2022 Xilinx, Inc. All Rights Reserved. Copyright 2022-2023 Advanced Micro Devices, Inc. All Rights Reserved.
---------------------------------------------------------------------------------------------------------------------------------------------
| Tool Version : Vivado v.2023.2 (lin64) Build 4029153 Fri Oct 13 20:13:54 MDT 2023
| Date         : Fri Aug  7 17:23:07 2026
| Host         : vlsi031.ee.washington.edu running 64-bit CentOS Linux release 7.9.2009 (Core)
| Command      : report_methodology -file /home/kourosh/synth_s2/pcie_rq_rc_top/methodology.rpt
| Design       : pcie_rq_rc_top
| Device       : xczu7ev-ffvc1156-2-e
| Speed File   : -2
| Design State : Synthesized
---------------------------------------------------------------------------------------------------------------------------------------------

Report Methodology

Table of Contents
-----------------
1. REPORT SUMMARY
2. REPORT DETAILS

1. REPORT SUMMARY
-----------------
            Netlist: pcie_rq_rc_top
          Floorplan: design_1
      Design limits: <entire design considered>
             Max violations: <unlimited>
             Violations found: 581
+-----------+----------+-----------------------------------------------------------+------------+
| Rule      | Severity | Description                                               | Violations |
+-----------+----------+-----------------------------------------------------------+------------+
| SYNTH-5   | Warning  | Mapped onto distributed RAM because of timing constraints | 16         |
| TIMING-18 | Warning  | Missing input or output delay                             | 565        |
+-----------+----------+-----------------------------------------------------------+------------+

2. REPORT DETAILS
-----------------
SYNTH-5#1 Warning
Mapped onto distributed RAM because of timing constraints  
The instance u_tlp_layer/vc_buffer_inst/last_mem_reg_0_255_0_0 is implemented as distributed LUT RAM for the following reason: The timing constraints suggest that the chosen mapping will yield a better timing.
Related violations: <none>

SYNTH-5#2 Warning
Mapped onto distributed RAM because of timing constraints  
The instance u_tlp_layer/vc_buffer_inst/last_mem_reg_1024_1279_0_0 is implemented as distributed LUT RAM for the following reason: The timing constraints suggest that the chosen mapping will yield a better timing.
Related violations: <none>

SYNTH-5#3 Warning
Mapped onto distributed RAM because of timing constraints  
The instance u_tlp_layer/vc_buffer_inst/last_mem_reg_1280_1535_0_0 is implemented as distributed LUT RAM for the following reason: The timing constraints suggest that the chosen mapping will yield a better timing.
Related violations: <none>

SYNTH-5#4 Warning
Mapped onto distributed RAM because of timing constraints  
The instance u_tlp_layer/vc_buffer_inst/last_mem_reg_1536_1791_0_0 is implemented as distributed LUT RAM for the following reason: The timing constraints suggest that the chosen mapping will yield a better timing.
Related violations: <none>

SYNTH-5#5 Warning
Mapped onto distributed RAM because of timing constraints  
The instance u_tlp_layer/vc_buffer_inst/last_mem_reg_1792_2047_0_0 is implemented as distributed LUT RAM for the following reason: The timing constraints suggest that the chosen mapping will yield a better timing.
Related violations: <none>

SYNTH-5#6 Warning
Mapped onto distributed RAM because of timing constraints  
The instance u_tlp_layer/vc_buffer_inst/last_mem_reg_2048_2303_0_0 is implemented as distributed LUT RAM for the following reason: The timing constraints suggest that the chosen mapping will yield a better timing.
Related violations: <none>

SYNTH-5#7 Warning
Mapped onto distributed RAM because of timing constraints  
The instance u_tlp_layer/vc_buffer_inst/last_mem_reg_2304_2559_0_0 is implemented as distributed LUT RAM for the following reason: The timing constraints suggest that the chosen mapping will yield a better timing.
Related violations: <none>

SYNTH-5#8 Warning
Mapped onto distributed RAM because of timing constraints  
The instance u_tlp_layer/vc_buffer_inst/last_mem_reg_2560_2815_0_0 is implemented as distributed LUT RAM for the following reason: The timing constraints suggest that the chosen mapping will yield a better timing.
Related violations: <none>

SYNTH-5#9 Warning
Mapped onto distributed RAM because of timing constraints  
The instance u_tlp_layer/vc_buffer_inst/last_mem_reg_256_511_0_0 is implemented as distributed LUT RAM for the following reason: The timing constraints suggest that the chosen mapping will yield a better timing.
Related violations: <none>

SYNTH-5#10 Warning
Mapped onto distributed RAM because of timing constraints  
The instance u_tlp_layer/vc_buffer_inst/last_mem_reg_2816_3071_0_0 is implemented as distributed LUT RAM for the following reason: The timing constraints suggest that the chosen mapping will yield a better timing.
Related violations: <none>

SYNTH-5#11 Warning
Mapped onto distributed RAM because of timing constraints  
The instance u_tlp_layer/vc_buffer_inst/last_mem_reg_3072_3327_0_0 is implemented as distributed LUT RAM for the following reason: The timing constraints suggest that the chosen mapping will yield a better timing.
Related violations: <none>

SYNTH-5#12 Warning
Mapped onto distributed RAM because of timing constraints  
The instance u_tlp_layer/vc_buffer_inst/last_mem_reg_3328_3583_0_0 is implemented as distributed LUT RAM for the following reason: The timing constraints suggest that the chosen mapping will yield a better timing.
Related violations: <none>

SYNTH-5#13 Warning
Mapped onto distributed RAM because of timing constraints  
The instance u_tlp_layer/vc_buffer_inst/last_mem_reg_3584_3839_0_0 is implemented as distributed LUT RAM for the following reason: The timing constraints suggest that the chosen mapping will yield a better timing.
Related violations: <none>

SYNTH-5#14 Warning
Mapped onto distributed RAM because of timing constraints  
The instance u_tlp_layer/vc_buffer_inst/last_mem_reg_3840_4095_0_0 is implemented as distributed LUT RAM for the following reason: The timing constraints suggest that the chosen mapping will yield a better timing.
Related violations: <none>

SYNTH-5#15 Warning
Mapped onto distributed RAM because of timing constraints  
The instance u_tlp_layer/vc_buffer_inst/last_mem_reg_512_767_0_0 is implemented as distributed LUT RAM for the following reason: The timing constraints suggest that the chosen mapping will yield a better timing.
Related violations: <none>

SYNTH-5#16 Warning
Mapped onto distributed RAM because of timing constraints  
The instance u_tlp_layer/vc_buffer_inst/last_mem_reg_768_1023_0_0 is implemented as distributed LUT RAM for the following reason: The timing constraints suggest that the chosen mapping will yield a better timing.
Related violations: <none>

TIMING-18#1 Warning
Missing input or output delay  
An input delay is missing on fc_initialized_i relative to the rising and/or falling clock edge(s) of clk_placeholder.
Related violations: <none>

TIMING-18#2 Warning
Missing input or output delay  
An input delay is missing on fc_npd_i[0] relative to the rising and/or falling clock edge(s) of clk_placeholder.
Related violations: <none>

TIMING-18#3 Warning
Missing input or output delay  
An input delay is missing on fc_npd_i[10] relative to the rising and/or falling clock edge(s) of clk_placeholder.
Related violations: <none>

TIMING-18#4 Warning
Missing input or output delay  
An input delay is missing on fc_npd_i[11] relative to the rising and/or falling clock edge(s) of clk_placeholder.
Related violations: <none>

TIMING-18#5 Warning
Missing input or output delay  
An input delay is missing on fc_npd_i[1] relative to the rising and/or falling clock edge(s) of clk_placeholder.
Related violations: <none>

TIMING-18#6 Warning
Missing input or output delay  
An input delay is missing on fc_npd_i[2] relative to the rising and/or falling clock edge(s) of clk_placeholder.
Related violations: <none>

TIMING-18#7 Warning
Missing input or output delay  
An input delay is missing on fc_npd_i[3] relative to the rising and/or falling clock edge(s) of clk_placeholder.
Related violations: <none>

TIMING-18#8 Warning
Missing input or output delay  
An input delay is missing on fc_npd_i[4] relative to the rising and/or falling clock edge(s) of clk_placeholder.
Related violations: <none>

TIMING-18#9 Warning
Missing input or output delay  
An input delay is missing on fc_npd_i[5] relative to the rising and/or falling clock edge(s) of clk_placeholder.
Related violations: <none>

TIMING-18#10 Warning
Missing input or output delay  
An input delay is missing on fc_npd_i[6] relative to the rising and/or falling clock edge(s) of clk_placeholder.
Related violations: <none>

TIMING-18#11 Warning
Missing input or output delay  
An input delay is missing on fc_npd_i[7] relative to the rising and/or falling clock edge(s) of clk_placeholder.
Related violations: <none>

TIMING-18#12 Warning
Missing input or output delay  
An input delay is missing on fc_npd_i[8] relative to the rising and/or falling clock edge(s) of clk_placeholder.
Related violations: <none>

TIMING-18#13 Warning
Missing input or output delay  
An input delay is missing on fc_npd_i[9] relative to the rising and/or falling clock edge(s) of clk_placeholder.
Related violations: <none>

TIMING-18#14 Warning
Missing input or output delay  
An input delay is missing on fc_nph_i[0] relative to the rising and/or falling clock edge(s) of clk_placeholder.
Related violations: <none>

TIMING-18#15 Warning
Missing input or output delay  
An input delay is missing on fc_nph_i[1] relative to the rising and/or falling clock edge(s) of clk_placeholder.
Related violations: <none>

TIMING-18#16 Warning
Missing input or output delay  
An input delay is missing on fc_nph_i[2] relative to the rising and/or falling clock edge(s) of clk_placeholder.
Related violations: <none>

TIMING-18#17 Warning
Missing input or output delay  
An input delay is missing on fc_nph_i[3] relative to the rising and/or falling clock edge(s) of clk_placeholder.
Related violations: <none>

TIMING-18#18 Warning
Missing input or output delay  
An input delay is missing on fc_nph_i[4] relative to the rising and/or falling clock edge(s) of clk_placeholder.
Related violations: <none>

TIMING-18#19 Warning
Missing input or output delay  
An input delay is missing on fc_nph_i[5] relative to the rising and/or falling clock edge(s) of clk_placeholder.
Related violations: <none>

TIMING-18#20 Warning
Missing input or output delay  
An input delay is missing on fc_nph_i[6] relative to the rising and/or falling clock edge(s) of clk_placeholder.
Related violations: <none>

TIMING-18#21 Warning
Missing input or output delay  
An input delay is missing on fc_nph_i[7] relative to the rising and/or falling clock edge(s) of clk_placeholder.
Related violations: <none>

TIMING-18#22 Warning
Missing input or output delay  
An input delay is missing on fc_pd_i[0] relative to the rising and/or falling clock edge(s) of clk_placeholder.
Related violations: <none>

TIMING-18#23 Warning
Missing input or output delay  
An input delay is missing on fc_pd_i[10] relative to the rising and/or falling clock edge(s) of clk_placeholder.
Related violations: <none>

TIMING-18#24 Warning
Missing input or output delay  
An input delay is missing on fc_pd_i[11] relative to the rising and/or falling clock edge(s) of clk_placeholder.
Related violations: <none>

TIMING-18#25 Warning
Missing input or output delay  
An input delay is missing on fc_pd_i[1] relative to the rising and/or falling clock edge(s) of clk_placeholder.
Related violations: <none>

TIMING-18#26 Warning
Missing input or output delay  
An input delay is missing on fc_pd_i[2] relative to the rising and/or falling clock edge(s) of clk_placeholder.
Related violations: <none>

TIMING-18#27 Warning
Missing input or output delay  
An input delay is missing on fc_pd_i[3] relative to the rising and/or falling clock edge(s) of clk_placeholder.
Related violations: <none>

TIMING-18#28 Warning
Missing input or output delay  
An input delay is missing on fc_pd_i[4] relative to the rising and/or falling clock edge(s) of clk_placeholder.
Related violations: <none>

TIMING-18#29 Warning
Missing input or output delay  
An input delay is missing on fc_pd_i[5] relative to the rising and/or falling clock edge(s) of clk_placeholder.
Related violations: <none>

TIMING-18#30 Warning
Missing input or output delay  
An input delay is missing on fc_pd_i[6] relative to the rising and/or falling clock edge(s) of clk_placeholder.
Related violations: <none>

TIMING-18#31 Warning
Missing input or output delay  
An input delay is missing on fc_pd_i[7] relative to the rising and/or falling clock edge(s) of clk_placeholder.
Related violations: <none>

TIMING-18#32 Warning
Missing input or output delay  
An input delay is missing on fc_pd_i[8] relative to the rising and/or falling clock edge(s) of clk_placeholder.
Related violations: <none>

TIMING-18#33 Warning
Missing input or output delay  
An input delay is missing on fc_pd_i[9] relative to the rising and/or falling clock edge(s) of clk_placeholder.
Related violations: <none>

TIMING-18#34 Warning
Missing input or output delay  
An input delay is missing on fc_ph_i[0] relative to the rising and/or falling clock edge(s) of clk_placeholder.
Related violations: <none>

TIMING-18#35 Warning
Missing input or output delay  
An input delay is missing on fc_ph_i[1] relative to the rising and/or falling clock edge(s) of clk_placeholder.
Related violations: <none>

TIMING-18#36 Warning
Missing input or output delay  
An input delay is missing on fc_ph_i[2] relative to the rising and/or falling clock edge(s) of clk_placeholder.
Related violations: <none>

TIMING-18#37 Warning
Missing input or output delay  
An input delay is missing on fc_ph_i[3] relative to the rising and/or falling clock edge(s) of clk_placeholder.
Related violations: <none>

TIMING-18#38 Warning
Missing input or output delay  
An input delay is missing on fc_ph_i[4] relative to the rising and/or falling clock edge(s) of clk_placeholder.
Related violations: <none>

TIMING-18#39 Warning
Missing input or output delay  
An input delay is missing on fc_ph_i[5] relative to the rising and/or falling clock edge(s) of clk_placeholder.
Related violations: <none>

TIMING-18#40 Warning
Missing input or output delay  
An input delay is missing on fc_ph_i[6] relative to the rising and/or falling clock edge(s) of clk_placeholder.
Related violations: <none>

TIMING-18#41 Warning
Missing input or output delay  
An input delay is missing on fc_ph_i[7] relative to the rising and/or falling clock edge(s) of clk_placeholder.
Related violations: <none>

TIMING-18#42 Warning
Missing input or output delay  
An input delay is missing on fc_update_valid_i relative to the rising and/or falling clock edge(s) of clk_placeholder.
Related violations: <none>

TIMING-18#43 Warning
Missing input or output delay  
An input delay is missing on link_up_i relative to the rising and/or falling clock edge(s) of clk_placeholder.
Related violations: <none>

TIMING-18#44 Warning
Missing input or output delay  
An input delay is missing on m_axis_rc_tready relative to the rising and/or falling clock edge(s) of clk_placeholder.
Related violations: <none>

TIMING-18#45 Warning
Missing input or output delay  
An input delay is missing on m_dllp_axis_tready relative to the rising and/or falling clock edge(s) of clk_placeholder.
Related violations: <none>

TIMING-18#46 Warning
Missing input or output delay  
An input delay is missing on max_payload_bytes_i[0] relative to the rising and/or falling clock edge(s) of clk_placeholder.
Related violations: <none>

TIMING-18#47 Warning
Missing input or output delay  
An input delay is missing on max_payload_bytes_i[10] relative to the rising and/or falling clock edge(s) of clk_placeholder.
Related violations: <none>

TIMING-18#48 Warning
Missing input or output delay  
An input delay is missing on max_payload_bytes_i[11] relative to the rising and/or falling clock edge(s) of clk_placeholder.
Related violations: <none>

TIMING-18#49 Warning
Missing input or output delay  
An input delay is missing on max_payload_bytes_i[12] relative to the rising and/or falling clock edge(s) of clk_placeholder.
Related violations: <none>

TIMING-18#50 Warning
Missing input or output delay  
An input delay is missing on max_payload_bytes_i[1] relative to the rising and/or falling clock edge(s) of clk_placeholder.
Related violations: <none>

TIMING-18#51 Warning
Missing input or output delay  
An input delay is missing on max_payload_bytes_i[2] relative to the rising and/or falling clock edge(s) of clk_placeholder.
Related violations: <none>

TIMING-18#52 Warning
Missing input or output delay  
An input delay is missing on max_payload_bytes_i[3] relative to the rising and/or falling clock edge(s) of clk_placeholder.
Related violations: <none>

TIMING-18#53 Warning
Missing input or output delay  
An input delay is missing on max_payload_bytes_i[4] relative to the rising and/or falling clock edge(s) of clk_placeholder.
Related violations: <none>

TIMING-18#54 Warning
Missing input or output delay  
An input delay is missing on max_payload_bytes_i[5] relative to the rising and/or falling clock edge(s) of clk_placeholder.
Related violations: <none>

TIMING-18#55 Warning
Missing input or output delay  
An input delay is missing on max_payload_bytes_i[6] relative to the rising and/or falling clock edge(s) of clk_placeholder.
Related violations: <none>

TIMING-18#56 Warning
Missing input or output delay  
An input delay is missing on max_payload_bytes_i[7] relative to the rising and/or falling clock edge(s) of clk_placeholder.
Related violations: <none>

TIMING-18#57 Warning
Missing input or output delay  
An input delay is missing on max_payload_bytes_i[8] relative to the rising and/or falling clock edge(s) of clk_placeholder.
Related violations: <none>

TIMING-18#58 Warning
Missing input or output delay  
An input delay is missing on max_payload_bytes_i[9] relative to the rising and/or falling clock edge(s) of clk_placeholder.
Related violations: <none>

TIMING-18#59 Warning
Missing input or output delay  
An input delay is missing on max_read_bytes_i[0] relative to the rising and/or falling clock edge(s) of clk_placeholder.
Related violations: <none>

TIMING-18#60 Warning
Missing input or output delay  
An input delay is missing on max_read_bytes_i[10] relative to the rising and/or falling clock edge(s) of clk_placeholder.
Related violations: <none>

TIMING-18#61 Warning
Missing input or output delay  
An input delay is missing on max_read_bytes_i[11] relative to the rising and/or falling clock edge(s) of clk_placeholder.
Related violations: <none>

TIMING-18#62 Warning
Missing input or output delay  
An input delay is missing on max_read_bytes_i[12] relative to the rising and/or falling clock edge(s) of clk_placeholder.
Related violations: <none>

TIMING-18#63 Warning
Missing input or output delay  
An input delay is missing on max_read_bytes_i[1] relative to the rising and/or falling clock edge(s) of clk_placeholder.
Related violations: <none>

TIMING-18#64 Warning
Missing input or output delay  
An input delay is missing on max_read_bytes_i[2] relative to the rising and/or falling clock edge(s) of clk_placeholder.
Related violations: <none>

TIMING-18#65 Warning
Missing input or output delay  
An input delay is missing on max_read_bytes_i[3] relative to the rising and/or falling clock edge(s) of clk_placeholder.
Related violations: <none>

TIMING-18#66 Warning
Missing input or output delay  
An input delay is missing on max_read_bytes_i[4] relative to the rising and/or falling clock edge(s) of clk_placeholder.
Related violations: <none>

TIMING-18#67 Warning
Missing input or output delay  
An input delay is missing on max_read_bytes_i[5] relative to the rising and/or falling clock edge(s) of clk_placeholder.
Related violations: <none>

TIMING-18#68 Warning
Missing input or output delay  
An input delay is missing on max_read_bytes_i[6] relative to the rising and/or falling clock edge(s) of clk_placeholder.
Related violations: <none>

TIMING-18#69 Warning
Missing input or output delay  
An input delay is missing on max_read_bytes_i[7] relative to the rising and/or falling clock edge(s) of clk_placeholder.
Related violations: <none>

TIMING-18#70 Warning
Missing input or output delay  
An input delay is missing on max_read_bytes_i[8] relative to the rising and/or falling clock edge(s) of clk_placeholder.
Related violations: <none>

TIMING-18#71 Warning
Missing input or output delay  
An input delay is missing on max_read_bytes_i[9] relative to the rising and/or falling clock edge(s) of clk_placeholder.
Related violations: <none>

TIMING-18#72 Warning
Missing input or output delay  
An input delay is missing on requester_id_i[0] relative to the rising and/or falling clock edge(s) of clk_placeholder.
Related violations: <none>

TIMING-18#73 Warning
Missing input or output delay  
An input delay is missing on requester_id_i[10] relative to the rising and/or falling clock edge(s) of clk_placeholder.
Related violations: <none>

TIMING-18#74 Warning
Missing input or output delay  
An input delay is missing on requester_id_i[11] relative to the rising and/or falling clock edge(s) of clk_placeholder.
Related violations: <none>

TIMING-18#75 Warning
Missing input or output delay  
An input delay is missing on requester_id_i[12] relative to the rising and/or falling clock edge(s) of clk_placeholder.
Related violations: <none>

TIMING-18#76 Warning
Missing input or output delay  
An input delay is missing on requester_id_i[13] relative to the rising and/or falling clock edge(s) of clk_placeholder.
Related violations: <none>

TIMING-18#77 Warning
Missing input or output delay  
An input delay is missing on requester_id_i[14] relative to the rising and/or falling clock edge(s) of clk_placeholder.
Related violations: <none>

TIMING-18#78 Warning
Missing input or output delay  
An input delay is missing on requester_id_i[15] relative to the rising and/or falling clock edge(s) of clk_placeholder.
Related violations: <none>

TIMING-18#79 Warning
Missing input or output delay  
An input delay is missing on requester_id_i[1] relative to the rising and/or falling clock edge(s) of clk_placeholder.
Related violations: <none>

TIMING-18#80 Warning
Missing input or output delay  
An input delay is missing on requester_id_i[2] relative to the rising and/or falling clock edge(s) of clk_placeholder.
Related violations: <none>

TIMING-18#81 Warning
Missing input or output delay  
An input delay is missing on requester_id_i[3] relative to the rising and/or falling clock edge(s) of clk_placeholder.
Related violations: <none>

TIMING-18#82 Warning
Missing input or output delay  
An input delay is missing on requester_id_i[4] relative to the rising and/or falling clock edge(s) of clk_placeholder.
Related violations: <none>

TIMING-18#83 Warning
Missing input or output delay  
An input delay is missing on requester_id_i[5] relative to the rising and/or falling clock edge(s) of clk_placeholder.
Related violations: <none>

TIMING-18#84 Warning
Missing input or output delay  
An input delay is missing on requester_id_i[6] relative to the rising and/or falling clock edge(s) of clk_placeholder.
Related violations: <none>

TIMING-18#85 Warning
Missing input or output delay  
An input delay is missing on requester_id_i[7] relative to the rising and/or falling clock edge(s) of clk_placeholder.
Related violations: <none>

TIMING-18#86 Warning
Missing input or output delay  
An input delay is missing on requester_id_i[8] relative to the rising and/or falling clock edge(s) of clk_placeholder.
Related violations: <none>

TIMING-18#87 Warning
Missing input or output delay  
An input delay is missing on requester_id_i[9] relative to the rising and/or falling clock edge(s) of clk_placeholder.
Related violations: <none>

TIMING-18#88 Warning
Missing input or output delay  
An input delay is missing on rst_i relative to the rising and/or falling clock edge(s) of clk_placeholder.
Related violations: <none>

TIMING-18#89 Warning
Missing input or output delay  
An input delay is missing on s_axis_rq_tdata[0] relative to the rising and/or falling clock edge(s) of clk_placeholder.
Related violations: <none>

TIMING-18#90 Warning
Missing input or output delay  
An input delay is missing on s_axis_rq_tdata[100] relative to the rising and/or falling clock edge(s) of clk_placeholder.
Related violations: <none>

TIMING-18#91 Warning
Missing input or output delay  
An input delay is missing on s_axis_rq_tdata[101] relative to the rising and/or falling clock edge(s) of clk_placeholder.
Related violations: <none>

TIMING-18#92 Warning
Missing input or output delay  
An input delay is missing on s_axis_rq_tdata[102] relative to the rising and/or falling clock edge(s) of clk_placeholder.
Related violations: <none>

TIMING-18#93 Warning
Missing input or output delay  
An input delay is missing on s_axis_rq_tdata[103] relative to the rising and/or falling clock edge(s) of clk_placeholder.
Related violations: <none>

TIMING-18#94 Warning
Missing input or output delay  
An input delay is missing on s_axis_rq_tdata[104] relative to the rising and/or falling clock edge(s) of clk_placeholder.
Related violations: <none>

TIMING-18#95 Warning
Missing input or output delay  
An input delay is missing on s_axis_rq_tdata[105] relative to the rising and/or falling clock edge(s) of clk_placeholder.
Related violations: <none>

TIMING-18#96 Warning
Missing input or output delay  
An input delay is missing on s_axis_rq_tdata[106] relative to the rising and/or falling clock edge(s) of clk_placeholder.
Related violations: <none>

TIMING-18#97 Warning
Missing input or output delay  
An input delay is missing on s_axis_rq_tdata[107] relative to the rising and/or falling clock edge(s) of clk_placeholder.
Related violations: <none>

TIMING-18#98 Warning
Missing input or output delay  
An input delay is missing on s_axis_rq_tdata[108] relative to the rising and/or falling clock edge(s) of clk_placeholder.
Related violations: <none>

TIMING-18#99 Warning
Missing input or output delay  
An input delay is missing on s_axis_rq_tdata[109] relative to the rising and/or falling clock edge(s) of clk_placeholder.
Related violations: <none>

TIMING-18#100 Warning
Missing input or output delay  
An input delay is missing on s_axis_rq_tdata[10] relative to the rising and/or falling clock edge(s) of clk_placeholder.
Related violations: <none>

TIMING-18#101 Warning
Missing input or output delay  
An input delay is missing on s_axis_rq_tdata[110] relative to the rising and/or falling clock edge(s) of clk_placeholder.
Related violations: <none>

TIMING-18#102 Warning
Missing input or output delay  
An input delay is missing on s_axis_rq_tdata[111] relative to the rising and/or falling clock edge(s) of clk_placeholder.
Related violations: <none>

TIMING-18#103 Warning
Missing input or output delay  
An input delay is missing on s_axis_rq_tdata[112] relative to the rising and/or falling clock edge(s) of clk_placeholder.
Related violations: <none>

TIMING-18#104 Warning
Missing input or output delay  
An input delay is missing on s_axis_rq_tdata[113] relative to the rising and/or falling clock edge(s) of clk_placeholder.
Related violations: <none>

TIMING-18#105 Warning
Missing input or output delay  
An input delay is missing on s_axis_rq_tdata[114] relative to the rising and/or falling clock edge(s) of clk_placeholder.
Related violations: <none>

TIMING-18#106 Warning
Missing input or output delay  
An input delay is missing on s_axis_rq_tdata[115] relative to the rising and/or falling clock edge(s) of clk_placeholder.
Related violations: <none>

TIMING-18#107 Warning
Missing input or output delay  
An input delay is missing on s_axis_rq_tdata[116] relative to the rising and/or falling clock edge(s) of clk_placeholder.
Related violations: <none>

TIMING-18#108 Warning
Missing input or output delay  
An input delay is missing on s_axis_rq_tdata[117] relative to the rising and/or falling clock edge(s) of clk_placeholder.
Related violations: <none>

TIMING-18#109 Warning
Missing input or output delay  
An input delay is missing on s_axis_rq_tdata[118] relative to the rising and/or falling clock edge(s) of clk_placeholder.
Related violations: <none>

TIMING-18#110 Warning
Missing input or output delay  
An input delay is missing on s_axis_rq_tdata[119] relative to the rising and/or falling clock edge(s) of clk_placeholder.
Related violations: <none>

TIMING-18#111 Warning
Missing input or output delay  
An input delay is missing on s_axis_rq_tdata[11] relative to the rising and/or falling clock edge(s) of clk_placeholder.
Related violations: <none>

TIMING-18#112 Warning
Missing input or output delay  
An input delay is missing on s_axis_rq_tdata[120] relative to the rising and/or falling clock edge(s) of clk_placeholder.
Related violations: <none>

TIMING-18#113 Warning
Missing input or output delay  
An input delay is missing on s_axis_rq_tdata[121] relative to the rising and/or falling clock edge(s) of clk_placeholder.
Related violations: <none>

TIMING-18#114 Warning
Missing input or output delay  
An input delay is missing on s_axis_rq_tdata[122] relative to the rising and/or falling clock edge(s) of clk_placeholder.
Related violations: <none>

TIMING-18#115 Warning
Missing input or output delay  
An input delay is missing on s_axis_rq_tdata[123] relative to the rising and/or falling clock edge(s) of clk_placeholder.
Related violations: <none>

TIMING-18#116 Warning
Missing input or output delay  
An input delay is missing on s_axis_rq_tdata[124] relative to the rising and/or falling clock edge(s) of clk_placeholder.
Related violations: <none>

TIMING-18#117 Warning
Missing input or output delay  
An input delay is missing on s_axis_rq_tdata[125] relative to the rising and/or falling clock edge(s) of clk_placeholder.
Related violations: <none>

TIMING-18#118 Warning
Missing input or output delay  
An input delay is missing on s_axis_rq_tdata[126] relative to the rising and/or falling clock edge(s) of clk_placeholder.
Related violations: <none>

TIMING-18#119 Warning
Missing input or output delay  
An input delay is missing on s_axis_rq_tdata[127] relative to the rising and/or falling clock edge(s) of clk_placeholder.
Related violations: <none>

TIMING-18#120 Warning
Missing input or output delay  
An input delay is missing on s_axis_rq_tdata[12] relative to the rising and/or falling clock edge(s) of clk_placeholder.
Related violations: <none>

TIMING-18#121 Warning
Missing input or output delay  
An input delay is missing on s_axis_rq_tdata[13] relative to the rising and/or falling clock edge(s) of clk_placeholder.
Related violations: <none>

TIMING-18#122 Warning
Missing input or output delay  
An input delay is missing on s_axis_rq_tdata[14] relative to the rising and/or falling clock edge(s) of clk_placeholder.
Related violations: <none>

TIMING-18#123 Warning
Missing input or output delay  
An input delay is missing on s_axis_rq_tdata[15] relative to the rising and/or falling clock edge(s) of clk_placeholder.
Related violations: <none>

TIMING-18#124 Warning
Missing input or output delay  
An input delay is missing on s_axis_rq_tdata[16] relative to the rising and/or falling clock edge(s) of clk_placeholder.
Related violations: <none>

TIMING-18#125 Warning
Missing input or output delay  
An input delay is missing on s_axis_rq_tdata[17] relative to the rising and/or falling clock edge(s) of clk_placeholder.
Related violations: <none>

TIMING-18#126 Warning
Missing input or output delay  
An input delay is missing on s_axis_rq_tdata[18] relative to the rising and/or falling clock edge(s) of clk_placeholder.
Related violations: <none>

TIMING-18#127 Warning
Missing input or output delay  
An input delay is missing on s_axis_rq_tdata[19] relative to the rising and/or falling clock edge(s) of clk_placeholder.
Related violations: <none>

TIMING-18#128 Warning
Missing input or output delay  
An input delay is missing on s_axis_rq_tdata[1] relative to the rising and/or falling clock edge(s) of clk_placeholder.
Related violations: <none>

TIMING-18#129 Warning
Missing input or output delay  
An input delay is missing on s_axis_rq_tdata[20] relative to the rising and/or falling clock edge(s) of clk_placeholder.
Related violations: <none>

TIMING-18#130 Warning
Missing input or output delay  
An input delay is missing on s_axis_rq_tdata[21] relative to the rising and/or falling clock edge(s) of clk_placeholder.
Related violations: <none>

TIMING-18#131 Warning
Missing input or output delay  
An input delay is missing on s_axis_rq_tdata[22] relative to the rising and/or falling clock edge(s) of clk_placeholder.
Related violations: <none>

TIMING-18#132 Warning
Missing input or output delay  
An input delay is missing on s_axis_rq_tdata[23] relative to the rising and/or falling clock edge(s) of clk_placeholder.
Related violations: <none>

TIMING-18#133 Warning
Missing input or output delay  
An input delay is missing on s_axis_rq_tdata[24] relative to the rising and/or falling clock edge(s) of clk_placeholder.
Related violations: <none>

TIMING-18#134 Warning
Missing input or output delay  
An input delay is missing on s_axis_rq_tdata[25] relative to the rising and/or falling clock edge(s) of clk_placeholder.
Related violations: <none>

TIMING-18#135 Warning
Missing input or output delay  
An input delay is missing on s_axis_rq_tdata[26] relative to the rising and/or falling clock edge(s) of clk_placeholder.
Related violations: <none>

TIMING-18#136 Warning
Missing input or output delay  
An input delay is missing on s_axis_rq_tdata[27] relative to the rising and/or falling clock edge(s) of clk_placeholder.
Related violations: <none>

TIMING-18#137 Warning
Missing input or output delay  
An input delay is missing on s_axis_rq_tdata[28] relative to the rising and/or falling clock edge(s) of clk_placeholder.
Related violations: <none>

TIMING-18#138 Warning
Missing input or output delay  
An input delay is missing on s_axis_rq_tdata[29] relative to the rising and/or falling clock edge(s) of clk_placeholder.
Related violations: <none>

TIMING-18#139 Warning
Missing input or output delay  
An input delay is missing on s_axis_rq_tdata[2] relative to the rising and/or falling clock edge(s) of clk_placeholder.
Related violations: <none>

TIMING-18#140 Warning
Missing input or output delay  
An input delay is missing on s_axis_rq_tdata[30] relative to the rising and/or falling clock edge(s) of clk_placeholder.
Related violations: <none>

TIMING-18#141 Warning
Missing input or output delay  
An input delay is missing on s_axis_rq_tdata[31] relative to the rising and/or falling clock edge(s) of clk_placeholder.
Related violations: <none>

TIMING-18#142 Warning
Missing input or output delay  
An input delay is missing on s_axis_rq_tdata[32] relative to the rising and/or falling clock edge(s) of clk_placeholder.
Related violations: <none>

TIMING-18#143 Warning
Missing input or output delay  
An input delay is missing on s_axis_rq_tdata[33] relative to the rising and/or falling clock edge(s) of clk_placeholder.
Related violations: <none>

TIMING-18#144 Warning
Missing input or output delay  
An input delay is missing on s_axis_rq_tdata[34] relative to the rising and/or falling clock edge(s) of clk_placeholder.
Related violations: <none>

TIMING-18#145 Warning
Missing input or output delay  
An input delay is missing on s_axis_rq_tdata[35] relative to the rising and/or falling clock edge(s) of clk_placeholder.
Related violations: <none>

TIMING-18#146 Warning
Missing input or output delay  
An input delay is missing on s_axis_rq_tdata[36] relative to the rising and/or falling clock edge(s) of clk_placeholder.
Related violations: <none>

TIMING-18#147 Warning
Missing input or output delay  
An input delay is missing on s_axis_rq_tdata[37] relative to the rising and/or falling clock edge(s) of clk_placeholder.
Related violations: <none>

TIMING-18#148 Warning
Missing input or output delay  
An input delay is missing on s_axis_rq_tdata[38] relative to the rising and/or falling clock edge(s) of clk_placeholder.
Related violations: <none>

TIMING-18#149 Warning
Missing input or output delay  
An input delay is missing on s_axis_rq_tdata[39] relative to the rising and/or falling clock edge(s) of clk_placeholder.
Related violations: <none>

TIMING-18#150 Warning
Missing input or output delay  
An input delay is missing on s_axis_rq_tdata[3] relative to the rising and/or falling clock edge(s) of clk_placeholder.
Related violations: <none>

TIMING-18#151 Warning
Missing input or output delay  
An input delay is missing on s_axis_rq_tdata[40] relative to the rising and/or falling clock edge(s) of clk_placeholder.
Related violations: <none>

TIMING-18#152 Warning
Missing input or output delay  
An input delay is missing on s_axis_rq_tdata[41] relative to the rising and/or falling clock edge(s) of clk_placeholder.
Related violations: <none>

TIMING-18#153 Warning
Missing input or output delay  
An input delay is missing on s_axis_rq_tdata[42] relative to the rising and/or falling clock edge(s) of clk_placeholder.
Related violations: <none>

TIMING-18#154 Warning
Missing input or output delay  
An input delay is missing on s_axis_rq_tdata[43] relative to the rising and/or falling clock edge(s) of clk_placeholder.
Related violations: <none>

TIMING-18#155 Warning
Missing input or output delay  
An input delay is missing on s_axis_rq_tdata[44] relative to the rising and/or falling clock edge(s) of clk_placeholder.
Related violations: <none>

TIMING-18#156 Warning
Missing input or output delay  
An input delay is missing on s_axis_rq_tdata[45] relative to the rising and/or falling clock edge(s) of clk_placeholder.
Related violations: <none>

TIMING-18#157 Warning
Missing input or output delay  
An input delay is missing on s_axis_rq_tdata[46] relative to the rising and/or falling clock edge(s) of clk_placeholder.
Related violations: <none>

TIMING-18#158 Warning
Missing input or output delay  
An input delay is missing on s_axis_rq_tdata[47] relative to the rising and/or falling clock edge(s) of clk_placeholder.
Related violations: <none>

TIMING-18#159 Warning
Missing input or output delay  
An input delay is missing on s_axis_rq_tdata[48] relative to the rising and/or falling clock edge(s) of clk_placeholder.
Related violations: <none>

TIMING-18#160 Warning
Missing input or output delay  
An input delay is missing on s_axis_rq_tdata[49] relative to the rising and/or falling clock edge(s) of clk_placeholder.
Related violations: <none>

TIMING-18#161 Warning
Missing input or output delay  
An input delay is missing on s_axis_rq_tdata[4] relative to the rising and/or falling clock edge(s) of clk_placeholder.
Related violations: <none>

TIMING-18#162 Warning
Missing input or output delay  
An input delay is missing on s_axis_rq_tdata[50] relative to the rising and/or falling clock edge(s) of clk_placeholder.
Related violations: <none>

TIMING-18#163 Warning
Missing input or output delay  
An input delay is missing on s_axis_rq_tdata[51] relative to the rising and/or falling clock edge(s) of clk_placeholder.
Related violations: <none>

TIMING-18#164 Warning
Missing input or output delay  
An input delay is missing on s_axis_rq_tdata[52] relative to the rising and/or falling clock edge(s) of clk_placeholder.
Related violations: <none>

TIMING-18#165 Warning
Missing input or output delay  
An input delay is missing on s_axis_rq_tdata[53] relative to the rising and/or falling clock edge(s) of clk_placeholder.
Related violations: <none>

TIMING-18#166 Warning
Missing input or output delay  
An input delay is missing on s_axis_rq_tdata[54] relative to the rising and/or falling clock edge(s) of clk_placeholder.
Related violations: <none>

TIMING-18#167 Warning
Missing input or output delay  
An input delay is missing on s_axis_rq_tdata[55] relative to the rising and/or falling clock edge(s) of clk_placeholder.
Related violations: <none>

TIMING-18#168 Warning
Missing input or output delay  
An input delay is missing on s_axis_rq_tdata[56] relative to the rising and/or falling clock edge(s) of clk_placeholder.
Related violations: <none>

TIMING-18#169 Warning
Missing input or output delay  
An input delay is missing on s_axis_rq_tdata[57] relative to the rising and/or falling clock edge(s) of clk_placeholder.
Related violations: <none>

TIMING-18#170 Warning
Missing input or output delay  
An input delay is missing on s_axis_rq_tdata[58] relative to the rising and/or falling clock edge(s) of clk_placeholder.
Related violations: <none>

TIMING-18#171 Warning
Missing input or output delay  
An input delay is missing on s_axis_rq_tdata[59] relative to the rising and/or falling clock edge(s) of clk_placeholder.
Related violations: <none>

TIMING-18#172 Warning
Missing input or output delay  
An input delay is missing on s_axis_rq_tdata[5] relative to the rising and/or falling clock edge(s) of clk_placeholder.
Related violations: <none>

TIMING-18#173 Warning
Missing input or output delay  
An input delay is missing on s_axis_rq_tdata[60] relative to the rising and/or falling clock edge(s) of clk_placeholder.
Related violations: <none>

TIMING-18#174 Warning
Missing input or output delay  
An input delay is missing on s_axis_rq_tdata[61] relative to the rising and/or falling clock edge(s) of clk_placeholder.
Related violations: <none>

TIMING-18#175 Warning
Missing input or output delay  
An input delay is missing on s_axis_rq_tdata[62] relative to the rising and/or falling clock edge(s) of clk_placeholder.
Related violations: <none>

TIMING-18#176 Warning
Missing input or output delay  
An input delay is missing on s_axis_rq_tdata[63] relative to the rising and/or falling clock edge(s) of clk_placeholder.
Related violations: <none>

TIMING-18#177 Warning
Missing input or output delay  
An input delay is missing on s_axis_rq_tdata[64] relative to the rising and/or falling clock edge(s) of clk_placeholder.
Related violations: <none>

TIMING-18#178 Warning
Missing input or output delay  
An input delay is missing on s_axis_rq_tdata[65] relative to the rising and/or falling clock edge(s) of clk_placeholder.
Related violations: <none>

TIMING-18#179 Warning
Missing input or output delay  
An input delay is missing on s_axis_rq_tdata[66] relative to the rising and/or falling clock edge(s) of clk_placeholder.
Related violations: <none>

TIMING-18#180 Warning
Missing input or output delay  
An input delay is missing on s_axis_rq_tdata[67] relative to the rising and/or falling clock edge(s) of clk_placeholder.
Related violations: <none>

TIMING-18#181 Warning
Missing input or output delay  
An input delay is missing on s_axis_rq_tdata[68] relative to the rising and/or falling clock edge(s) of clk_placeholder.
Related violations: <none>

TIMING-18#182 Warning
Missing input or output delay  
An input delay is missing on s_axis_rq_tdata[69] relative to the rising and/or falling clock edge(s) of clk_placeholder.
Related violations: <none>

TIMING-18#183 Warning
Missing input or output delay  
An input delay is missing on s_axis_rq_tdata[6] relative to the rising and/or falling clock edge(s) of clk_placeholder.
Related violations: <none>

TIMING-18#184 Warning
Missing input or output delay  
An input delay is missing on s_axis_rq_tdata[70] relative to the rising and/or falling clock edge(s) of clk_placeholder.
Related violations: <none>

TIMING-18#185 Warning
Missing input or output delay  
An input delay is missing on s_axis_rq_tdata[71] relative to the rising and/or falling clock edge(s) of clk_placeholder.
Related violations: <none>

TIMING-18#186 Warning
Missing input or output delay  
An input delay is missing on s_axis_rq_tdata[72] relative to the rising and/or falling clock edge(s) of clk_placeholder.
Related violations: <none>

TIMING-18#187 Warning
Missing input or output delay  
An input delay is missing on s_axis_rq_tdata[73] relative to the rising and/or falling clock edge(s) of clk_placeholder.
Related violations: <none>

TIMING-18#188 Warning
Missing input or output delay  
An input delay is missing on s_axis_rq_tdata[74] relative to the rising and/or falling clock edge(s) of clk_placeholder.
Related violations: <none>

TIMING-18#189 Warning
Missing input or output delay  
An input delay is missing on s_axis_rq_tdata[75] relative to the rising and/or falling clock edge(s) of clk_placeholder.
Related violations: <none>

TIMING-18#190 Warning
Missing input or output delay  
An input delay is missing on s_axis_rq_tdata[76] relative to the rising and/or falling clock edge(s) of clk_placeholder.
Related violations: <none>

TIMING-18#191 Warning
Missing input or output delay  
An input delay is missing on s_axis_rq_tdata[77] relative to the rising and/or falling clock edge(s) of clk_placeholder.
Related violations: <none>

TIMING-18#192 Warning
Missing input or output delay  
An input delay is missing on s_axis_rq_tdata[78] relative to the rising and/or falling clock edge(s) of clk_placeholder.
Related violations: <none>

TIMING-18#193 Warning
Missing input or output delay  
An input delay is missing on s_axis_rq_tdata[79] relative to the rising and/or falling clock edge(s) of clk_placeholder.
Related violations: <none>

TIMING-18#194 Warning
Missing input or output delay  
An input delay is missing on s_axis_rq_tdata[7] relative to the rising and/or falling clock edge(s) of clk_placeholder.
Related violations: <none>

TIMING-18#195 Warning
Missing input or output delay  
An input delay is missing on s_axis_rq_tdata[80] relative to the rising and/or falling clock edge(s) of clk_placeholder.
Related violations: <none>

TIMING-18#196 Warning
Missing input or output delay  
An input delay is missing on s_axis_rq_tdata[81] relative to the rising and/or falling clock edge(s) of clk_placeholder.
Related violations: <none>

TIMING-18#197 Warning
Missing input or output delay  
An input delay is missing on s_axis_rq_tdata[82] relative to the rising and/or falling clock edge(s) of clk_placeholder.
Related violations: <none>

TIMING-18#198 Warning
Missing input or output delay  
An input delay is missing on s_axis_rq_tdata[83] relative to the rising and/or falling clock edge(s) of clk_placeholder.
Related violations: <none>

TIMING-18#199 Warning
Missing input or output delay  
An input delay is missing on s_axis_rq_tdata[84] relative to the rising and/or falling clock edge(s) of clk_placeholder.
Related violations: <none>

TIMING-18#200 Warning
Missing input or output delay  
An input delay is missing on s_axis_rq_tdata[85] relative to the rising and/or falling clock edge(s) of clk_placeholder.
Related violations: <none>

TIMING-18#201 Warning
Missing input or output delay  
An input delay is missing on s_axis_rq_tdata[86] relative to the rising and/or falling clock edge(s) of clk_placeholder.
Related violations: <none>

TIMING-18#202 Warning
Missing input or output delay  
An input delay is missing on s_axis_rq_tdata[87] relative to the rising and/or falling clock edge(s) of clk_placeholder.
Related violations: <none>

TIMING-18#203 Warning
Missing input or output delay  
An input delay is missing on s_axis_rq_tdata[88] relative to the rising and/or falling clock edge(s) of clk_placeholder.
Related violations: <none>

TIMING-18#204 Warning
Missing input or output delay  
An input delay is missing on s_axis_rq_tdata[89] relative to the rising and/or falling clock edge(s) of clk_placeholder.
Related violations: <none>

TIMING-18#205 Warning
Missing input or output delay  
An input delay is missing on s_axis_rq_tdata[8] relative to the rising and/or falling clock edge(s) of clk_placeholder.
Related violations: <none>

TIMING-18#206 Warning
Missing input or output delay  
An input delay is missing on s_axis_rq_tdata[90] relative to the rising and/or falling clock edge(s) of clk_placeholder.
Related violations: <none>

TIMING-18#207 Warning
Missing input or output delay  
An input delay is missing on s_axis_rq_tdata[91] relative to the rising and/or falling clock edge(s) of clk_placeholder.
Related violations: <none>

TIMING-18#208 Warning
Missing input or output delay  
An input delay is missing on s_axis_rq_tdata[92] relative to the rising and/or falling clock edge(s) of clk_placeholder.
Related violations: <none>

TIMING-18#209 Warning
Missing input or output delay  
An input delay is missing on s_axis_rq_tdata[93] relative to the rising and/or falling clock edge(s) of clk_placeholder.
Related violations: <none>

TIMING-18#210 Warning
Missing input or output delay  
An input delay is missing on s_axis_rq_tdata[94] relative to the rising and/or falling clock edge(s) of clk_placeholder.
Related violations: <none>

TIMING-18#211 Warning
Missing input or output delay  
An input delay is missing on s_axis_rq_tdata[95] relative to the rising and/or falling clock edge(s) of clk_placeholder.
Related violations: <none>

TIMING-18#212 Warning
Missing input or output delay  
An input delay is missing on s_axis_rq_tdata[96] relative to the rising and/or falling clock edge(s) of clk_placeholder.
Related violations: <none>

TIMING-18#213 Warning
Missing input or output delay  
An input delay is missing on s_axis_rq_tdata[97] relative to the rising and/or falling clock edge(s) of clk_placeholder.
Related violations: <none>

TIMING-18#214 Warning
Missing input or output delay  
An input delay is missing on s_axis_rq_tdata[98] relative to the rising and/or falling clock edge(s) of clk_placeholder.
Related violations: <none>

TIMING-18#215 Warning
Missing input or output delay  
An input delay is missing on s_axis_rq_tdata[99] relative to the rising and/or falling clock edge(s) of clk_placeholder.
Related violations: <none>

TIMING-18#216 Warning
Missing input or output delay  
An input delay is missing on s_axis_rq_tdata[9] relative to the rising and/or falling clock edge(s) of clk_placeholder.
Related violations: <none>

TIMING-18#217 Warning
Missing input or output delay  
An input delay is missing on s_axis_rq_tlast relative to the rising and/or falling clock edge(s) of clk_placeholder.
Related violations: <none>

TIMING-18#218 Warning
Missing input or output delay  
An input delay is missing on s_axis_rq_tuser[0] relative to the rising and/or falling clock edge(s) of clk_placeholder.
Related violations: <none>

TIMING-18#219 Warning
Missing input or output delay  
An input delay is missing on s_axis_rq_tuser[10] relative to the rising and/or falling clock edge(s) of clk_placeholder.
Related violations: <none>

TIMING-18#220 Warning
Missing input or output delay  
An input delay is missing on s_axis_rq_tuser[11] relative to the rising and/or falling clock edge(s) of clk_placeholder.
Related violations: <none>

TIMING-18#221 Warning
Missing input or output delay  
An input delay is missing on s_axis_rq_tuser[12] relative to the rising and/or falling clock edge(s) of clk_placeholder.
Related violations: <none>

TIMING-18#222 Warning
Missing input or output delay  
An input delay is missing on s_axis_rq_tuser[13] relative to the rising and/or falling clock edge(s) of clk_placeholder.
Related violations: <none>

TIMING-18#223 Warning
Missing input or output delay  
An input delay is missing on s_axis_rq_tuser[14] relative to the rising and/or falling clock edge(s) of clk_placeholder.
Related violations: <none>

TIMING-18#224 Warning
Missing input or output delay  
An input delay is missing on s_axis_rq_tuser[15] relative to the rising and/or falling clock edge(s) of clk_placeholder.
Related violations: <none>

TIMING-18#225 Warning
Missing input or output delay  
An input delay is missing on s_axis_rq_tuser[16] relative to the rising and/or falling clock edge(s) of clk_placeholder.
Related violations: <none>

TIMING-18#226 Warning
Missing input or output delay  
An input delay is missing on s_axis_rq_tuser[17] relative to the rising and/or falling clock edge(s) of clk_placeholder.
Related violations: <none>

TIMING-18#227 Warning
Missing input or output delay  
An input delay is missing on s_axis_rq_tuser[18] relative to the rising and/or falling clock edge(s) of clk_placeholder.
Related violations: <none>

TIMING-18#228 Warning
Missing input or output delay  
An input delay is missing on s_axis_rq_tuser[19] relative to the rising and/or falling clock edge(s) of clk_placeholder.
Related violations: <none>

TIMING-18#229 Warning
Missing input or output delay  
An input delay is missing on s_axis_rq_tuser[1] relative to the rising and/or falling clock edge(s) of clk_placeholder.
Related violations: <none>

TIMING-18#230 Warning
Missing input or output delay  
An input delay is missing on s_axis_rq_tuser[20] relative to the rising and/or falling clock edge(s) of clk_placeholder.
Related violations: <none>

TIMING-18#231 Warning
Missing input or output delay  
An input delay is missing on s_axis_rq_tuser[21] relative to the rising and/or falling clock edge(s) of clk_placeholder.
Related violations: <none>

TIMING-18#232 Warning
Missing input or output delay  
An input delay is missing on s_axis_rq_tuser[22] relative to the rising and/or falling clock edge(s) of clk_placeholder.
Related violations: <none>

TIMING-18#233 Warning
Missing input or output delay  
An input delay is missing on s_axis_rq_tuser[23] relative to the rising and/or falling clock edge(s) of clk_placeholder.
Related violations: <none>

TIMING-18#234 Warning
Missing input or output delay  
An input delay is missing on s_axis_rq_tuser[24] relative to the rising and/or falling clock edge(s) of clk_placeholder.
Related violations: <none>

TIMING-18#235 Warning
Missing input or output delay  
An input delay is missing on s_axis_rq_tuser[25] relative to the rising and/or falling clock edge(s) of clk_placeholder.
Related violations: <none>

TIMING-18#236 Warning
Missing input or output delay  
An input delay is missing on s_axis_rq_tuser[26] relative to the rising and/or falling clock edge(s) of clk_placeholder.
Related violations: <none>

TIMING-18#237 Warning
Missing input or output delay  
An input delay is missing on s_axis_rq_tuser[27] relative to the rising and/or falling clock edge(s) of clk_placeholder.
Related violations: <none>

TIMING-18#238 Warning
Missing input or output delay  
An input delay is missing on s_axis_rq_tuser[28] relative to the rising and/or falling clock edge(s) of clk_placeholder.
Related violations: <none>

TIMING-18#239 Warning
Missing input or output delay  
An input delay is missing on s_axis_rq_tuser[29] relative to the rising and/or falling clock edge(s) of clk_placeholder.
Related violations: <none>

TIMING-18#240 Warning
Missing input or output delay  
An input delay is missing on s_axis_rq_tuser[2] relative to the rising and/or falling clock edge(s) of clk_placeholder.
Related violations: <none>

TIMING-18#241 Warning
Missing input or output delay  
An input delay is missing on s_axis_rq_tuser[30] relative to the rising and/or falling clock edge(s) of clk_placeholder.
Related violations: <none>

TIMING-18#242 Warning
Missing input or output delay  
An input delay is missing on s_axis_rq_tuser[31] relative to the rising and/or falling clock edge(s) of clk_placeholder.
Related violations: <none>

TIMING-18#243 Warning
Missing input or output delay  
An input delay is missing on s_axis_rq_tuser[32] relative to the rising and/or falling clock edge(s) of clk_placeholder.
Related violations: <none>

TIMING-18#244 Warning
Missing input or output delay  
An input delay is missing on s_axis_rq_tuser[33] relative to the rising and/or falling clock edge(s) of clk_placeholder.
Related violations: <none>

TIMING-18#245 Warning
Missing input or output delay  
An input delay is missing on s_axis_rq_tuser[34] relative to the rising and/or falling clock edge(s) of clk_placeholder.
Related violations: <none>

TIMING-18#246 Warning
Missing input or output delay  
An input delay is missing on s_axis_rq_tuser[35] relative to the rising and/or falling clock edge(s) of clk_placeholder.
Related violations: <none>

TIMING-18#247 Warning
Missing input or output delay  
An input delay is missing on s_axis_rq_tuser[36] relative to the rising and/or falling clock edge(s) of clk_placeholder.
Related violations: <none>

TIMING-18#248 Warning
Missing input or output delay  
An input delay is missing on s_axis_rq_tuser[37] relative to the rising and/or falling clock edge(s) of clk_placeholder.
Related violations: <none>

TIMING-18#249 Warning
Missing input or output delay  
An input delay is missing on s_axis_rq_tuser[38] relative to the rising and/or falling clock edge(s) of clk_placeholder.
Related violations: <none>

TIMING-18#250 Warning
Missing input or output delay  
An input delay is missing on s_axis_rq_tuser[39] relative to the rising and/or falling clock edge(s) of clk_placeholder.
Related violations: <none>

TIMING-18#251 Warning
Missing input or output delay  
An input delay is missing on s_axis_rq_tuser[3] relative to the rising and/or falling clock edge(s) of clk_placeholder.
Related violations: <none>

TIMING-18#252 Warning
Missing input or output delay  
An input delay is missing on s_axis_rq_tuser[40] relative to the rising and/or falling clock edge(s) of clk_placeholder.
Related violations: <none>

TIMING-18#253 Warning
Missing input or output delay  
An input delay is missing on s_axis_rq_tuser[41] relative to the rising and/or falling clock edge(s) of clk_placeholder.
Related violations: <none>

TIMING-18#254 Warning
Missing input or output delay  
An input delay is missing on s_axis_rq_tuser[42] relative to the rising and/or falling clock edge(s) of clk_placeholder.
Related violations: <none>

TIMING-18#255 Warning
Missing input or output delay  
An input delay is missing on s_axis_rq_tuser[43] relative to the rising and/or falling clock edge(s) of clk_placeholder.
Related violations: <none>

TIMING-18#256 Warning
Missing input or output delay  
An input delay is missing on s_axis_rq_tuser[44] relative to the rising and/or falling clock edge(s) of clk_placeholder.
Related violations: <none>

TIMING-18#257 Warning
Missing input or output delay  
An input delay is missing on s_axis_rq_tuser[45] relative to the rising and/or falling clock edge(s) of clk_placeholder.
Related violations: <none>

TIMING-18#258 Warning
Missing input or output delay  
An input delay is missing on s_axis_rq_tuser[46] relative to the rising and/or falling clock edge(s) of clk_placeholder.
Related violations: <none>

TIMING-18#259 Warning
Missing input or output delay  
An input delay is missing on s_axis_rq_tuser[47] relative to the rising and/or falling clock edge(s) of clk_placeholder.
Related violations: <none>

TIMING-18#260 Warning
Missing input or output delay  
An input delay is missing on s_axis_rq_tuser[48] relative to the rising and/or falling clock edge(s) of clk_placeholder.
Related violations: <none>

TIMING-18#261 Warning
Missing input or output delay  
An input delay is missing on s_axis_rq_tuser[49] relative to the rising and/or falling clock edge(s) of clk_placeholder.
Related violations: <none>

TIMING-18#262 Warning
Missing input or output delay  
An input delay is missing on s_axis_rq_tuser[4] relative to the rising and/or falling clock edge(s) of clk_placeholder.
Related violations: <none>

TIMING-18#263 Warning
Missing input or output delay  
An input delay is missing on s_axis_rq_tuser[50] relative to the rising and/or falling clock edge(s) of clk_placeholder.
Related violations: <none>

TIMING-18#264 Warning
Missing input or output delay  
An input delay is missing on s_axis_rq_tuser[51] relative to the rising and/or falling clock edge(s) of clk_placeholder.
Related violations: <none>

TIMING-18#265 Warning
Missing input or output delay  
An input delay is missing on s_axis_rq_tuser[52] relative to the rising and/or falling clock edge(s) of clk_placeholder.
Related violations: <none>

TIMING-18#266 Warning
Missing input or output delay  
An input delay is missing on s_axis_rq_tuser[53] relative to the rising and/or falling clock edge(s) of clk_placeholder.
Related violations: <none>

TIMING-18#267 Warning
Missing input or output delay  
An input delay is missing on s_axis_rq_tuser[54] relative to the rising and/or falling clock edge(s) of clk_placeholder.
Related violations: <none>

TIMING-18#268 Warning
Missing input or output delay  
An input delay is missing on s_axis_rq_tuser[55] relative to the rising and/or falling clock edge(s) of clk_placeholder.
Related violations: <none>

TIMING-18#269 Warning
Missing input or output delay  
An input delay is missing on s_axis_rq_tuser[56] relative to the rising and/or falling clock edge(s) of clk_placeholder.
Related violations: <none>

TIMING-18#270 Warning
Missing input or output delay  
An input delay is missing on s_axis_rq_tuser[57] relative to the rising and/or falling clock edge(s) of clk_placeholder.
Related violations: <none>

TIMING-18#271 Warning
Missing input or output delay  
An input delay is missing on s_axis_rq_tuser[58] relative to the rising and/or falling clock edge(s) of clk_placeholder.
Related violations: <none>

TIMING-18#272 Warning
Missing input or output delay  
An input delay is missing on s_axis_rq_tuser[59] relative to the rising and/or falling clock edge(s) of clk_placeholder.
Related violations: <none>

TIMING-18#273 Warning
Missing input or output delay  
An input delay is missing on s_axis_rq_tuser[5] relative to the rising and/or falling clock edge(s) of clk_placeholder.
Related violations: <none>

TIMING-18#274 Warning
Missing input or output delay  
An input delay is missing on s_axis_rq_tuser[6] relative to the rising and/or falling clock edge(s) of clk_placeholder.
Related violations: <none>

TIMING-18#275 Warning
Missing input or output delay  
An input delay is missing on s_axis_rq_tuser[7] relative to the rising and/or falling clock edge(s) of clk_placeholder.
Related violations: <none>

TIMING-18#276 Warning
Missing input or output delay  
An input delay is missing on s_axis_rq_tuser[8] relative to the rising and/or falling clock edge(s) of clk_placeholder.
Related violations: <none>

TIMING-18#277 Warning
Missing input or output delay  
An input delay is missing on s_axis_rq_tuser[9] relative to the rising and/or falling clock edge(s) of clk_placeholder.
Related violations: <none>

TIMING-18#278 Warning
Missing input or output delay  
An input delay is missing on s_axis_rq_tvalid relative to the rising and/or falling clock edge(s) of clk_placeholder.
Related violations: <none>

TIMING-18#279 Warning
Missing input or output delay  
An input delay is missing on s_dllp_axis_tdata[0] relative to the rising and/or falling clock edge(s) of clk_placeholder.
Related violations: <none>

TIMING-18#280 Warning
Missing input or output delay  
An input delay is missing on s_dllp_axis_tdata[10] relative to the rising and/or falling clock edge(s) of clk_placeholder.
Related violations: <none>

TIMING-18#281 Warning
Missing input or output delay  
An input delay is missing on s_dllp_axis_tdata[11] relative to the rising and/or falling clock edge(s) of clk_placeholder.
Related violations: <none>

TIMING-18#282 Warning
Missing input or output delay  
An input delay is missing on s_dllp_axis_tdata[12] relative to the rising and/or falling clock edge(s) of clk_placeholder.
Related violations: <none>

TIMING-18#283 Warning
Missing input or output delay  
An input delay is missing on s_dllp_axis_tdata[13] relative to the rising and/or falling clock edge(s) of clk_placeholder.
Related violations: <none>

TIMING-18#284 Warning
Missing input or output delay  
An input delay is missing on s_dllp_axis_tdata[14] relative to the rising and/or falling clock edge(s) of clk_placeholder.
Related violations: <none>

TIMING-18#285 Warning
Missing input or output delay  
An input delay is missing on s_dllp_axis_tdata[15] relative to the rising and/or falling clock edge(s) of clk_placeholder.
Related violations: <none>

TIMING-18#286 Warning
Missing input or output delay  
An input delay is missing on s_dllp_axis_tdata[16] relative to the rising and/or falling clock edge(s) of clk_placeholder.
Related violations: <none>

TIMING-18#287 Warning
Missing input or output delay  
An input delay is missing on s_dllp_axis_tdata[17] relative to the rising and/or falling clock edge(s) of clk_placeholder.
Related violations: <none>

TIMING-18#288 Warning
Missing input or output delay  
An input delay is missing on s_dllp_axis_tdata[18] relative to the rising and/or falling clock edge(s) of clk_placeholder.
Related violations: <none>

TIMING-18#289 Warning
Missing input or output delay  
An input delay is missing on s_dllp_axis_tdata[19] relative to the rising and/or falling clock edge(s) of clk_placeholder.
Related violations: <none>

TIMING-18#290 Warning
Missing input or output delay  
An input delay is missing on s_dllp_axis_tdata[1] relative to the rising and/or falling clock edge(s) of clk_placeholder.
Related violations: <none>

TIMING-18#291 Warning
Missing input or output delay  
An input delay is missing on s_dllp_axis_tdata[20] relative to the rising and/or falling clock edge(s) of clk_placeholder.
Related violations: <none>

TIMING-18#292 Warning
Missing input or output delay  
An input delay is missing on s_dllp_axis_tdata[21] relative to the rising and/or falling clock edge(s) of clk_placeholder.
Related violations: <none>

TIMING-18#293 Warning
Missing input or output delay  
An input delay is missing on s_dllp_axis_tdata[22] relative to the rising and/or falling clock edge(s) of clk_placeholder.
Related violations: <none>

TIMING-18#294 Warning
Missing input or output delay  
An input delay is missing on s_dllp_axis_tdata[23] relative to the rising and/or falling clock edge(s) of clk_placeholder.
Related violations: <none>

TIMING-18#295 Warning
Missing input or output delay  
An input delay is missing on s_dllp_axis_tdata[24] relative to the rising and/or falling clock edge(s) of clk_placeholder.
Related violations: <none>

TIMING-18#296 Warning
Missing input or output delay  
An input delay is missing on s_dllp_axis_tdata[25] relative to the rising and/or falling clock edge(s) of clk_placeholder.
Related violations: <none>

TIMING-18#297 Warning
Missing input or output delay  
An input delay is missing on s_dllp_axis_tdata[26] relative to the rising and/or falling clock edge(s) of clk_placeholder.
Related violations: <none>

TIMING-18#298 Warning
Missing input or output delay  
An input delay is missing on s_dllp_axis_tdata[27] relative to the rising and/or falling clock edge(s) of clk_placeholder.
Related violations: <none>

TIMING-18#299 Warning
Missing input or output delay  
An input delay is missing on s_dllp_axis_tdata[28] relative to the rising and/or falling clock edge(s) of clk_placeholder.
Related violations: <none>

TIMING-18#300 Warning
Missing input or output delay  
An input delay is missing on s_dllp_axis_tdata[29] relative to the rising and/or falling clock edge(s) of clk_placeholder.
Related violations: <none>

TIMING-18#301 Warning
Missing input or output delay  
An input delay is missing on s_dllp_axis_tdata[2] relative to the rising and/or falling clock edge(s) of clk_placeholder.
Related violations: <none>

TIMING-18#302 Warning
Missing input or output delay  
An input delay is missing on s_dllp_axis_tdata[30] relative to the rising and/or falling clock edge(s) of clk_placeholder.
Related violations: <none>

TIMING-18#303 Warning
Missing input or output delay  
An input delay is missing on s_dllp_axis_tdata[31] relative to the rising and/or falling clock edge(s) of clk_placeholder.
Related violations: <none>

TIMING-18#304 Warning
Missing input or output delay  
An input delay is missing on s_dllp_axis_tdata[3] relative to the rising and/or falling clock edge(s) of clk_placeholder.
Related violations: <none>

TIMING-18#305 Warning
Missing input or output delay  
An input delay is missing on s_dllp_axis_tdata[4] relative to the rising and/or falling clock edge(s) of clk_placeholder.
Related violations: <none>

TIMING-18#306 Warning
Missing input or output delay  
An input delay is missing on s_dllp_axis_tdata[5] relative to the rising and/or falling clock edge(s) of clk_placeholder.
Related violations: <none>

TIMING-18#307 Warning
Missing input or output delay  
An input delay is missing on s_dllp_axis_tdata[6] relative to the rising and/or falling clock edge(s) of clk_placeholder.
Related violations: <none>

TIMING-18#308 Warning
Missing input or output delay  
An input delay is missing on s_dllp_axis_tdata[7] relative to the rising and/or falling clock edge(s) of clk_placeholder.
Related violations: <none>

TIMING-18#309 Warning
Missing input or output delay  
An input delay is missing on s_dllp_axis_tdata[8] relative to the rising and/or falling clock edge(s) of clk_placeholder.
Related violations: <none>

TIMING-18#310 Warning
Missing input or output delay  
An input delay is missing on s_dllp_axis_tdata[9] relative to the rising and/or falling clock edge(s) of clk_placeholder.
Related violations: <none>

TIMING-18#311 Warning
Missing input or output delay  
An input delay is missing on s_dllp_axis_tkeep[0] relative to the rising and/or falling clock edge(s) of clk_placeholder.
Related violations: <none>

TIMING-18#312 Warning
Missing input or output delay  
An input delay is missing on s_dllp_axis_tkeep[1] relative to the rising and/or falling clock edge(s) of clk_placeholder.
Related violations: <none>

TIMING-18#313 Warning
Missing input or output delay  
An input delay is missing on s_dllp_axis_tkeep[2] relative to the rising and/or falling clock edge(s) of clk_placeholder.
Related violations: <none>

TIMING-18#314 Warning
Missing input or output delay  
An input delay is missing on s_dllp_axis_tkeep[3] relative to the rising and/or falling clock edge(s) of clk_placeholder.
Related violations: <none>

TIMING-18#315 Warning
Missing input or output delay  
An input delay is missing on s_dllp_axis_tlast relative to the rising and/or falling clock edge(s) of clk_placeholder.
Related violations: <none>

TIMING-18#316 Warning
Missing input or output delay  
An input delay is missing on s_dllp_axis_tvalid relative to the rising and/or falling clock edge(s) of clk_placeholder.
Related violations: <none>

TIMING-18#317 Warning
Missing input or output delay  
An input delay is missing on transmit_enable_i relative to the rising and/or falling clock edge(s) of clk_placeholder.
Related violations: <none>

TIMING-18#318 Warning
Missing input or output delay  
An output delay is missing on command_error_code_o[0] relative to the rising and/or falling clock edge(s) of clk_placeholder.
Related violations: <none>

TIMING-18#319 Warning
Missing input or output delay  
An output delay is missing on command_error_code_o[1] relative to the rising and/or falling clock edge(s) of clk_placeholder.
Related violations: <none>

TIMING-18#320 Warning
Missing input or output delay  
An output delay is missing on command_error_code_o[2] relative to the rising and/or falling clock edge(s) of clk_placeholder.
Related violations: <none>

TIMING-18#321 Warning
Missing input or output delay  
An output delay is missing on command_error_code_o[3] relative to the rising and/or falling clock edge(s) of clk_placeholder.
Related violations: <none>

TIMING-18#322 Warning
Missing input or output delay  
An output delay is missing on command_error_code_o[4] relative to the rising and/or falling clock edge(s) of clk_placeholder.
Related violations: <none>

TIMING-18#323 Warning
Missing input or output delay  
An output delay is missing on command_error_valid_o relative to the rising and/or falling clock edge(s) of clk_placeholder.
Related violations: <none>

TIMING-18#324 Warning
Missing input or output delay  
An output delay is missing on cpl_timeout_tag_o[0] relative to the rising and/or falling clock edge(s) of clk_placeholder.
Related violations: <none>

TIMING-18#325 Warning
Missing input or output delay  
An output delay is missing on cpl_timeout_tag_o[1] relative to the rising and/or falling clock edge(s) of clk_placeholder.
Related violations: <none>

TIMING-18#326 Warning
Missing input or output delay  
An output delay is missing on cpl_timeout_tag_o[2] relative to the rising and/or falling clock edge(s) of clk_placeholder.
Related violations: <none>

TIMING-18#327 Warning
Missing input or output delay  
An output delay is missing on cpl_timeout_tag_o[3] relative to the rising and/or falling clock edge(s) of clk_placeholder.
Related violations: <none>

TIMING-18#328 Warning
Missing input or output delay  
An output delay is missing on cpl_timeout_tag_o[4] relative to the rising and/or falling clock edge(s) of clk_placeholder.
Related violations: <none>

TIMING-18#329 Warning
Missing input or output delay  
An output delay is missing on cpl_timeout_tag_o[5] relative to the rising and/or falling clock edge(s) of clk_placeholder.
Related violations: <none>

TIMING-18#330 Warning
Missing input or output delay  
An output delay is missing on cpl_timeout_tag_o[6] relative to the rising and/or falling clock edge(s) of clk_placeholder.
Related violations: <none>

TIMING-18#331 Warning
Missing input or output delay  
An output delay is missing on cpl_timeout_tag_o[7] relative to the rising and/or falling clock edge(s) of clk_placeholder.
Related violations: <none>

TIMING-18#332 Warning
Missing input or output delay  
An output delay is missing on cpl_timeout_valid_o relative to the rising and/or falling clock edge(s) of clk_placeholder.
Related violations: <none>

TIMING-18#333 Warning
Missing input or output delay  
An output delay is missing on credit_error_o relative to the rising and/or falling clock edge(s) of clk_placeholder.
Related violations: <none>

TIMING-18#334 Warning
Missing input or output delay  
An output delay is missing on late_cpl_tag_o[0] relative to the rising and/or falling clock edge(s) of clk_placeholder.
Related violations: <none>

TIMING-18#335 Warning
Missing input or output delay  
An output delay is missing on late_cpl_tag_o[1] relative to the rising and/or falling clock edge(s) of clk_placeholder.
Related violations: <none>

TIMING-18#336 Warning
Missing input or output delay  
An output delay is missing on late_cpl_tag_o[2] relative to the rising and/or falling clock edge(s) of clk_placeholder.
Related violations: <none>

TIMING-18#337 Warning
Missing input or output delay  
An output delay is missing on late_cpl_tag_o[3] relative to the rising and/or falling clock edge(s) of clk_placeholder.
Related violations: <none>

TIMING-18#338 Warning
Missing input or output delay  
An output delay is missing on late_cpl_tag_o[4] relative to the rising and/or falling clock edge(s) of clk_placeholder.
Related violations: <none>

TIMING-18#339 Warning
Missing input or output delay  
An output delay is missing on late_cpl_tag_o[5] relative to the rising and/or falling clock edge(s) of clk_placeholder.
Related violations: <none>

TIMING-18#340 Warning
Missing input or output delay  
An output delay is missing on late_cpl_tag_o[6] relative to the rising and/or falling clock edge(s) of clk_placeholder.
Related violations: <none>

TIMING-18#341 Warning
Missing input or output delay  
An output delay is missing on late_cpl_tag_o[7] relative to the rising and/or falling clock edge(s) of clk_placeholder.
Related violations: <none>

TIMING-18#342 Warning
Missing input or output delay  
An output delay is missing on late_cpl_valid_o relative to the rising and/or falling clock edge(s) of clk_placeholder.
Related violations: <none>

TIMING-18#343 Warning
Missing input or output delay  
An output delay is missing on m_axis_rc_tdata[0] relative to the rising and/or falling clock edge(s) of clk_placeholder.
Related violations: <none>

TIMING-18#344 Warning
Missing input or output delay  
An output delay is missing on m_axis_rc_tdata[100] relative to the rising and/or falling clock edge(s) of clk_placeholder.
Related violations: <none>

TIMING-18#345 Warning
Missing input or output delay  
An output delay is missing on m_axis_rc_tdata[101] relative to the rising and/or falling clock edge(s) of clk_placeholder.
Related violations: <none>

TIMING-18#346 Warning
Missing input or output delay  
An output delay is missing on m_axis_rc_tdata[102] relative to the rising and/or falling clock edge(s) of clk_placeholder.
Related violations: <none>

TIMING-18#347 Warning
Missing input or output delay  
An output delay is missing on m_axis_rc_tdata[103] relative to the rising and/or falling clock edge(s) of clk_placeholder.
Related violations: <none>

TIMING-18#348 Warning
Missing input or output delay  
An output delay is missing on m_axis_rc_tdata[104] relative to the rising and/or falling clock edge(s) of clk_placeholder.
Related violations: <none>

TIMING-18#349 Warning
Missing input or output delay  
An output delay is missing on m_axis_rc_tdata[105] relative to the rising and/or falling clock edge(s) of clk_placeholder.
Related violations: <none>

TIMING-18#350 Warning
Missing input or output delay  
An output delay is missing on m_axis_rc_tdata[106] relative to the rising and/or falling clock edge(s) of clk_placeholder.
Related violations: <none>

TIMING-18#351 Warning
Missing input or output delay  
An output delay is missing on m_axis_rc_tdata[107] relative to the rising and/or falling clock edge(s) of clk_placeholder.
Related violations: <none>

TIMING-18#352 Warning
Missing input or output delay  
An output delay is missing on m_axis_rc_tdata[108] relative to the rising and/or falling clock edge(s) of clk_placeholder.
Related violations: <none>

TIMING-18#353 Warning
Missing input or output delay  
An output delay is missing on m_axis_rc_tdata[109] relative to the rising and/or falling clock edge(s) of clk_placeholder.
Related violations: <none>

TIMING-18#354 Warning
Missing input or output delay  
An output delay is missing on m_axis_rc_tdata[10] relative to the rising and/or falling clock edge(s) of clk_placeholder.
Related violations: <none>

TIMING-18#355 Warning
Missing input or output delay  
An output delay is missing on m_axis_rc_tdata[110] relative to the rising and/or falling clock edge(s) of clk_placeholder.
Related violations: <none>

TIMING-18#356 Warning
Missing input or output delay  
An output delay is missing on m_axis_rc_tdata[111] relative to the rising and/or falling clock edge(s) of clk_placeholder.
Related violations: <none>

TIMING-18#357 Warning
Missing input or output delay  
An output delay is missing on m_axis_rc_tdata[112] relative to the rising and/or falling clock edge(s) of clk_placeholder.
Related violations: <none>

TIMING-18#358 Warning
Missing input or output delay  
An output delay is missing on m_axis_rc_tdata[113] relative to the rising and/or falling clock edge(s) of clk_placeholder.
Related violations: <none>

TIMING-18#359 Warning
Missing input or output delay  
An output delay is missing on m_axis_rc_tdata[114] relative to the rising and/or falling clock edge(s) of clk_placeholder.
Related violations: <none>

TIMING-18#360 Warning
Missing input or output delay  
An output delay is missing on m_axis_rc_tdata[115] relative to the rising and/or falling clock edge(s) of clk_placeholder.
Related violations: <none>

TIMING-18#361 Warning
Missing input or output delay  
An output delay is missing on m_axis_rc_tdata[116] relative to the rising and/or falling clock edge(s) of clk_placeholder.
Related violations: <none>

TIMING-18#362 Warning
Missing input or output delay  
An output delay is missing on m_axis_rc_tdata[117] relative to the rising and/or falling clock edge(s) of clk_placeholder.
Related violations: <none>

TIMING-18#363 Warning
Missing input or output delay  
An output delay is missing on m_axis_rc_tdata[118] relative to the rising and/or falling clock edge(s) of clk_placeholder.
Related violations: <none>

TIMING-18#364 Warning
Missing input or output delay  
An output delay is missing on m_axis_rc_tdata[119] relative to the rising and/or falling clock edge(s) of clk_placeholder.
Related violations: <none>

TIMING-18#365 Warning
Missing input or output delay  
An output delay is missing on m_axis_rc_tdata[11] relative to the rising and/or falling clock edge(s) of clk_placeholder.
Related violations: <none>

TIMING-18#366 Warning
Missing input or output delay  
An output delay is missing on m_axis_rc_tdata[120] relative to the rising and/or falling clock edge(s) of clk_placeholder.
Related violations: <none>

TIMING-18#367 Warning
Missing input or output delay  
An output delay is missing on m_axis_rc_tdata[121] relative to the rising and/or falling clock edge(s) of clk_placeholder.
Related violations: <none>

TIMING-18#368 Warning
Missing input or output delay  
An output delay is missing on m_axis_rc_tdata[122] relative to the rising and/or falling clock edge(s) of clk_placeholder.
Related violations: <none>

TIMING-18#369 Warning
Missing input or output delay  
An output delay is missing on m_axis_rc_tdata[123] relative to the rising and/or falling clock edge(s) of clk_placeholder.
Related violations: <none>

TIMING-18#370 Warning
Missing input or output delay  
An output delay is missing on m_axis_rc_tdata[124] relative to the rising and/or falling clock edge(s) of clk_placeholder.
Related violations: <none>

TIMING-18#371 Warning
Missing input or output delay  
An output delay is missing on m_axis_rc_tdata[125] relative to the rising and/or falling clock edge(s) of clk_placeholder.
Related violations: <none>

TIMING-18#372 Warning
Missing input or output delay  
An output delay is missing on m_axis_rc_tdata[126] relative to the rising and/or falling clock edge(s) of clk_placeholder.
Related violations: <none>

TIMING-18#373 Warning
Missing input or output delay  
An output delay is missing on m_axis_rc_tdata[127] relative to the rising and/or falling clock edge(s) of clk_placeholder.
Related violations: <none>

TIMING-18#374 Warning
Missing input or output delay  
An output delay is missing on m_axis_rc_tdata[12] relative to the rising and/or falling clock edge(s) of clk_placeholder.
Related violations: <none>

TIMING-18#375 Warning
Missing input or output delay  
An output delay is missing on m_axis_rc_tdata[13] relative to the rising and/or falling clock edge(s) of clk_placeholder.
Related violations: <none>

TIMING-18#376 Warning
Missing input or output delay  
An output delay is missing on m_axis_rc_tdata[14] relative to the rising and/or falling clock edge(s) of clk_placeholder.
Related violations: <none>

TIMING-18#377 Warning
Missing input or output delay  
An output delay is missing on m_axis_rc_tdata[15] relative to the rising and/or falling clock edge(s) of clk_placeholder.
Related violations: <none>

TIMING-18#378 Warning
Missing input or output delay  
An output delay is missing on m_axis_rc_tdata[16] relative to the rising and/or falling clock edge(s) of clk_placeholder.
Related violations: <none>

TIMING-18#379 Warning
Missing input or output delay  
An output delay is missing on m_axis_rc_tdata[17] relative to the rising and/or falling clock edge(s) of clk_placeholder.
Related violations: <none>

TIMING-18#380 Warning
Missing input or output delay  
An output delay is missing on m_axis_rc_tdata[18] relative to the rising and/or falling clock edge(s) of clk_placeholder.
Related violations: <none>

TIMING-18#381 Warning
Missing input or output delay  
An output delay is missing on m_axis_rc_tdata[19] relative to the rising and/or falling clock edge(s) of clk_placeholder.
Related violations: <none>

TIMING-18#382 Warning
Missing input or output delay  
An output delay is missing on m_axis_rc_tdata[1] relative to the rising and/or falling clock edge(s) of clk_placeholder.
Related violations: <none>

TIMING-18#383 Warning
Missing input or output delay  
An output delay is missing on m_axis_rc_tdata[20] relative to the rising and/or falling clock edge(s) of clk_placeholder.
Related violations: <none>

TIMING-18#384 Warning
Missing input or output delay  
An output delay is missing on m_axis_rc_tdata[21] relative to the rising and/or falling clock edge(s) of clk_placeholder.
Related violations: <none>

TIMING-18#385 Warning
Missing input or output delay  
An output delay is missing on m_axis_rc_tdata[22] relative to the rising and/or falling clock edge(s) of clk_placeholder.
Related violations: <none>

TIMING-18#386 Warning
Missing input or output delay  
An output delay is missing on m_axis_rc_tdata[23] relative to the rising and/or falling clock edge(s) of clk_placeholder.
Related violations: <none>

TIMING-18#387 Warning
Missing input or output delay  
An output delay is missing on m_axis_rc_tdata[24] relative to the rising and/or falling clock edge(s) of clk_placeholder.
Related violations: <none>

TIMING-18#388 Warning
Missing input or output delay  
An output delay is missing on m_axis_rc_tdata[25] relative to the rising and/or falling clock edge(s) of clk_placeholder.
Related violations: <none>

TIMING-18#389 Warning
Missing input or output delay  
An output delay is missing on m_axis_rc_tdata[26] relative to the rising and/or falling clock edge(s) of clk_placeholder.
Related violations: <none>

TIMING-18#390 Warning
Missing input or output delay  
An output delay is missing on m_axis_rc_tdata[27] relative to the rising and/or falling clock edge(s) of clk_placeholder.
Related violations: <none>

TIMING-18#391 Warning
Missing input or output delay  
An output delay is missing on m_axis_rc_tdata[28] relative to the rising and/or falling clock edge(s) of clk_placeholder.
Related violations: <none>

TIMING-18#392 Warning
Missing input or output delay  
An output delay is missing on m_axis_rc_tdata[29] relative to the rising and/or falling clock edge(s) of clk_placeholder.
Related violations: <none>

TIMING-18#393 Warning
Missing input or output delay  
An output delay is missing on m_axis_rc_tdata[2] relative to the rising and/or falling clock edge(s) of clk_placeholder.
Related violations: <none>

TIMING-18#394 Warning
Missing input or output delay  
An output delay is missing on m_axis_rc_tdata[30] relative to the rising and/or falling clock edge(s) of clk_placeholder.
Related violations: <none>

TIMING-18#395 Warning
Missing input or output delay  
An output delay is missing on m_axis_rc_tdata[31] relative to the rising and/or falling clock edge(s) of clk_placeholder.
Related violations: <none>

TIMING-18#396 Warning
Missing input or output delay  
An output delay is missing on m_axis_rc_tdata[32] relative to the rising and/or falling clock edge(s) of clk_placeholder.
Related violations: <none>

TIMING-18#397 Warning
Missing input or output delay  
An output delay is missing on m_axis_rc_tdata[33] relative to the rising and/or falling clock edge(s) of clk_placeholder.
Related violations: <none>

TIMING-18#398 Warning
Missing input or output delay  
An output delay is missing on m_axis_rc_tdata[34] relative to the rising and/or falling clock edge(s) of clk_placeholder.
Related violations: <none>

TIMING-18#399 Warning
Missing input or output delay  
An output delay is missing on m_axis_rc_tdata[35] relative to the rising and/or falling clock edge(s) of clk_placeholder.
Related violations: <none>

TIMING-18#400 Warning
Missing input or output delay  
An output delay is missing on m_axis_rc_tdata[36] relative to the rising and/or falling clock edge(s) of clk_placeholder.
Related violations: <none>

TIMING-18#401 Warning
Missing input or output delay  
An output delay is missing on m_axis_rc_tdata[37] relative to the rising and/or falling clock edge(s) of clk_placeholder.
Related violations: <none>

TIMING-18#402 Warning
Missing input or output delay  
An output delay is missing on m_axis_rc_tdata[38] relative to the rising and/or falling clock edge(s) of clk_placeholder.
Related violations: <none>

TIMING-18#403 Warning
Missing input or output delay  
An output delay is missing on m_axis_rc_tdata[39] relative to the rising and/or falling clock edge(s) of clk_placeholder.
Related violations: <none>

TIMING-18#404 Warning
Missing input or output delay  
An output delay is missing on m_axis_rc_tdata[3] relative to the rising and/or falling clock edge(s) of clk_placeholder.
Related violations: <none>

TIMING-18#405 Warning
Missing input or output delay  
An output delay is missing on m_axis_rc_tdata[40] relative to the rising and/or falling clock edge(s) of clk_placeholder.
Related violations: <none>

TIMING-18#406 Warning
Missing input or output delay  
An output delay is missing on m_axis_rc_tdata[41] relative to the rising and/or falling clock edge(s) of clk_placeholder.
Related violations: <none>

TIMING-18#407 Warning
Missing input or output delay  
An output delay is missing on m_axis_rc_tdata[42] relative to the rising and/or falling clock edge(s) of clk_placeholder.
Related violations: <none>

TIMING-18#408 Warning
Missing input or output delay  
An output delay is missing on m_axis_rc_tdata[43] relative to the rising and/or falling clock edge(s) of clk_placeholder.
Related violations: <none>

TIMING-18#409 Warning
Missing input or output delay  
An output delay is missing on m_axis_rc_tdata[44] relative to the rising and/or falling clock edge(s) of clk_placeholder.
Related violations: <none>

TIMING-18#410 Warning
Missing input or output delay  
An output delay is missing on m_axis_rc_tdata[45] relative to the rising and/or falling clock edge(s) of clk_placeholder.
Related violations: <none>

TIMING-18#411 Warning
Missing input or output delay  
An output delay is missing on m_axis_rc_tdata[46] relative to the rising and/or falling clock edge(s) of clk_placeholder.
Related violations: <none>

TIMING-18#412 Warning
Missing input or output delay  
An output delay is missing on m_axis_rc_tdata[47] relative to the rising and/or falling clock edge(s) of clk_placeholder.
Related violations: <none>

TIMING-18#413 Warning
Missing input or output delay  
An output delay is missing on m_axis_rc_tdata[48] relative to the rising and/or falling clock edge(s) of clk_placeholder.
Related violations: <none>

TIMING-18#414 Warning
Missing input or output delay  
An output delay is missing on m_axis_rc_tdata[49] relative to the rising and/or falling clock edge(s) of clk_placeholder.
Related violations: <none>

TIMING-18#415 Warning
Missing input or output delay  
An output delay is missing on m_axis_rc_tdata[4] relative to the rising and/or falling clock edge(s) of clk_placeholder.
Related violations: <none>

TIMING-18#416 Warning
Missing input or output delay  
An output delay is missing on m_axis_rc_tdata[50] relative to the rising and/or falling clock edge(s) of clk_placeholder.
Related violations: <none>

TIMING-18#417 Warning
Missing input or output delay  
An output delay is missing on m_axis_rc_tdata[51] relative to the rising and/or falling clock edge(s) of clk_placeholder.
Related violations: <none>

TIMING-18#418 Warning
Missing input or output delay  
An output delay is missing on m_axis_rc_tdata[52] relative to the rising and/or falling clock edge(s) of clk_placeholder.
Related violations: <none>

TIMING-18#419 Warning
Missing input or output delay  
An output delay is missing on m_axis_rc_tdata[53] relative to the rising and/or falling clock edge(s) of clk_placeholder.
Related violations: <none>

TIMING-18#420 Warning
Missing input or output delay  
An output delay is missing on m_axis_rc_tdata[54] relative to the rising and/or falling clock edge(s) of clk_placeholder.
Related violations: <none>

TIMING-18#421 Warning
Missing input or output delay  
An output delay is missing on m_axis_rc_tdata[55] relative to the rising and/or falling clock edge(s) of clk_placeholder.
Related violations: <none>

TIMING-18#422 Warning
Missing input or output delay  
An output delay is missing on m_axis_rc_tdata[56] relative to the rising and/or falling clock edge(s) of clk_placeholder.
Related violations: <none>

TIMING-18#423 Warning
Missing input or output delay  
An output delay is missing on m_axis_rc_tdata[57] relative to the rising and/or falling clock edge(s) of clk_placeholder.
Related violations: <none>

TIMING-18#424 Warning
Missing input or output delay  
An output delay is missing on m_axis_rc_tdata[58] relative to the rising and/or falling clock edge(s) of clk_placeholder.
Related violations: <none>

TIMING-18#425 Warning
Missing input or output delay  
An output delay is missing on m_axis_rc_tdata[59] relative to the rising and/or falling clock edge(s) of clk_placeholder.
Related violations: <none>

TIMING-18#426 Warning
Missing input or output delay  
An output delay is missing on m_axis_rc_tdata[5] relative to the rising and/or falling clock edge(s) of clk_placeholder.
Related violations: <none>

TIMING-18#427 Warning
Missing input or output delay  
An output delay is missing on m_axis_rc_tdata[60] relative to the rising and/or falling clock edge(s) of clk_placeholder.
Related violations: <none>

TIMING-18#428 Warning
Missing input or output delay  
An output delay is missing on m_axis_rc_tdata[61] relative to the rising and/or falling clock edge(s) of clk_placeholder.
Related violations: <none>

TIMING-18#429 Warning
Missing input or output delay  
An output delay is missing on m_axis_rc_tdata[62] relative to the rising and/or falling clock edge(s) of clk_placeholder.
Related violations: <none>

TIMING-18#430 Warning
Missing input or output delay  
An output delay is missing on m_axis_rc_tdata[63] relative to the rising and/or falling clock edge(s) of clk_placeholder.
Related violations: <none>

TIMING-18#431 Warning
Missing input or output delay  
An output delay is missing on m_axis_rc_tdata[64] relative to the rising and/or falling clock edge(s) of clk_placeholder.
Related violations: <none>

TIMING-18#432 Warning
Missing input or output delay  
An output delay is missing on m_axis_rc_tdata[65] relative to the rising and/or falling clock edge(s) of clk_placeholder.
Related violations: <none>

TIMING-18#433 Warning
Missing input or output delay  
An output delay is missing on m_axis_rc_tdata[66] relative to the rising and/or falling clock edge(s) of clk_placeholder.
Related violations: <none>

TIMING-18#434 Warning
Missing input or output delay  
An output delay is missing on m_axis_rc_tdata[67] relative to the rising and/or falling clock edge(s) of clk_placeholder.
Related violations: <none>

TIMING-18#435 Warning
Missing input or output delay  
An output delay is missing on m_axis_rc_tdata[68] relative to the rising and/or falling clock edge(s) of clk_placeholder.
Related violations: <none>

TIMING-18#436 Warning
Missing input or output delay  
An output delay is missing on m_axis_rc_tdata[69] relative to the rising and/or falling clock edge(s) of clk_placeholder.
Related violations: <none>

TIMING-18#437 Warning
Missing input or output delay  
An output delay is missing on m_axis_rc_tdata[6] relative to the rising and/or falling clock edge(s) of clk_placeholder.
Related violations: <none>

TIMING-18#438 Warning
Missing input or output delay  
An output delay is missing on m_axis_rc_tdata[70] relative to the rising and/or falling clock edge(s) of clk_placeholder.
Related violations: <none>

TIMING-18#439 Warning
Missing input or output delay  
An output delay is missing on m_axis_rc_tdata[71] relative to the rising and/or falling clock edge(s) of clk_placeholder.
Related violations: <none>

TIMING-18#440 Warning
Missing input or output delay  
An output delay is missing on m_axis_rc_tdata[72] relative to the rising and/or falling clock edge(s) of clk_placeholder.
Related violations: <none>

TIMING-18#441 Warning
Missing input or output delay  
An output delay is missing on m_axis_rc_tdata[73] relative to the rising and/or falling clock edge(s) of clk_placeholder.
Related violations: <none>

TIMING-18#442 Warning
Missing input or output delay  
An output delay is missing on m_axis_rc_tdata[74] relative to the rising and/or falling clock edge(s) of clk_placeholder.
Related violations: <none>

TIMING-18#443 Warning
Missing input or output delay  
An output delay is missing on m_axis_rc_tdata[75] relative to the rising and/or falling clock edge(s) of clk_placeholder.
Related violations: <none>

TIMING-18#444 Warning
Missing input or output delay  
An output delay is missing on m_axis_rc_tdata[76] relative to the rising and/or falling clock edge(s) of clk_placeholder.
Related violations: <none>

TIMING-18#445 Warning
Missing input or output delay  
An output delay is missing on m_axis_rc_tdata[77] relative to the rising and/or falling clock edge(s) of clk_placeholder.
Related violations: <none>

TIMING-18#446 Warning
Missing input or output delay  
An output delay is missing on m_axis_rc_tdata[78] relative to the rising and/or falling clock edge(s) of clk_placeholder.
Related violations: <none>

TIMING-18#447 Warning
Missing input or output delay  
An output delay is missing on m_axis_rc_tdata[79] relative to the rising and/or falling clock edge(s) of clk_placeholder.
Related violations: <none>

TIMING-18#448 Warning
Missing input or output delay  
An output delay is missing on m_axis_rc_tdata[7] relative to the rising and/or falling clock edge(s) of clk_placeholder.
Related violations: <none>

TIMING-18#449 Warning
Missing input or output delay  
An output delay is missing on m_axis_rc_tdata[80] relative to the rising and/or falling clock edge(s) of clk_placeholder.
Related violations: <none>

TIMING-18#450 Warning
Missing input or output delay  
An output delay is missing on m_axis_rc_tdata[81] relative to the rising and/or falling clock edge(s) of clk_placeholder.
Related violations: <none>

TIMING-18#451 Warning
Missing input or output delay  
An output delay is missing on m_axis_rc_tdata[82] relative to the rising and/or falling clock edge(s) of clk_placeholder.
Related violations: <none>

TIMING-18#452 Warning
Missing input or output delay  
An output delay is missing on m_axis_rc_tdata[83] relative to the rising and/or falling clock edge(s) of clk_placeholder.
Related violations: <none>

TIMING-18#453 Warning
Missing input or output delay  
An output delay is missing on m_axis_rc_tdata[84] relative to the rising and/or falling clock edge(s) of clk_placeholder.
Related violations: <none>

TIMING-18#454 Warning
Missing input or output delay  
An output delay is missing on m_axis_rc_tdata[85] relative to the rising and/or falling clock edge(s) of clk_placeholder.
Related violations: <none>

TIMING-18#455 Warning
Missing input or output delay  
An output delay is missing on m_axis_rc_tdata[86] relative to the rising and/or falling clock edge(s) of clk_placeholder.
Related violations: <none>

TIMING-18#456 Warning
Missing input or output delay  
An output delay is missing on m_axis_rc_tdata[87] relative to the rising and/or falling clock edge(s) of clk_placeholder.
Related violations: <none>

TIMING-18#457 Warning
Missing input or output delay  
An output delay is missing on m_axis_rc_tdata[88] relative to the rising and/or falling clock edge(s) of clk_placeholder.
Related violations: <none>

TIMING-18#458 Warning
Missing input or output delay  
An output delay is missing on m_axis_rc_tdata[89] relative to the rising and/or falling clock edge(s) of clk_placeholder.
Related violations: <none>

TIMING-18#459 Warning
Missing input or output delay  
An output delay is missing on m_axis_rc_tdata[8] relative to the rising and/or falling clock edge(s) of clk_placeholder.
Related violations: <none>

TIMING-18#460 Warning
Missing input or output delay  
An output delay is missing on m_axis_rc_tdata[90] relative to the rising and/or falling clock edge(s) of clk_placeholder.
Related violations: <none>

TIMING-18#461 Warning
Missing input or output delay  
An output delay is missing on m_axis_rc_tdata[91] relative to the rising and/or falling clock edge(s) of clk_placeholder.
Related violations: <none>

TIMING-18#462 Warning
Missing input or output delay  
An output delay is missing on m_axis_rc_tdata[92] relative to the rising and/or falling clock edge(s) of clk_placeholder.
Related violations: <none>

TIMING-18#463 Warning
Missing input or output delay  
An output delay is missing on m_axis_rc_tdata[93] relative to the rising and/or falling clock edge(s) of clk_placeholder.
Related violations: <none>

TIMING-18#464 Warning
Missing input or output delay  
An output delay is missing on m_axis_rc_tdata[94] relative to the rising and/or falling clock edge(s) of clk_placeholder.
Related violations: <none>

TIMING-18#465 Warning
Missing input or output delay  
An output delay is missing on m_axis_rc_tdata[95] relative to the rising and/or falling clock edge(s) of clk_placeholder.
Related violations: <none>

TIMING-18#466 Warning
Missing input or output delay  
An output delay is missing on m_axis_rc_tdata[96] relative to the rising and/or falling clock edge(s) of clk_placeholder.
Related violations: <none>

TIMING-18#467 Warning
Missing input or output delay  
An output delay is missing on m_axis_rc_tdata[97] relative to the rising and/or falling clock edge(s) of clk_placeholder.
Related violations: <none>

TIMING-18#468 Warning
Missing input or output delay  
An output delay is missing on m_axis_rc_tdata[98] relative to the rising and/or falling clock edge(s) of clk_placeholder.
Related violations: <none>

TIMING-18#469 Warning
Missing input or output delay  
An output delay is missing on m_axis_rc_tdata[99] relative to the rising and/or falling clock edge(s) of clk_placeholder.
Related violations: <none>

TIMING-18#470 Warning
Missing input or output delay  
An output delay is missing on m_axis_rc_tdata[9] relative to the rising and/or falling clock edge(s) of clk_placeholder.
Related violations: <none>

TIMING-18#471 Warning
Missing input or output delay  
An output delay is missing on m_axis_rc_tkeep[0] relative to the rising and/or falling clock edge(s) of clk_placeholder.
Related violations: <none>

TIMING-18#472 Warning
Missing input or output delay  
An output delay is missing on m_axis_rc_tkeep[1] relative to the rising and/or falling clock edge(s) of clk_placeholder.
Related violations: <none>

TIMING-18#473 Warning
Missing input or output delay  
An output delay is missing on m_axis_rc_tkeep[2] relative to the rising and/or falling clock edge(s) of clk_placeholder.
Related violations: <none>

TIMING-18#474 Warning
Missing input or output delay  
An output delay is missing on m_axis_rc_tkeep[3] relative to the rising and/or falling clock edge(s) of clk_placeholder.
Related violations: <none>

TIMING-18#475 Warning
Missing input or output delay  
An output delay is missing on m_axis_rc_tlast relative to the rising and/or falling clock edge(s) of clk_placeholder.
Related violations: <none>

TIMING-18#476 Warning
Missing input or output delay  
An output delay is missing on m_axis_rc_tvalid relative to the rising and/or falling clock edge(s) of clk_placeholder.
Related violations: <none>

TIMING-18#477 Warning
Missing input or output delay  
An output delay is missing on m_dllp_axis_tdata[0] relative to the rising and/or falling clock edge(s) of clk_placeholder.
Related violations: <none>

TIMING-18#478 Warning
Missing input or output delay  
An output delay is missing on m_dllp_axis_tdata[10] relative to the rising and/or falling clock edge(s) of clk_placeholder.
Related violations: <none>

TIMING-18#479 Warning
Missing input or output delay  
An output delay is missing on m_dllp_axis_tdata[11] relative to the rising and/or falling clock edge(s) of clk_placeholder.
Related violations: <none>

TIMING-18#480 Warning
Missing input or output delay  
An output delay is missing on m_dllp_axis_tdata[12] relative to the rising and/or falling clock edge(s) of clk_placeholder.
Related violations: <none>

TIMING-18#481 Warning
Missing input or output delay  
An output delay is missing on m_dllp_axis_tdata[13] relative to the rising and/or falling clock edge(s) of clk_placeholder.
Related violations: <none>

TIMING-18#482 Warning
Missing input or output delay  
An output delay is missing on m_dllp_axis_tdata[14] relative to the rising and/or falling clock edge(s) of clk_placeholder.
Related violations: <none>

TIMING-18#483 Warning
Missing input or output delay  
An output delay is missing on m_dllp_axis_tdata[15] relative to the rising and/or falling clock edge(s) of clk_placeholder.
Related violations: <none>

TIMING-18#484 Warning
Missing input or output delay  
An output delay is missing on m_dllp_axis_tdata[16] relative to the rising and/or falling clock edge(s) of clk_placeholder.
Related violations: <none>

TIMING-18#485 Warning
Missing input or output delay  
An output delay is missing on m_dllp_axis_tdata[17] relative to the rising and/or falling clock edge(s) of clk_placeholder.
Related violations: <none>

TIMING-18#486 Warning
Missing input or output delay  
An output delay is missing on m_dllp_axis_tdata[18] relative to the rising and/or falling clock edge(s) of clk_placeholder.
Related violations: <none>

TIMING-18#487 Warning
Missing input or output delay  
An output delay is missing on m_dllp_axis_tdata[19] relative to the rising and/or falling clock edge(s) of clk_placeholder.
Related violations: <none>

TIMING-18#488 Warning
Missing input or output delay  
An output delay is missing on m_dllp_axis_tdata[1] relative to the rising and/or falling clock edge(s) of clk_placeholder.
Related violations: <none>

TIMING-18#489 Warning
Missing input or output delay  
An output delay is missing on m_dllp_axis_tdata[20] relative to the rising and/or falling clock edge(s) of clk_placeholder.
Related violations: <none>

TIMING-18#490 Warning
Missing input or output delay  
An output delay is missing on m_dllp_axis_tdata[21] relative to the rising and/or falling clock edge(s) of clk_placeholder.
Related violations: <none>

TIMING-18#491 Warning
Missing input or output delay  
An output delay is missing on m_dllp_axis_tdata[22] relative to the rising and/or falling clock edge(s) of clk_placeholder.
Related violations: <none>

TIMING-18#492 Warning
Missing input or output delay  
An output delay is missing on m_dllp_axis_tdata[23] relative to the rising and/or falling clock edge(s) of clk_placeholder.
Related violations: <none>

TIMING-18#493 Warning
Missing input or output delay  
An output delay is missing on m_dllp_axis_tdata[24] relative to the rising and/or falling clock edge(s) of clk_placeholder.
Related violations: <none>

TIMING-18#494 Warning
Missing input or output delay  
An output delay is missing on m_dllp_axis_tdata[25] relative to the rising and/or falling clock edge(s) of clk_placeholder.
Related violations: <none>

TIMING-18#495 Warning
Missing input or output delay  
An output delay is missing on m_dllp_axis_tdata[26] relative to the rising and/or falling clock edge(s) of clk_placeholder.
Related violations: <none>

TIMING-18#496 Warning
Missing input or output delay  
An output delay is missing on m_dllp_axis_tdata[27] relative to the rising and/or falling clock edge(s) of clk_placeholder.
Related violations: <none>

TIMING-18#497 Warning
Missing input or output delay  
An output delay is missing on m_dllp_axis_tdata[28] relative to the rising and/or falling clock edge(s) of clk_placeholder.
Related violations: <none>

TIMING-18#498 Warning
Missing input or output delay  
An output delay is missing on m_dllp_axis_tdata[29] relative to the rising and/or falling clock edge(s) of clk_placeholder.
Related violations: <none>

TIMING-18#499 Warning
Missing input or output delay  
An output delay is missing on m_dllp_axis_tdata[2] relative to the rising and/or falling clock edge(s) of clk_placeholder.
Related violations: <none>

TIMING-18#500 Warning
Missing input or output delay  
An output delay is missing on m_dllp_axis_tdata[30] relative to the rising and/or falling clock edge(s) of clk_placeholder.
Related violations: <none>

TIMING-18#501 Warning
Missing input or output delay  
An output delay is missing on m_dllp_axis_tdata[31] relative to the rising and/or falling clock edge(s) of clk_placeholder.
Related violations: <none>

TIMING-18#502 Warning
Missing input or output delay  
An output delay is missing on m_dllp_axis_tdata[3] relative to the rising and/or falling clock edge(s) of clk_placeholder.
Related violations: <none>

TIMING-18#503 Warning
Missing input or output delay  
An output delay is missing on m_dllp_axis_tdata[4] relative to the rising and/or falling clock edge(s) of clk_placeholder.
Related violations: <none>

TIMING-18#504 Warning
Missing input or output delay  
An output delay is missing on m_dllp_axis_tdata[5] relative to the rising and/or falling clock edge(s) of clk_placeholder.
Related violations: <none>

TIMING-18#505 Warning
Missing input or output delay  
An output delay is missing on m_dllp_axis_tdata[6] relative to the rising and/or falling clock edge(s) of clk_placeholder.
Related violations: <none>

TIMING-18#506 Warning
Missing input or output delay  
An output delay is missing on m_dllp_axis_tdata[7] relative to the rising and/or falling clock edge(s) of clk_placeholder.
Related violations: <none>

TIMING-18#507 Warning
Missing input or output delay  
An output delay is missing on m_dllp_axis_tdata[8] relative to the rising and/or falling clock edge(s) of clk_placeholder.
Related violations: <none>

TIMING-18#508 Warning
Missing input or output delay  
An output delay is missing on m_dllp_axis_tdata[9] relative to the rising and/or falling clock edge(s) of clk_placeholder.
Related violations: <none>

TIMING-18#509 Warning
Missing input or output delay  
An output delay is missing on m_dllp_axis_tkeep[0] relative to the rising and/or falling clock edge(s) of clk_placeholder.
Related violations: <none>

TIMING-18#510 Warning
Missing input or output delay  
An output delay is missing on m_dllp_axis_tkeep[1] relative to the rising and/or falling clock edge(s) of clk_placeholder.
Related violations: <none>

TIMING-18#511 Warning
Missing input or output delay  
An output delay is missing on m_dllp_axis_tkeep[2] relative to the rising and/or falling clock edge(s) of clk_placeholder.
Related violations: <none>

TIMING-18#512 Warning
Missing input or output delay  
An output delay is missing on m_dllp_axis_tkeep[3] relative to the rising and/or falling clock edge(s) of clk_placeholder.
Related violations: <none>

TIMING-18#513 Warning
Missing input or output delay  
An output delay is missing on m_dllp_axis_tlast relative to the rising and/or falling clock edge(s) of clk_placeholder.
Related violations: <none>

TIMING-18#514 Warning
Missing input or output delay  
An output delay is missing on m_dllp_axis_tvalid relative to the rising and/or falling clock edge(s) of clk_placeholder.
Related violations: <none>

TIMING-18#515 Warning
Missing input or output delay  
An output delay is missing on malformed_o relative to the rising and/or falling clock edge(s) of clk_placeholder.
Related violations: <none>

TIMING-18#516 Warning
Missing input or output delay  
An output delay is missing on outstanding_o[0] relative to the rising and/or falling clock edge(s) of clk_placeholder.
Related violations: <none>

TIMING-18#517 Warning
Missing input or output delay  
An output delay is missing on outstanding_o[1] relative to the rising and/or falling clock edge(s) of clk_placeholder.
Related violations: <none>

TIMING-18#518 Warning
Missing input or output delay  
An output delay is missing on outstanding_o[2] relative to the rising and/or falling clock edge(s) of clk_placeholder.
Related violations: <none>

TIMING-18#519 Warning
Missing input or output delay  
An output delay is missing on outstanding_o[3] relative to the rising and/or falling clock edge(s) of clk_placeholder.
Related violations: <none>

TIMING-18#520 Warning
Missing input or output delay  
An output delay is missing on outstanding_o[4] relative to the rising and/or falling clock edge(s) of clk_placeholder.
Related violations: <none>

TIMING-18#521 Warning
Missing input or output delay  
An output delay is missing on outstanding_o[5] relative to the rising and/or falling clock edge(s) of clk_placeholder.
Related violations: <none>

TIMING-18#522 Warning
Missing input or output delay  
An output delay is missing on pcie_rq_tag_o[0] relative to the rising and/or falling clock edge(s) of clk_placeholder.
Related violations: <none>

TIMING-18#523 Warning
Missing input or output delay  
An output delay is missing on pcie_rq_tag_o[1] relative to the rising and/or falling clock edge(s) of clk_placeholder.
Related violations: <none>

TIMING-18#524 Warning
Missing input or output delay  
An output delay is missing on pcie_rq_tag_o[2] relative to the rising and/or falling clock edge(s) of clk_placeholder.
Related violations: <none>

TIMING-18#525 Warning
Missing input or output delay  
An output delay is missing on pcie_rq_tag_o[3] relative to the rising and/or falling clock edge(s) of clk_placeholder.
Related violations: <none>

TIMING-18#526 Warning
Missing input or output delay  
An output delay is missing on pcie_rq_tag_o[4] relative to the rising and/or falling clock edge(s) of clk_placeholder.
Related violations: <none>

TIMING-18#527 Warning
Missing input or output delay  
An output delay is missing on pcie_rq_tag_o[5] relative to the rising and/or falling clock edge(s) of clk_placeholder.
Related violations: <none>

TIMING-18#528 Warning
Missing input or output delay  
An output delay is missing on pcie_rq_tag_o[6] relative to the rising and/or falling clock edge(s) of clk_placeholder.
Related violations: <none>

TIMING-18#529 Warning
Missing input or output delay  
An output delay is missing on pcie_rq_tag_o[7] relative to the rising and/or falling clock edge(s) of clk_placeholder.
Related violations: <none>

TIMING-18#530 Warning
Missing input or output delay  
An output delay is missing on pcie_rq_tag_vld_o relative to the rising and/or falling clock edge(s) of clk_placeholder.
Related violations: <none>

TIMING-18#531 Warning
Missing input or output delay  
An output delay is missing on rc_completion_error_code_o[0] relative to the rising and/or falling clock edge(s) of clk_placeholder.
Related violations: <none>

TIMING-18#532 Warning
Missing input or output delay  
An output delay is missing on rc_completion_error_code_o[1] relative to the rising and/or falling clock edge(s) of clk_placeholder.
Related violations: <none>

TIMING-18#533 Warning
Missing input or output delay  
An output delay is missing on rc_completion_error_code_o[2] relative to the rising and/or falling clock edge(s) of clk_placeholder.
Related violations: <none>

TIMING-18#534 Warning
Missing input or output delay  
An output delay is missing on rc_completion_error_code_o[3] relative to the rising and/or falling clock edge(s) of clk_placeholder.
Related violations: <none>

TIMING-18#535 Warning
Missing input or output delay  
An output delay is missing on rc_completion_error_code_o[4] relative to the rising and/or falling clock edge(s) of clk_placeholder.
Related violations: <none>

TIMING-18#536 Warning
Missing input or output delay  
An output delay is missing on rc_error_code_o[0] relative to the rising and/or falling clock edge(s) of clk_placeholder.
Related violations: <none>

TIMING-18#537 Warning
Missing input or output delay  
An output delay is missing on rc_error_code_o[1] relative to the rising and/or falling clock edge(s) of clk_placeholder.
Related violations: <none>

TIMING-18#538 Warning
Missing input or output delay  
An output delay is missing on rc_error_code_o[2] relative to the rising and/or falling clock edge(s) of clk_placeholder.
Related violations: <none>

TIMING-18#539 Warning
Missing input or output delay  
An output delay is missing on rc_error_code_o[3] relative to the rising and/or falling clock edge(s) of clk_placeholder.
Related violations: <none>

TIMING-18#540 Warning
Missing input or output delay  
An output delay is missing on rc_gearbox_error_o relative to the rising and/or falling clock edge(s) of clk_placeholder.
Related violations: <none>

TIMING-18#541 Warning
Missing input or output delay  
An output delay is missing on rc_protocol_error_o relative to the rising and/or falling clock edge(s) of clk_placeholder.
Related violations: <none>

TIMING-18#542 Warning
Missing input or output delay  
An output delay is missing on rc_unexpected_completion_o relative to the rising and/or falling clock edge(s) of clk_placeholder.
Related violations: <none>

TIMING-18#543 Warning
Missing input or output delay  
An output delay is missing on rq_error_code_o[0] relative to the rising and/or falling clock edge(s) of clk_placeholder.
Related violations: <none>

TIMING-18#544 Warning
Missing input or output delay  
An output delay is missing on rq_error_code_o[1] relative to the rising and/or falling clock edge(s) of clk_placeholder.
Related violations: <none>

TIMING-18#545 Warning
Missing input or output delay  
An output delay is missing on rq_error_code_o[2] relative to the rising and/or falling clock edge(s) of clk_placeholder.
Related violations: <none>

TIMING-18#546 Warning
Missing input or output delay  
An output delay is missing on rq_error_code_o[3] relative to the rising and/or falling clock edge(s) of clk_placeholder.
Related violations: <none>

TIMING-18#547 Warning
Missing input or output delay  
An output delay is missing on rq_gearbox_error_o relative to the rising and/or falling clock edge(s) of clk_placeholder.
Related violations: <none>

TIMING-18#548 Warning
Missing input or output delay  
An output delay is missing on rq_protocol_error_o relative to the rising and/or falling clock edge(s) of clk_placeholder.
Related violations: <none>

TIMING-18#549 Warning
Missing input or output delay  
An output delay is missing on rx_ecrc_error_o relative to the rising and/or falling clock edge(s) of clk_placeholder.
Related violations: <none>

TIMING-18#550 Warning
Missing input or output delay  
An output delay is missing on rx_error_code_o[0] relative to the rising and/or falling clock edge(s) of clk_placeholder.
Related violations: <none>

TIMING-18#551 Warning
Missing input or output delay  
An output delay is missing on rx_error_code_o[1] relative to the rising and/or falling clock edge(s) of clk_placeholder.
Related violations: <none>

TIMING-18#552 Warning
Missing input or output delay  
An output delay is missing on rx_error_code_o[2] relative to the rising and/or falling clock edge(s) of clk_placeholder.
Related violations: <none>

TIMING-18#553 Warning
Missing input or output delay  
An output delay is missing on rx_error_code_o[3] relative to the rising and/or falling clock edge(s) of clk_placeholder.
Related violations: <none>

TIMING-18#554 Warning
Missing input or output delay  
An output delay is missing on rx_error_code_o[4] relative to the rising and/or falling clock edge(s) of clk_placeholder.
Related violations: <none>

TIMING-18#555 Warning
Missing input or output delay  
An output delay is missing on rx_error_valid_o relative to the rising and/or falling clock edge(s) of clk_placeholder.
Related violations: <none>

TIMING-18#556 Warning
Missing input or output delay  
An output delay is missing on s_axis_rq_tready relative to the rising and/or falling clock edge(s) of clk_placeholder.
Related violations: <none>

TIMING-18#557 Warning
Missing input or output delay  
An output delay is missing on s_dllp_axis_tready relative to the rising and/or falling clock edge(s) of clk_placeholder.
Related violations: <none>

TIMING-18#558 Warning
Missing input or output delay  
An output delay is missing on tx_error_code_o[0] relative to the rising and/or falling clock edge(s) of clk_placeholder.
Related violations: <none>

TIMING-18#559 Warning
Missing input or output delay  
An output delay is missing on tx_error_code_o[1] relative to the rising and/or falling clock edge(s) of clk_placeholder.
Related violations: <none>

TIMING-18#560 Warning
Missing input or output delay  
An output delay is missing on tx_error_code_o[2] relative to the rising and/or falling clock edge(s) of clk_placeholder.
Related violations: <none>

TIMING-18#561 Warning
Missing input or output delay  
An output delay is missing on tx_error_code_o[3] relative to the rising and/or falling clock edge(s) of clk_placeholder.
Related violations: <none>

TIMING-18#562 Warning
Missing input or output delay  
An output delay is missing on tx_error_code_o[4] relative to the rising and/or falling clock edge(s) of clk_placeholder.
Related violations: <none>

TIMING-18#563 Warning
Missing input or output delay  
An output delay is missing on tx_error_valid_o relative to the rising and/or falling clock edge(s) of clk_placeholder.
Related violations: <none>

TIMING-18#564 Warning
Missing input or output delay  
An output delay is missing on tx_fc_blocked_o relative to the rising and/or falling clock edge(s) of clk_placeholder.
Related violations: <none>

TIMING-18#565 Warning
Missing input or output delay  
An output delay is missing on vc_overflow_o relative to the rising and/or falling clock edge(s) of clk_placeholder.
Related violations: <none>


