Copyright 1986-2022 Xilinx, Inc. All Rights Reserved. Copyright 2022-2023 Advanced Micro Devices, Inc. All Rights Reserved.
-----------------------------------------------------------------------------------------------------------------------------------------------------
| Tool Version      : Vivado v.2023.2 (lin64) Build 4029153 Fri Oct 13 20:13:54 MDT 2023
| Date              : Fri Aug  7 17:23:04 2026
| Host              : vlsi031.ee.washington.edu running 64-bit CentOS Linux release 7.9.2009 (Core)
| Command           : report_timing_summary -delay_type max -max_paths 20 -input_pins -file /home/kourosh/synth_s2/pcie_rq_rc_top/timing_summary.rpt
| Design            : pcie_rq_rc_top
| Device            : xczu7ev-ffvc1156
| Speed File        : -2  PRODUCTION 1.30 05-15-2022
| Design State      : Synthesized
| Temperature Grade : E
-----------------------------------------------------------------------------------------------------------------------------------------------------

Timing Summary Report

------------------------------------------------------------------------------------------------
| Timer Settings
| --------------
------------------------------------------------------------------------------------------------

  Enable Multi Corner Analysis               :  Yes
  Enable Pessimism Removal                   :  Yes
  Pessimism Removal Resolution               :  Nearest Common Node
  Enable Input Delay Default Clock           :  No
  Enable Preset / Clear Arcs                 :  No
  Disable Flight Delays                      :  No
  Ignore I/O Paths                           :  No
  Timing Early Launch at Borrowing Latches   :  No
  Borrow Time for Max Delay Exceptions       :  Yes
  Merge Timing Exceptions                    :  Yes
  Inter-SLR Compensation                     :  Conservative

  Corner  Analyze    Analyze    
  Name    Max Paths  Min Paths  
  ------  ---------  ---------  
  Slow    Yes        Yes        
  Fast    Yes        Yes        


------------------------------------------------------------------------------------------------
| Report Methodology
| ------------------
------------------------------------------------------------------------------------------------

No report available as report_methodology has not been run prior. Run report_methodology on the current design for the summary of methodology violations.



check_timing report

Table of Contents
-----------------
1. checking no_clock (0)
2. checking constant_clock (0)
3. checking pulse_width_clock (0)
4. checking unconstrained_internal_endpoints (0)
5. checking no_input_delay (265)
6. checking no_output_delay (235)
7. checking multiple_clock (0)
8. checking generated_clocks (0)
9. checking loops (0)
10. checking partial_input_delay (0)
11. checking partial_output_delay (0)
12. checking latch_loops (0)

1. checking no_clock (0)
------------------------
 There are 0 register/latch pins with no clock.


2. checking constant_clock (0)
------------------------------
 There are 0 register/latch pins with constant_clock.


3. checking pulse_width_clock (0)
---------------------------------
 There are 0 register/latch pins which need pulse_width check


4. checking unconstrained_internal_endpoints (0)
------------------------------------------------
 There are 0 pins that are not constrained for maximum delay.

 There are 0 pins that are not constrained for maximum delay due to constant clock.


5. checking no_input_delay (265)
--------------------------------
 There are 265 input ports with no input delay specified. (HIGH)

 There are 0 input ports with no input delay but user has a false path constraint.


6. checking no_output_delay (235)
---------------------------------
 There are 235 ports with no output delay specified. (HIGH)

 There are 0 ports with no output delay but user has a false path constraint

 There are 0 ports with no output delay but with a timing clock defined on it or propagating through it


7. checking multiple_clock (0)
------------------------------
 There are 0 register/latch pins with multiple clocks.


8. checking generated_clocks (0)
--------------------------------
 There are 0 generated clocks that are not connected to a clock source.


9. checking loops (0)
---------------------
 There are 0 combinational loops in the design.


10. checking partial_input_delay (0)
------------------------------------
 There are 0 input ports with partial input delay specified.


11. checking partial_output_delay (0)
-------------------------------------
 There are 0 ports with partial output delay specified.


12. checking latch_loops (0)
----------------------------
 There are 0 combinational latch loops in the design through latch input



------------------------------------------------------------------------------------------------
| Design Timing Summary
| ---------------------
------------------------------------------------------------------------------------------------

    WNS(ns)      TNS(ns)  TNS Failing Endpoints  TNS Total Endpoints     WPWS(ns)     TPWS(ns)  TPWS Failing Endpoints  TPWS Total Endpoints  
    -------      -------  ---------------------  -------------------     --------     --------  ----------------------  --------------------  
     -0.695     -709.214                   1376                38256        1.468        0.000                       0                  8092  


Timing constraints are not met.


------------------------------------------------------------------------------------------------
| Clock Summary
| -------------
------------------------------------------------------------------------------------------------

Clock            Waveform(ns)         Period(ns)      Frequency(MHz)
-----            ------------         ----------      --------------
clk_placeholder  {0.000 2.000}        4.000           250.000         


------------------------------------------------------------------------------------------------
| Intra Clock Table
| -----------------
------------------------------------------------------------------------------------------------

Clock                WNS(ns)      TNS(ns)  TNS Failing Endpoints  TNS Total Endpoints     WPWS(ns)     TPWS(ns)  TPWS Failing Endpoints  TPWS Total Endpoints  
-----                -------      -------  ---------------------  -------------------     --------     --------  ----------------------  --------------------  
clk_placeholder       -0.695     -709.214                   1376                38256        1.468        0.000                       0                  8092  


------------------------------------------------------------------------------------------------
| Inter Clock Table
| -----------------
------------------------------------------------------------------------------------------------

From Clock    To Clock          WNS(ns)      TNS(ns)  TNS Failing Endpoints  TNS Total Endpoints  
----------    --------          -------      -------  ---------------------  -------------------  


------------------------------------------------------------------------------------------------
| Other Path Groups Table
| -----------------------
------------------------------------------------------------------------------------------------

Path Group    From Clock    To Clock          WNS(ns)      TNS(ns)  TNS Failing Endpoints  TNS Total Endpoints  
----------    ----------    --------          -------      -------  ---------------------  -------------------  


------------------------------------------------------------------------------------------------
| Timing Details
| --------------
------------------------------------------------------------------------------------------------


---------------------------------------------------------------------------------------------------
From Clock:  clk_placeholder
  To Clock:  clk_placeholder

Setup :         1376  Failing Endpoints,  Worst Slack       -0.695ns,  Total Violation     -709.214ns
Hold  :           NA  Failing Endpoints,  Worst Slack           NA  ,  Total Violation           NA
PW    :            0  Failing Endpoints,  Worst Slack        1.468ns,  Total Violation        0.000ns
---------------------------------------------------------------------------------------------------


Max Delay Paths
--------------------------------------------------------------------------------------
Slack (VIOLATED) :        -0.695ns  (required time - arrival time)
  Source:                 u_tlp_layer/parser_inst/header_r_reg[requester_id][11]/C
                            (rising edge-triggered cell FDRE clocked by clk_placeholder  {rise@0.000ns fall@2.000ns period=4.000ns})
  Destination:            u_tlp_layer/tracker_inst/next_lower_address_r_reg[1][0]/R
                            (rising edge-triggered cell FDRE clocked by clk_placeholder  {rise@0.000ns fall@2.000ns period=4.000ns})
  Path Group:             clk_placeholder
  Path Type:              Setup (Max at Slow Process Corner)
  Requirement:            4.000ns  (clk_placeholder rise@4.000ns - clk_placeholder rise@0.000ns)
  Data Path Delay:        4.577ns  (logic 1.213ns (26.502%)  route 3.364ns (73.498%))
  Logic Levels:           16  (CARRY8=1 LUT2=2 LUT4=4 LUT5=2 LUT6=7)
  Clock Path Skew:        -0.009ns (DCD - SCD + CPR)
    Destination Clock Delay (DCD):    0.021ns = ( 4.021 - 4.000 ) 
    Source Clock Delay      (SCD):    0.030ns
    Clock Pessimism Removal (CPR):    0.000ns
  Clock Uncertainty:      0.035ns  ((TSJ^2 + TIJ^2)^1/2 + DJ) / 2 + PE
    Total System Jitter     (TSJ):    0.071ns
    Total Input Jitter      (TIJ):    0.000ns
    Discrete Jitter          (DJ):    0.000ns
    Phase Error              (PE):    0.000ns

    Location             Delay type                Incr(ns)  Path(ns)    Netlist Resource(s)
  -------------------------------------------------------------------    -------------------
                         (clock clk_placeholder rise edge)
                                                      0.000     0.000 r  
                                                      0.000     0.000 r  clk_i (IN)
                         net (fo=8091, unset)         0.030     0.030    u_tlp_layer/parser_inst/clk_i
                         FDRE                                         r  u_tlp_layer/parser_inst/header_r_reg[requester_id][11]/C
  -------------------------------------------------------------------    -------------------
                         FDRE (Prop_FDRE_C_Q)         0.077     0.107 f  u_tlp_layer/parser_inst/header_r_reg[requester_id][11]/Q
                         net (fo=55, unplaced)        0.226     0.333    u_tlp_layer/tracker_inst/completion_header_i[requester_id][11]
                                                                      f  u_tlp_layer/tracker_inst/remaining_r[21][8]_i_9/I0
                         LUT6 (Prop_LUT6_I0_O)        0.150     0.483 f  u_tlp_layer/tracker_inst/remaining_r[21][8]_i_9/O
                         net (fo=1, unplaced)         0.186     0.669    u_tlp_layer/tracker_inst/remaining_r[21][8]_i_9_n_0
                                                                      f  u_tlp_layer/tracker_inst/remaining_r[21][8]_i_3/I5
                         LUT6 (Prop_LUT6_I5_O)        0.038     0.707 f  u_tlp_layer/tracker_inst/remaining_r[21][8]_i_3/O
                         net (fo=1, unplaced)         0.141     0.848    u_tlp_layer/tracker_inst/remaining_r[21][8]_i_3_n_0
                                                                      f  u_tlp_layer/tracker_inst/remaining_r[21][8]_i_2/I0
                         LUT6 (Prop_LUT6_I0_O)        0.100     0.948 r  u_tlp_layer/tracker_inst/remaining_r[21][8]_i_2/O
                         net (fo=15, unplaced)        0.183     1.131    u_tlp_layer/tracker_inst/remaining_r[21][8]_i_2_n_0
                                                                      r  u_tlp_layer/tracker_inst/cpl_timeout_valid_o_i_25/I1
                         LUT5 (Prop_LUT5_I1_O)        0.100     1.231 r  u_tlp_layer/tracker_inst/cpl_timeout_valid_o_i_25/O
                         net (fo=1, unplaced)         0.186     1.417    u_tlp_layer/tracker_inst/cpl_timeout_valid_o_i_25_n_0
                                                                      r  u_tlp_layer/tracker_inst/cpl_timeout_valid_o_i_8/I5
                         LUT6 (Prop_LUT6_I5_O)        0.038     1.455 r  u_tlp_layer/tracker_inst/cpl_timeout_valid_o_i_8/O
                         net (fo=14, unplaced)        0.227     1.682    u_tlp_layer/tracker_inst/cpl_timeout_valid_o_i_8_n_0
                                                                      r  u_tlp_layer/tracker_inst/remaining_r[3][12]_i_6/I1
                         LUT2 (Prop_LUT2_I1_O)        0.038     1.720 f  u_tlp_layer/tracker_inst/remaining_r[3][12]_i_6/O
                         net (fo=180, unplaced)       0.285     2.005    u_tlp_layer/tracker_inst/remaining_r[3][12]_i_6_n_0
                                                                      f  u_tlp_layer/tracker_inst/remaining_r[0][7]_i_159/I2
                         LUT4 (Prop_LUT4_I2_O)        0.038     2.043 r  u_tlp_layer/tracker_inst/remaining_r[0][7]_i_159/O
                         net (fo=1, unplaced)         0.186     2.229    u_tlp_layer/tracker_inst/remaining_r[0][7]_i_159_n_0
                                                                      r  u_tlp_layer/tracker_inst/remaining_r[0][7]_i_60/I1
                         LUT6 (Prop_LUT6_I1_O)        0.038     2.267 r  u_tlp_layer/tracker_inst/remaining_r[0][7]_i_60/O
                         net (fo=1, unplaced)         0.105     2.372    u_tlp_layer/tracker_inst/remaining_r[0][7]_i_60_n_0
                                                                      r  u_tlp_layer/tracker_inst/remaining_r[0][7]_i_13/I0
                         LUT6 (Prop_LUT6_I0_O)        0.150     2.522 r  u_tlp_layer/tracker_inst/remaining_r[0][7]_i_13/O
                         net (fo=7, unplaced)         0.211     2.733    u_tlp_layer/tracker_inst/remaining_r[1]
                                                                      r  u_tlp_layer/tracker_inst/result_last_r_i_11/I2
                         LUT4 (Prop_LUT4_I2_O)        0.038     2.771 f  u_tlp_layer/tracker_inst/result_last_r_i_11/O
                         net (fo=2, unplaced)         0.233     3.004    u_tlp_layer/tracker_inst/result_last_r_i_11_n_0
                                                                      f  u_tlp_layer/tracker_inst/result_context_r_reg[12]_i_55/DI[0]
                         CARRY8 (Prop_CARRY8_DI[0]_CO[6])
                                                      0.186     3.190 f  u_tlp_layer/tracker_inst/result_context_r_reg[12]_i_55/CO[6]
                         net (fo=1, unplaced)         0.138     3.328    u_tlp_layer/tracker_inst/active_r6
                                                                      f  u_tlp_layer/tracker_inst/result_context_r[12]_i_37/I3
                         LUT4 (Prop_LUT4_I3_O)        0.070     3.398 f  u_tlp_layer/tracker_inst/result_context_r[12]_i_37/O
                         net (fo=2, unplaced)         0.186     3.584    u_tlp_layer/tracker_inst/result_context_r[12]_i_37_n_0
                                                                      f  u_tlp_layer/tracker_inst/result_context_r[12]_i_12/I1
                         LUT5 (Prop_LUT5_I1_O)        0.038     3.622 f  u_tlp_layer/tracker_inst/result_context_r[12]_i_12/O
                         net (fo=3, unplaced)         0.192     3.814    u_tlp_layer/tracker_inst/result_context_r[12]_i_12_n_0
                                                                      f  u_tlp_layer/tracker_inst/next_lower_address_r[0][6]_i_3/I2
                         LUT6 (Prop_LUT6_I2_O)        0.038     3.852 f  u_tlp_layer/tracker_inst/next_lower_address_r[0][6]_i_3/O
                         net (fo=84, unplaced)        0.267     4.119    u_tlp_layer/tracker_inst/next_lower_address_r[0][6]_i_3_n_0
                                                                      f  u_tlp_layer/tracker_inst/next_lower_address_r[1][6]_i_1/I0
                         LUT4 (Prop_LUT4_I0_O)        0.038     4.157 r  u_tlp_layer/tracker_inst/next_lower_address_r[1][6]_i_1/O
                         net (fo=8, unplaced)         0.214     4.371    u_tlp_layer/tracker_inst/next_lower_address_r[1][6]_i_1_n_0
                                                                      r  u_tlp_layer/tracker_inst/next_lower_address_r[1][4]_i_1/I1
                         LUT2 (Prop_LUT2_I1_O)        0.038     4.409 r  u_tlp_layer/tracker_inst/next_lower_address_r[1][4]_i_1/O
                         net (fo=4, unplaced)         0.198     4.607    u_tlp_layer/tracker_inst/next_lower_address_r[1][4]_i_1_n_0
                         FDRE                                         r  u_tlp_layer/tracker_inst/next_lower_address_r_reg[1][0]/R
  -------------------------------------------------------------------    -------------------

                         (clock clk_placeholder rise edge)
                                                      4.000     4.000 r  
                                                      0.000     4.000 r  clk_i (IN)
                         net (fo=8091, unset)         0.021     4.021    u_tlp_layer/tracker_inst/clk_i
                         FDRE                                         r  u_tlp_layer/tracker_inst/next_lower_address_r_reg[1][0]/C
                         clock pessimism              0.000     4.021    
                         clock uncertainty           -0.035     3.986    
                         FDRE (Setup_FDRE_C_R)       -0.074     3.912    u_tlp_layer/tracker_inst/next_lower_address_r_reg[1][0]
  -------------------------------------------------------------------
                         required time                          3.912    
                         arrival time                          -4.607    
  -------------------------------------------------------------------
                         slack                                 -0.695    

Slack (VIOLATED) :        -0.695ns  (required time - arrival time)
  Source:                 u_tlp_layer/parser_inst/header_r_reg[requester_id][11]/C
                            (rising edge-triggered cell FDRE clocked by clk_placeholder  {rise@0.000ns fall@2.000ns period=4.000ns})
  Destination:            u_tlp_layer/tracker_inst/next_lower_address_r_reg[1][1]/R
                            (rising edge-triggered cell FDRE clocked by clk_placeholder  {rise@0.000ns fall@2.000ns period=4.000ns})
  Path Group:             clk_placeholder
  Path Type:              Setup (Max at Slow Process Corner)
  Requirement:            4.000ns  (clk_placeholder rise@4.000ns - clk_placeholder rise@0.000ns)
  Data Path Delay:        4.577ns  (logic 1.213ns (26.502%)  route 3.364ns (73.498%))
  Logic Levels:           16  (CARRY8=1 LUT2=2 LUT4=4 LUT5=2 LUT6=7)
  Clock Path Skew:        -0.009ns (DCD - SCD + CPR)
    Destination Clock Delay (DCD):    0.021ns = ( 4.021 - 4.000 ) 
    Source Clock Delay      (SCD):    0.030ns
    Clock Pessimism Removal (CPR):    0.000ns
  Clock Uncertainty:      0.035ns  ((TSJ^2 + TIJ^2)^1/2 + DJ) / 2 + PE
    Total System Jitter     (TSJ):    0.071ns
    Total Input Jitter      (TIJ):    0.000ns
    Discrete Jitter          (DJ):    0.000ns
    Phase Error              (PE):    0.000ns

    Location             Delay type                Incr(ns)  Path(ns)    Netlist Resource(s)
  -------------------------------------------------------------------    -------------------
                         (clock clk_placeholder rise edge)
                                                      0.000     0.000 r  
                                                      0.000     0.000 r  clk_i (IN)
                         net (fo=8091, unset)         0.030     0.030    u_tlp_layer/parser_inst/clk_i
                         FDRE                                         r  u_tlp_layer/parser_inst/header_r_reg[requester_id][11]/C
  -------------------------------------------------------------------    -------------------
                         FDRE (Prop_FDRE_C_Q)         0.077     0.107 f  u_tlp_layer/parser_inst/header_r_reg[requester_id][11]/Q
                         net (fo=55, unplaced)        0.226     0.333    u_tlp_layer/tracker_inst/completion_header_i[requester_id][11]
                                                                      f  u_tlp_layer/tracker_inst/remaining_r[21][8]_i_9/I0
                         LUT6 (Prop_LUT6_I0_O)        0.150     0.483 f  u_tlp_layer/tracker_inst/remaining_r[21][8]_i_9/O
                         net (fo=1, unplaced)         0.186     0.669    u_tlp_layer/tracker_inst/remaining_r[21][8]_i_9_n_0
                                                                      f  u_tlp_layer/tracker_inst/remaining_r[21][8]_i_3/I5
                         LUT6 (Prop_LUT6_I5_O)        0.038     0.707 f  u_tlp_layer/tracker_inst/remaining_r[21][8]_i_3/O
                         net (fo=1, unplaced)         0.141     0.848    u_tlp_layer/tracker_inst/remaining_r[21][8]_i_3_n_0
                                                                      f  u_tlp_layer/tracker_inst/remaining_r[21][8]_i_2/I0
                         LUT6 (Prop_LUT6_I0_O)        0.100     0.948 r  u_tlp_layer/tracker_inst/remaining_r[21][8]_i_2/O
                         net (fo=15, unplaced)        0.183     1.131    u_tlp_layer/tracker_inst/remaining_r[21][8]_i_2_n_0
                                                                      r  u_tlp_layer/tracker_inst/cpl_timeout_valid_o_i_25/I1
                         LUT5 (Prop_LUT5_I1_O)        0.100     1.231 r  u_tlp_layer/tracker_inst/cpl_timeout_valid_o_i_25/O
                         net (fo=1, unplaced)         0.186     1.417    u_tlp_layer/tracker_inst/cpl_timeout_valid_o_i_25_n_0
                                                                      r  u_tlp_layer/tracker_inst/cpl_timeout_valid_o_i_8/I5
                         LUT6 (Prop_LUT6_I5_O)        0.038     1.455 r  u_tlp_layer/tracker_inst/cpl_timeout_valid_o_i_8/O
                         net (fo=14, unplaced)        0.227     1.682    u_tlp_layer/tracker_inst/cpl_timeout_valid_o_i_8_n_0
                                                                      r  u_tlp_layer/tracker_inst/remaining_r[3][12]_i_6/I1
                         LUT2 (Prop_LUT2_I1_O)        0.038     1.720 f  u_tlp_layer/tracker_inst/remaining_r[3][12]_i_6/O
                         net (fo=180, unplaced)       0.285     2.005    u_tlp_layer/tracker_inst/remaining_r[3][12]_i_6_n_0
                                                                      f  u_tlp_layer/tracker_inst/remaining_r[0][7]_i_159/I2
                         LUT4 (Prop_LUT4_I2_O)        0.038     2.043 r  u_tlp_layer/tracker_inst/remaining_r[0][7]_i_159/O
                         net (fo=1, unplaced)         0.186     2.229    u_tlp_layer/tracker_inst/remaining_r[0][7]_i_159_n_0
                                                                      r  u_tlp_layer/tracker_inst/remaining_r[0][7]_i_60/I1
                         LUT6 (Prop_LUT6_I1_O)        0.038     2.267 r  u_tlp_layer/tracker_inst/remaining_r[0][7]_i_60/O
                         net (fo=1, unplaced)         0.105     2.372    u_tlp_layer/tracker_inst/remaining_r[0][7]_i_60_n_0
                                                                      r  u_tlp_layer/tracker_inst/remaining_r[0][7]_i_13/I0
                         LUT6 (Prop_LUT6_I0_O)        0.150     2.522 r  u_tlp_layer/tracker_inst/remaining_r[0][7]_i_13/O
                         net (fo=7, unplaced)         0.211     2.733    u_tlp_layer/tracker_inst/remaining_r[1]
                                                                      r  u_tlp_layer/tracker_inst/result_last_r_i_11/I2
                         LUT4 (Prop_LUT4_I2_O)        0.038     2.771 f  u_tlp_layer/tracker_inst/result_last_r_i_11/O
                         net (fo=2, unplaced)         0.233     3.004    u_tlp_layer/tracker_inst/result_last_r_i_11_n_0
                                                                      f  u_tlp_layer/tracker_inst/result_context_r_reg[12]_i_55/DI[0]
                         CARRY8 (Prop_CARRY8_DI[0]_CO[6])
                                                      0.186     3.190 f  u_tlp_layer/tracker_inst/result_context_r_reg[12]_i_55/CO[6]
                         net (fo=1, unplaced)         0.138     3.328    u_tlp_layer/tracker_inst/active_r6
                                                                      f  u_tlp_layer/tracker_inst/result_context_r[12]_i_37/I3
                         LUT4 (Prop_LUT4_I3_O)        0.070     3.398 f  u_tlp_layer/tracker_inst/result_context_r[12]_i_37/O
                         net (fo=2, unplaced)         0.186     3.584    u_tlp_layer/tracker_inst/result_context_r[12]_i_37_n_0
                                                                      f  u_tlp_layer/tracker_inst/result_context_r[12]_i_12/I1
                         LUT5 (Prop_LUT5_I1_O)        0.038     3.622 f  u_tlp_layer/tracker_inst/result_context_r[12]_i_12/O
                         net (fo=3, unplaced)         0.192     3.814    u_tlp_layer/tracker_inst/result_context_r[12]_i_12_n_0
                                                                      f  u_tlp_layer/tracker_inst/next_lower_address_r[0][6]_i_3/I2
                         LUT6 (Prop_LUT6_I2_O)        0.038     3.852 f  u_tlp_layer/tracker_inst/next_lower_address_r[0][6]_i_3/O
                         net (fo=84, unplaced)        0.267     4.119    u_tlp_layer/tracker_inst/next_lower_address_r[0][6]_i_3_n_0
                                                                      f  u_tlp_layer/tracker_inst/next_lower_address_r[1][6]_i_1/I0
                         LUT4 (Prop_LUT4_I0_O)        0.038     4.157 r  u_tlp_layer/tracker_inst/next_lower_address_r[1][6]_i_1/O
                         net (fo=8, unplaced)         0.214     4.371    u_tlp_layer/tracker_inst/next_lower_address_r[1][6]_i_1_n_0
                                                                      r  u_tlp_layer/tracker_inst/next_lower_address_r[1][4]_i_1/I1
                         LUT2 (Prop_LUT2_I1_O)        0.038     4.409 r  u_tlp_layer/tracker_inst/next_lower_address_r[1][4]_i_1/O
                         net (fo=4, unplaced)         0.198     4.607    u_tlp_layer/tracker_inst/next_lower_address_r[1][4]_i_1_n_0
                         FDRE                                         r  u_tlp_layer/tracker_inst/next_lower_address_r_reg[1][1]/R
  -------------------------------------------------------------------    -------------------

                         (clock clk_placeholder rise edge)
                                                      4.000     4.000 r  
                                                      0.000     4.000 r  clk_i (IN)
                         net (fo=8091, unset)         0.021     4.021    u_tlp_layer/tracker_inst/clk_i
                         FDRE                                         r  u_tlp_layer/tracker_inst/next_lower_address_r_reg[1][1]/C
                         clock pessimism              0.000     4.021    
                         clock uncertainty           -0.035     3.986    
                         FDRE (Setup_FDRE_C_R)       -0.074     3.912    u_tlp_layer/tracker_inst/next_lower_address_r_reg[1][1]
  -------------------------------------------------------------------
                         required time                          3.912    
                         arrival time                          -4.607    
  -------------------------------------------------------------------
                         slack                                 -0.695    

Slack (VIOLATED) :        -0.695ns  (required time - arrival time)
  Source:                 u_tlp_layer/parser_inst/header_r_reg[requester_id][11]/C
                            (rising edge-triggered cell FDRE clocked by clk_placeholder  {rise@0.000ns fall@2.000ns period=4.000ns})
  Destination:            u_tlp_layer/tracker_inst/next_lower_address_r_reg[1][3]/R
                            (rising edge-triggered cell FDRE clocked by clk_placeholder  {rise@0.000ns fall@2.000ns period=4.000ns})
  Path Group:             clk_placeholder
  Path Type:              Setup (Max at Slow Process Corner)
  Requirement:            4.000ns  (clk_placeholder rise@4.000ns - clk_placeholder rise@0.000ns)
  Data Path Delay:        4.577ns  (logic 1.213ns (26.502%)  route 3.364ns (73.498%))
  Logic Levels:           16  (CARRY8=1 LUT2=2 LUT4=4 LUT5=2 LUT6=7)
  Clock Path Skew:        -0.009ns (DCD - SCD + CPR)
    Destination Clock Delay (DCD):    0.021ns = ( 4.021 - 4.000 ) 
    Source Clock Delay      (SCD):    0.030ns
    Clock Pessimism Removal (CPR):    0.000ns
  Clock Uncertainty:      0.035ns  ((TSJ^2 + TIJ^2)^1/2 + DJ) / 2 + PE
    Total System Jitter     (TSJ):    0.071ns
    Total Input Jitter      (TIJ):    0.000ns
    Discrete Jitter          (DJ):    0.000ns
    Phase Error              (PE):    0.000ns

    Location             Delay type                Incr(ns)  Path(ns)    Netlist Resource(s)
  -------------------------------------------------------------------    -------------------
                         (clock clk_placeholder rise edge)
                                                      0.000     0.000 r  
                                                      0.000     0.000 r  clk_i (IN)
                         net (fo=8091, unset)         0.030     0.030    u_tlp_layer/parser_inst/clk_i
                         FDRE                                         r  u_tlp_layer/parser_inst/header_r_reg[requester_id][11]/C
  -------------------------------------------------------------------    -------------------
                         FDRE (Prop_FDRE_C_Q)         0.077     0.107 f  u_tlp_layer/parser_inst/header_r_reg[requester_id][11]/Q
                         net (fo=55, unplaced)        0.226     0.333    u_tlp_layer/tracker_inst/completion_header_i[requester_id][11]
                                                                      f  u_tlp_layer/tracker_inst/remaining_r[21][8]_i_9/I0
                         LUT6 (Prop_LUT6_I0_O)        0.150     0.483 f  u_tlp_layer/tracker_inst/remaining_r[21][8]_i_9/O
                         net (fo=1, unplaced)         0.186     0.669    u_tlp_layer/tracker_inst/remaining_r[21][8]_i_9_n_0
                                                                      f  u_tlp_layer/tracker_inst/remaining_r[21][8]_i_3/I5
                         LUT6 (Prop_LUT6_I5_O)        0.038     0.707 f  u_tlp_layer/tracker_inst/remaining_r[21][8]_i_3/O
                         net (fo=1, unplaced)         0.141     0.848    u_tlp_layer/tracker_inst/remaining_r[21][8]_i_3_n_0
                                                                      f  u_tlp_layer/tracker_inst/remaining_r[21][8]_i_2/I0
                         LUT6 (Prop_LUT6_I0_O)        0.100     0.948 r  u_tlp_layer/tracker_inst/remaining_r[21][8]_i_2/O
                         net (fo=15, unplaced)        0.183     1.131    u_tlp_layer/tracker_inst/remaining_r[21][8]_i_2_n_0
                                                                      r  u_tlp_layer/tracker_inst/cpl_timeout_valid_o_i_25/I1
                         LUT5 (Prop_LUT5_I1_O)        0.100     1.231 r  u_tlp_layer/tracker_inst/cpl_timeout_valid_o_i_25/O
                         net (fo=1, unplaced)         0.186     1.417    u_tlp_layer/tracker_inst/cpl_timeout_valid_o_i_25_n_0
                                                                      r  u_tlp_layer/tracker_inst/cpl_timeout_valid_o_i_8/I5
                         LUT6 (Prop_LUT6_I5_O)        0.038     1.455 r  u_tlp_layer/tracker_inst/cpl_timeout_valid_o_i_8/O
                         net (fo=14, unplaced)        0.227     1.682    u_tlp_layer/tracker_inst/cpl_timeout_valid_o_i_8_n_0
                                                                      r  u_tlp_layer/tracker_inst/remaining_r[3][12]_i_6/I1
                         LUT2 (Prop_LUT2_I1_O)        0.038     1.720 f  u_tlp_layer/tracker_inst/remaining_r[3][12]_i_6/O
                         net (fo=180, unplaced)       0.285     2.005    u_tlp_layer/tracker_inst/remaining_r[3][12]_i_6_n_0
                                                                      f  u_tlp_layer/tracker_inst/remaining_r[0][7]_i_159/I2
                         LUT4 (Prop_LUT4_I2_O)        0.038     2.043 r  u_tlp_layer/tracker_inst/remaining_r[0][7]_i_159/O
                         net (fo=1, unplaced)         0.186     2.229    u_tlp_layer/tracker_inst/remaining_r[0][7]_i_159_n_0
                                                                      r  u_tlp_layer/tracker_inst/remaining_r[0][7]_i_60/I1
                         LUT6 (Prop_LUT6_I1_O)        0.038     2.267 r  u_tlp_layer/tracker_inst/remaining_r[0][7]_i_60/O
                         net (fo=1, unplaced)         0.105     2.372    u_tlp_layer/tracker_inst/remaining_r[0][7]_i_60_n_0
                                                                      r  u_tlp_layer/tracker_inst/remaining_r[0][7]_i_13/I0
                         LUT6 (Prop_LUT6_I0_O)        0.150     2.522 r  u_tlp_layer/tracker_inst/remaining_r[0][7]_i_13/O
                         net (fo=7, unplaced)         0.211     2.733    u_tlp_layer/tracker_inst/remaining_r[1]
                                                                      r  u_tlp_layer/tracker_inst/result_last_r_i_11/I2
                         LUT4 (Prop_LUT4_I2_O)        0.038     2.771 f  u_tlp_layer/tracker_inst/result_last_r_i_11/O
                         net (fo=2, unplaced)         0.233     3.004    u_tlp_layer/tracker_inst/result_last_r_i_11_n_0
                                                                      f  u_tlp_layer/tracker_inst/result_context_r_reg[12]_i_55/DI[0]
                         CARRY8 (Prop_CARRY8_DI[0]_CO[6])
                                                      0.186     3.190 f  u_tlp_layer/tracker_inst/result_context_r_reg[12]_i_55/CO[6]
                         net (fo=1, unplaced)         0.138     3.328    u_tlp_layer/tracker_inst/active_r6
                                                                      f  u_tlp_layer/tracker_inst/result_context_r[12]_i_37/I3
                         LUT4 (Prop_LUT4_I3_O)        0.070     3.398 f  u_tlp_layer/tracker_inst/result_context_r[12]_i_37/O
                         net (fo=2, unplaced)         0.186     3.584    u_tlp_layer/tracker_inst/result_context_r[12]_i_37_n_0
                                                                      f  u_tlp_layer/tracker_inst/result_context_r[12]_i_12/I1
                         LUT5 (Prop_LUT5_I1_O)        0.038     3.622 f  u_tlp_layer/tracker_inst/result_context_r[12]_i_12/O
                         net (fo=3, unplaced)         0.192     3.814    u_tlp_layer/tracker_inst/result_context_r[12]_i_12_n_0
                                                                      f  u_tlp_layer/tracker_inst/next_lower_address_r[0][6]_i_3/I2
                         LUT6 (Prop_LUT6_I2_O)        0.038     3.852 f  u_tlp_layer/tracker_inst/next_lower_address_r[0][6]_i_3/O
                         net (fo=84, unplaced)        0.267     4.119    u_tlp_layer/tracker_inst/next_lower_address_r[0][6]_i_3_n_0
                                                                      f  u_tlp_layer/tracker_inst/next_lower_address_r[1][6]_i_1/I0
                         LUT4 (Prop_LUT4_I0_O)        0.038     4.157 r  u_tlp_layer/tracker_inst/next_lower_address_r[1][6]_i_1/O
                         net (fo=8, unplaced)         0.214     4.371    u_tlp_layer/tracker_inst/next_lower_address_r[1][6]_i_1_n_0
                                                                      r  u_tlp_layer/tracker_inst/next_lower_address_r[1][4]_i_1/I1
                         LUT2 (Prop_LUT2_I1_O)        0.038     4.409 r  u_tlp_layer/tracker_inst/next_lower_address_r[1][4]_i_1/O
                         net (fo=4, unplaced)         0.198     4.607    u_tlp_layer/tracker_inst/next_lower_address_r[1][4]_i_1_n_0
                         FDRE                                         r  u_tlp_layer/tracker_inst/next_lower_address_r_reg[1][3]/R
  -------------------------------------------------------------------    -------------------

                         (clock clk_placeholder rise edge)
                                                      4.000     4.000 r  
                                                      0.000     4.000 r  clk_i (IN)
                         net (fo=8091, unset)         0.021     4.021    u_tlp_layer/tracker_inst/clk_i
                         FDRE                                         r  u_tlp_layer/tracker_inst/next_lower_address_r_reg[1][3]/C
                         clock pessimism              0.000     4.021    
                         clock uncertainty           -0.035     3.986    
                         FDRE (Setup_FDRE_C_R)       -0.074     3.912    u_tlp_layer/tracker_inst/next_lower_address_r_reg[1][3]
  -------------------------------------------------------------------
                         required time                          3.912    
                         arrival time                          -4.607    
  -------------------------------------------------------------------
                         slack                                 -0.695    

Slack (VIOLATED) :        -0.695ns  (required time - arrival time)
  Source:                 u_tlp_layer/parser_inst/header_r_reg[requester_id][11]/C
                            (rising edge-triggered cell FDRE clocked by clk_placeholder  {rise@0.000ns fall@2.000ns period=4.000ns})
  Destination:            u_tlp_layer/tracker_inst/next_lower_address_r_reg[1][4]/R
                            (rising edge-triggered cell FDRE clocked by clk_placeholder  {rise@0.000ns fall@2.000ns period=4.000ns})
  Path Group:             clk_placeholder
  Path Type:              Setup (Max at Slow Process Corner)
  Requirement:            4.000ns  (clk_placeholder rise@4.000ns - clk_placeholder rise@0.000ns)
  Data Path Delay:        4.577ns  (logic 1.213ns (26.502%)  route 3.364ns (73.498%))
  Logic Levels:           16  (CARRY8=1 LUT2=2 LUT4=4 LUT5=2 LUT6=7)
  Clock Path Skew:        -0.009ns (DCD - SCD + CPR)
    Destination Clock Delay (DCD):    0.021ns = ( 4.021 - 4.000 ) 
    Source Clock Delay      (SCD):    0.030ns
    Clock Pessimism Removal (CPR):    0.000ns
  Clock Uncertainty:      0.035ns  ((TSJ^2 + TIJ^2)^1/2 + DJ) / 2 + PE
    Total System Jitter     (TSJ):    0.071ns
    Total Input Jitter      (TIJ):    0.000ns
    Discrete Jitter          (DJ):    0.000ns
    Phase Error              (PE):    0.000ns

    Location             Delay type                Incr(ns)  Path(ns)    Netlist Resource(s)
  -------------------------------------------------------------------    -------------------
                         (clock clk_placeholder rise edge)
                                                      0.000     0.000 r  
                                                      0.000     0.000 r  clk_i (IN)
                         net (fo=8091, unset)         0.030     0.030    u_tlp_layer/parser_inst/clk_i
                         FDRE                                         r  u_tlp_layer/parser_inst/header_r_reg[requester_id][11]/C
  -------------------------------------------------------------------    -------------------
                         FDRE (Prop_FDRE_C_Q)         0.077     0.107 f  u_tlp_layer/parser_inst/header_r_reg[requester_id][11]/Q
                         net (fo=55, unplaced)        0.226     0.333    u_tlp_layer/tracker_inst/completion_header_i[requester_id][11]
                                                                      f  u_tlp_layer/tracker_inst/remaining_r[21][8]_i_9/I0
                         LUT6 (Prop_LUT6_I0_O)        0.150     0.483 f  u_tlp_layer/tracker_inst/remaining_r[21][8]_i_9/O
                         net (fo=1, unplaced)         0.186     0.669    u_tlp_layer/tracker_inst/remaining_r[21][8]_i_9_n_0
                                                                      f  u_tlp_layer/tracker_inst/remaining_r[21][8]_i_3/I5
                         LUT6 (Prop_LUT6_I5_O)        0.038     0.707 f  u_tlp_layer/tracker_inst/remaining_r[21][8]_i_3/O
                         net (fo=1, unplaced)         0.141     0.848    u_tlp_layer/tracker_inst/remaining_r[21][8]_i_3_n_0
                                                                      f  u_tlp_layer/tracker_inst/remaining_r[21][8]_i_2/I0
                         LUT6 (Prop_LUT6_I0_O)        0.100     0.948 r  u_tlp_layer/tracker_inst/remaining_r[21][8]_i_2/O
                         net (fo=15, unplaced)        0.183     1.131    u_tlp_layer/tracker_inst/remaining_r[21][8]_i_2_n_0
                                                                      r  u_tlp_layer/tracker_inst/cpl_timeout_valid_o_i_25/I1
                         LUT5 (Prop_LUT5_I1_O)        0.100     1.231 r  u_tlp_layer/tracker_inst/cpl_timeout_valid_o_i_25/O
                         net (fo=1, unplaced)         0.186     1.417    u_tlp_layer/tracker_inst/cpl_timeout_valid_o_i_25_n_0
                                                                      r  u_tlp_layer/tracker_inst/cpl_timeout_valid_o_i_8/I5
                         LUT6 (Prop_LUT6_I5_O)        0.038     1.455 r  u_tlp_layer/tracker_inst/cpl_timeout_valid_o_i_8/O
                         net (fo=14, unplaced)        0.227     1.682    u_tlp_layer/tracker_inst/cpl_timeout_valid_o_i_8_n_0
                                                                      r  u_tlp_layer/tracker_inst/remaining_r[3][12]_i_6/I1
                         LUT2 (Prop_LUT2_I1_O)        0.038     1.720 f  u_tlp_layer/tracker_inst/remaining_r[3][12]_i_6/O
                         net (fo=180, unplaced)       0.285     2.005    u_tlp_layer/tracker_inst/remaining_r[3][12]_i_6_n_0
                                                                      f  u_tlp_layer/tracker_inst/remaining_r[0][7]_i_159/I2
                         LUT4 (Prop_LUT4_I2_O)        0.038     2.043 r  u_tlp_layer/tracker_inst/remaining_r[0][7]_i_159/O
                         net (fo=1, unplaced)         0.186     2.229    u_tlp_layer/tracker_inst/remaining_r[0][7]_i_159_n_0
                                                                      r  u_tlp_layer/tracker_inst/remaining_r[0][7]_i_60/I1
                         LUT6 (Prop_LUT6_I1_O)        0.038     2.267 r  u_tlp_layer/tracker_inst/remaining_r[0][7]_i_60/O
                         net (fo=1, unplaced)         0.105     2.372    u_tlp_layer/tracker_inst/remaining_r[0][7]_i_60_n_0
                                                                      r  u_tlp_layer/tracker_inst/remaining_r[0][7]_i_13/I0
                         LUT6 (Prop_LUT6_I0_O)        0.150     2.522 r  u_tlp_layer/tracker_inst/remaining_r[0][7]_i_13/O
                         net (fo=7, unplaced)         0.211     2.733    u_tlp_layer/tracker_inst/remaining_r[1]
                                                                      r  u_tlp_layer/tracker_inst/result_last_r_i_11/I2
                         LUT4 (Prop_LUT4_I2_O)        0.038     2.771 f  u_tlp_layer/tracker_inst/result_last_r_i_11/O
                         net (fo=2, unplaced)         0.233     3.004    u_tlp_layer/tracker_inst/result_last_r_i_11_n_0
                                                                      f  u_tlp_layer/tracker_inst/result_context_r_reg[12]_i_55/DI[0]
                         CARRY8 (Prop_CARRY8_DI[0]_CO[6])
                                                      0.186     3.190 f  u_tlp_layer/tracker_inst/result_context_r_reg[12]_i_55/CO[6]
                         net (fo=1, unplaced)         0.138     3.328    u_tlp_layer/tracker_inst/active_r6
                                                                      f  u_tlp_layer/tracker_inst/result_context_r[12]_i_37/I3
                         LUT4 (Prop_LUT4_I3_O)        0.070     3.398 f  u_tlp_layer/tracker_inst/result_context_r[12]_i_37/O
                         net (fo=2, unplaced)         0.186     3.584    u_tlp_layer/tracker_inst/result_context_r[12]_i_37_n_0
                                                                      f  u_tlp_layer/tracker_inst/result_context_r[12]_i_12/I1
                         LUT5 (Prop_LUT5_I1_O)        0.038     3.622 f  u_tlp_layer/tracker_inst/result_context_r[12]_i_12/O
                         net (fo=3, unplaced)         0.192     3.814    u_tlp_layer/tracker_inst/result_context_r[12]_i_12_n_0
                                                                      f  u_tlp_layer/tracker_inst/next_lower_address_r[0][6]_i_3/I2
                         LUT6 (Prop_LUT6_I2_O)        0.038     3.852 f  u_tlp_layer/tracker_inst/next_lower_address_r[0][6]_i_3/O
                         net (fo=84, unplaced)        0.267     4.119    u_tlp_layer/tracker_inst/next_lower_address_r[0][6]_i_3_n_0
                                                                      f  u_tlp_layer/tracker_inst/next_lower_address_r[1][6]_i_1/I0
                         LUT4 (Prop_LUT4_I0_O)        0.038     4.157 r  u_tlp_layer/tracker_inst/next_lower_address_r[1][6]_i_1/O
                         net (fo=8, unplaced)         0.214     4.371    u_tlp_layer/tracker_inst/next_lower_address_r[1][6]_i_1_n_0
                                                                      r  u_tlp_layer/tracker_inst/next_lower_address_r[1][4]_i_1/I1
                         LUT2 (Prop_LUT2_I1_O)        0.038     4.409 r  u_tlp_layer/tracker_inst/next_lower_address_r[1][4]_i_1/O
                         net (fo=4, unplaced)         0.198     4.607    u_tlp_layer/tracker_inst/next_lower_address_r[1][4]_i_1_n_0
                         FDRE                                         r  u_tlp_layer/tracker_inst/next_lower_address_r_reg[1][4]/R
  -------------------------------------------------------------------    -------------------

                         (clock clk_placeholder rise edge)
                                                      4.000     4.000 r  
                                                      0.000     4.000 r  clk_i (IN)
                         net (fo=8091, unset)         0.021     4.021    u_tlp_layer/tracker_inst/clk_i
                         FDRE                                         r  u_tlp_layer/tracker_inst/next_lower_address_r_reg[1][4]/C
                         clock pessimism              0.000     4.021    
                         clock uncertainty           -0.035     3.986    
                         FDRE (Setup_FDRE_C_R)       -0.074     3.912    u_tlp_layer/tracker_inst/next_lower_address_r_reg[1][4]
  -------------------------------------------------------------------
                         required time                          3.912    
                         arrival time                          -4.607    
  -------------------------------------------------------------------
                         slack                                 -0.695    

Slack (VIOLATED) :        -0.684ns  (required time - arrival time)
  Source:                 u_tlp_layer/parser_inst/header_r_reg[requester_id][11]/C
                            (rising edge-triggered cell FDRE clocked by clk_placeholder  {rise@0.000ns fall@2.000ns period=4.000ns})
  Destination:            u_tlp_layer/tracker_inst/remaining_r_reg[0][0]/CE
                            (rising edge-triggered cell FDRE clocked by clk_placeholder  {rise@0.000ns fall@2.000ns period=4.000ns})
  Path Group:             clk_placeholder
  Path Type:              Setup (Max at Slow Process Corner)
  Requirement:            4.000ns  (clk_placeholder rise@4.000ns - clk_placeholder rise@0.000ns)
  Data Path Delay:        4.579ns  (logic 1.213ns (26.491%)  route 3.366ns (73.509%))
  Logic Levels:           16  (CARRY8=1 LUT2=1 LUT3=2 LUT4=3 LUT5=2 LUT6=7)
  Clock Path Skew:        -0.009ns (DCD - SCD + CPR)
    Destination Clock Delay (DCD):    0.021ns = ( 4.021 - 4.000 ) 
    Source Clock Delay      (SCD):    0.030ns
    Clock Pessimism Removal (CPR):    0.000ns
  Clock Uncertainty:      0.035ns  ((TSJ^2 + TIJ^2)^1/2 + DJ) / 2 + PE
    Total System Jitter     (TSJ):    0.071ns
    Total Input Jitter      (TIJ):    0.000ns
    Discrete Jitter          (DJ):    0.000ns
    Phase Error              (PE):    0.000ns

    Location             Delay type                Incr(ns)  Path(ns)    Netlist Resource(s)
  -------------------------------------------------------------------    -------------------
                         (clock clk_placeholder rise edge)
                                                      0.000     0.000 r  
                                                      0.000     0.000 r  clk_i (IN)
                         net (fo=8091, unset)         0.030     0.030    u_tlp_layer/parser_inst/clk_i
                         FDRE                                         r  u_tlp_layer/parser_inst/header_r_reg[requester_id][11]/C
  -------------------------------------------------------------------    -------------------
                         FDRE (Prop_FDRE_C_Q)         0.077     0.107 f  u_tlp_layer/parser_inst/header_r_reg[requester_id][11]/Q
                         net (fo=55, unplaced)        0.226     0.333    u_tlp_layer/tracker_inst/completion_header_i[requester_id][11]
                                                                      f  u_tlp_layer/tracker_inst/remaining_r[21][8]_i_9/I0
                         LUT6 (Prop_LUT6_I0_O)        0.150     0.483 f  u_tlp_layer/tracker_inst/remaining_r[21][8]_i_9/O
                         net (fo=1, unplaced)         0.186     0.669    u_tlp_layer/tracker_inst/remaining_r[21][8]_i_9_n_0
                                                                      f  u_tlp_layer/tracker_inst/remaining_r[21][8]_i_3/I5
                         LUT6 (Prop_LUT6_I5_O)        0.038     0.707 f  u_tlp_layer/tracker_inst/remaining_r[21][8]_i_3/O
                         net (fo=1, unplaced)         0.141     0.848    u_tlp_layer/tracker_inst/remaining_r[21][8]_i_3_n_0
                                                                      f  u_tlp_layer/tracker_inst/remaining_r[21][8]_i_2/I0
                         LUT6 (Prop_LUT6_I0_O)        0.100     0.948 r  u_tlp_layer/tracker_inst/remaining_r[21][8]_i_2/O
                         net (fo=15, unplaced)        0.183     1.131    u_tlp_layer/tracker_inst/remaining_r[21][8]_i_2_n_0
                                                                      r  u_tlp_layer/tracker_inst/cpl_timeout_valid_o_i_25/I1
                         LUT5 (Prop_LUT5_I1_O)        0.100     1.231 r  u_tlp_layer/tracker_inst/cpl_timeout_valid_o_i_25/O
                         net (fo=1, unplaced)         0.186     1.417    u_tlp_layer/tracker_inst/cpl_timeout_valid_o_i_25_n_0
                                                                      r  u_tlp_layer/tracker_inst/cpl_timeout_valid_o_i_8/I5
                         LUT6 (Prop_LUT6_I5_O)        0.038     1.455 r  u_tlp_layer/tracker_inst/cpl_timeout_valid_o_i_8/O
                         net (fo=14, unplaced)        0.227     1.682    u_tlp_layer/tracker_inst/cpl_timeout_valid_o_i_8_n_0
                                                                      r  u_tlp_layer/tracker_inst/remaining_r[3][12]_i_6/I1
                         LUT2 (Prop_LUT2_I1_O)        0.038     1.720 f  u_tlp_layer/tracker_inst/remaining_r[3][12]_i_6/O
                         net (fo=180, unplaced)       0.285     2.005    u_tlp_layer/tracker_inst/remaining_r[3][12]_i_6_n_0
                                                                      f  u_tlp_layer/tracker_inst/remaining_r[0][7]_i_159/I2
                         LUT4 (Prop_LUT4_I2_O)        0.038     2.043 r  u_tlp_layer/tracker_inst/remaining_r[0][7]_i_159/O
                         net (fo=1, unplaced)         0.186     2.229    u_tlp_layer/tracker_inst/remaining_r[0][7]_i_159_n_0
                                                                      r  u_tlp_layer/tracker_inst/remaining_r[0][7]_i_60/I1
                         LUT6 (Prop_LUT6_I1_O)        0.038     2.267 r  u_tlp_layer/tracker_inst/remaining_r[0][7]_i_60/O
                         net (fo=1, unplaced)         0.105     2.372    u_tlp_layer/tracker_inst/remaining_r[0][7]_i_60_n_0
                                                                      r  u_tlp_layer/tracker_inst/remaining_r[0][7]_i_13/I0
                         LUT6 (Prop_LUT6_I0_O)        0.150     2.522 r  u_tlp_layer/tracker_inst/remaining_r[0][7]_i_13/O
                         net (fo=7, unplaced)         0.211     2.733    u_tlp_layer/tracker_inst/remaining_r[1]
                                                                      r  u_tlp_layer/tracker_inst/result_last_r_i_11/I2
                         LUT4 (Prop_LUT4_I2_O)        0.038     2.771 f  u_tlp_layer/tracker_inst/result_last_r_i_11/O
                         net (fo=2, unplaced)         0.233     3.004    u_tlp_layer/tracker_inst/result_last_r_i_11_n_0
                                                                      f  u_tlp_layer/tracker_inst/result_context_r_reg[12]_i_55/DI[0]
                         CARRY8 (Prop_CARRY8_DI[0]_CO[6])
                                                      0.186     3.190 f  u_tlp_layer/tracker_inst/result_context_r_reg[12]_i_55/CO[6]
                         net (fo=1, unplaced)         0.138     3.328    u_tlp_layer/tracker_inst/active_r6
                                                                      f  u_tlp_layer/tracker_inst/result_context_r[12]_i_37/I3
                         LUT4 (Prop_LUT4_I3_O)        0.070     3.398 f  u_tlp_layer/tracker_inst/result_context_r[12]_i_37/O
                         net (fo=2, unplaced)         0.186     3.584    u_tlp_layer/tracker_inst/result_context_r[12]_i_37_n_0
                                                                      f  u_tlp_layer/tracker_inst/result_context_r[12]_i_12/I1
                         LUT5 (Prop_LUT5_I1_O)        0.038     3.622 f  u_tlp_layer/tracker_inst/result_context_r[12]_i_12/O
                         net (fo=3, unplaced)         0.192     3.814    u_tlp_layer/tracker_inst/result_context_r[12]_i_12_n_0
                                                                      f  u_tlp_layer/tracker_inst/result_context_r[12]_i_3/I1
                         LUT6 (Prop_LUT6_I1_O)        0.038     3.852 f  u_tlp_layer/tracker_inst/result_context_r[12]_i_3/O
                         net (fo=9, unplaced)         0.217     4.069    u_tlp_layer/tracker_inst/result_context_r[12]_i_3_n_0
                                                                      f  u_tlp_layer/tracker_inst/remaining_r[0][12]_i_3/I2
                         LUT3 (Prop_LUT3_I2_O)        0.038     4.107 f  u_tlp_layer/tracker_inst/remaining_r[0][12]_i_3/O
                         net (fo=178, unplaced)       0.285     4.392    u_tlp_layer/tracker_inst/remaining_r[0][12]_i_3_n_0
                                                                      f  u_tlp_layer/tracker_inst/remaining_r[0][12]_i_1/I0
                         LUT3 (Prop_LUT3_I0_O)        0.038     4.430 r  u_tlp_layer/tracker_inst/remaining_r[0][12]_i_1/O
                         net (fo=13, unplaced)        0.179     4.609    u_tlp_layer/tracker_inst/remaining_r[0][12]_i_1_n_0
                         FDRE                                         r  u_tlp_layer/tracker_inst/remaining_r_reg[0][0]/CE
  -------------------------------------------------------------------    -------------------

                         (clock clk_placeholder rise edge)
                                                      4.000     4.000 r  
                                                      0.000     4.000 r  clk_i (IN)
                         net (fo=8091, unset)         0.021     4.021    u_tlp_layer/tracker_inst/clk_i
                         FDRE                                         r  u_tlp_layer/tracker_inst/remaining_r_reg[0][0]/C
                         clock pessimism              0.000     4.021    
                         clock uncertainty           -0.035     3.986    
                         FDRE (Setup_FDRE_C_CE)      -0.061     3.925    u_tlp_layer/tracker_inst/remaining_r_reg[0][0]
  -------------------------------------------------------------------
                         required time                          3.925    
                         arrival time                          -4.609    
  -------------------------------------------------------------------
                         slack                                 -0.684    

Slack (VIOLATED) :        -0.684ns  (required time - arrival time)
  Source:                 u_tlp_layer/parser_inst/header_r_reg[requester_id][11]/C
                            (rising edge-triggered cell FDRE clocked by clk_placeholder  {rise@0.000ns fall@2.000ns period=4.000ns})
  Destination:            u_tlp_layer/tracker_inst/remaining_r_reg[0][10]/CE
                            (rising edge-triggered cell FDRE clocked by clk_placeholder  {rise@0.000ns fall@2.000ns period=4.000ns})
  Path Group:             clk_placeholder
  Path Type:              Setup (Max at Slow Process Corner)
  Requirement:            4.000ns  (clk_placeholder rise@4.000ns - clk_placeholder rise@0.000ns)
  Data Path Delay:        4.579ns  (logic 1.213ns (26.491%)  route 3.366ns (73.509%))
  Logic Levels:           16  (CARRY8=1 LUT2=1 LUT3=2 LUT4=3 LUT5=2 LUT6=7)
  Clock Path Skew:        -0.009ns (DCD - SCD + CPR)
    Destination Clock Delay (DCD):    0.021ns = ( 4.021 - 4.000 ) 
    Source Clock Delay      (SCD):    0.030ns
    Clock Pessimism Removal (CPR):    0.000ns
  Clock Uncertainty:      0.035ns  ((TSJ^2 + TIJ^2)^1/2 + DJ) / 2 + PE
    Total System Jitter     (TSJ):    0.071ns
    Total Input Jitter      (TIJ):    0.000ns
    Discrete Jitter          (DJ):    0.000ns
    Phase Error              (PE):    0.000ns

    Location             Delay type                Incr(ns)  Path(ns)    Netlist Resource(s)
  -------------------------------------------------------------------    -------------------
                         (clock clk_placeholder rise edge)
                                                      0.000     0.000 r  
                                                      0.000     0.000 r  clk_i (IN)
                         net (fo=8091, unset)         0.030     0.030    u_tlp_layer/parser_inst/clk_i
                         FDRE                                         r  u_tlp_layer/parser_inst/header_r_reg[requester_id][11]/C
  -------------------------------------------------------------------    -------------------
                         FDRE (Prop_FDRE_C_Q)         0.077     0.107 f  u_tlp_layer/parser_inst/header_r_reg[requester_id][11]/Q
                         net (fo=55, unplaced)        0.226     0.333    u_tlp_layer/tracker_inst/completion_header_i[requester_id][11]
                                                                      f  u_tlp_layer/tracker_inst/remaining_r[21][8]_i_9/I0
                         LUT6 (Prop_LUT6_I0_O)        0.150     0.483 f  u_tlp_layer/tracker_inst/remaining_r[21][8]_i_9/O
                         net (fo=1, unplaced)         0.186     0.669    u_tlp_layer/tracker_inst/remaining_r[21][8]_i_9_n_0
                                                                      f  u_tlp_layer/tracker_inst/remaining_r[21][8]_i_3/I5
                         LUT6 (Prop_LUT6_I5_O)        0.038     0.707 f  u_tlp_layer/tracker_inst/remaining_r[21][8]_i_3/O
                         net (fo=1, unplaced)         0.141     0.848    u_tlp_layer/tracker_inst/remaining_r[21][8]_i_3_n_0
                                                                      f  u_tlp_layer/tracker_inst/remaining_r[21][8]_i_2/I0
                         LUT6 (Prop_LUT6_I0_O)        0.100     0.948 r  u_tlp_layer/tracker_inst/remaining_r[21][8]_i_2/O
                         net (fo=15, unplaced)        0.183     1.131    u_tlp_layer/tracker_inst/remaining_r[21][8]_i_2_n_0
                                                                      r  u_tlp_layer/tracker_inst/cpl_timeout_valid_o_i_25/I1
                         LUT5 (Prop_LUT5_I1_O)        0.100     1.231 r  u_tlp_layer/tracker_inst/cpl_timeout_valid_o_i_25/O
                         net (fo=1, unplaced)         0.186     1.417    u_tlp_layer/tracker_inst/cpl_timeout_valid_o_i_25_n_0
                                                                      r  u_tlp_layer/tracker_inst/cpl_timeout_valid_o_i_8/I5
                         LUT6 (Prop_LUT6_I5_O)        0.038     1.455 r  u_tlp_layer/tracker_inst/cpl_timeout_valid_o_i_8/O
                         net (fo=14, unplaced)        0.227     1.682    u_tlp_layer/tracker_inst/cpl_timeout_valid_o_i_8_n_0
                                                                      r  u_tlp_layer/tracker_inst/remaining_r[3][12]_i_6/I1
                         LUT2 (Prop_LUT2_I1_O)        0.038     1.720 f  u_tlp_layer/tracker_inst/remaining_r[3][12]_i_6/O
                         net (fo=180, unplaced)       0.285     2.005    u_tlp_layer/tracker_inst/remaining_r[3][12]_i_6_n_0
                                                                      f  u_tlp_layer/tracker_inst/remaining_r[0][7]_i_159/I2
                         LUT4 (Prop_LUT4_I2_O)        0.038     2.043 r  u_tlp_layer/tracker_inst/remaining_r[0][7]_i_159/O
                         net (fo=1, unplaced)         0.186     2.229    u_tlp_layer/tracker_inst/remaining_r[0][7]_i_159_n_0
                                                                      r  u_tlp_layer/tracker_inst/remaining_r[0][7]_i_60/I1
                         LUT6 (Prop_LUT6_I1_O)        0.038     2.267 r  u_tlp_layer/tracker_inst/remaining_r[0][7]_i_60/O
                         net (fo=1, unplaced)         0.105     2.372    u_tlp_layer/tracker_inst/remaining_r[0][7]_i_60_n_0
                                                                      r  u_tlp_layer/tracker_inst/remaining_r[0][7]_i_13/I0
                         LUT6 (Prop_LUT6_I0_O)        0.150     2.522 r  u_tlp_layer/tracker_inst/remaining_r[0][7]_i_13/O
                         net (fo=7, unplaced)         0.211     2.733    u_tlp_layer/tracker_inst/remaining_r[1]
                                                                      r  u_tlp_layer/tracker_inst/result_last_r_i_11/I2
                         LUT4 (Prop_LUT4_I2_O)        0.038     2.771 f  u_tlp_layer/tracker_inst/result_last_r_i_11/O
                         net (fo=2, unplaced)         0.233     3.004    u_tlp_layer/tracker_inst/result_last_r_i_11_n_0
                                                                      f  u_tlp_layer/tracker_inst/result_context_r_reg[12]_i_55/DI[0]
                         CARRY8 (Prop_CARRY8_DI[0]_CO[6])
                                                      0.186     3.190 f  u_tlp_layer/tracker_inst/result_context_r_reg[12]_i_55/CO[6]
                         net (fo=1, unplaced)         0.138     3.328    u_tlp_layer/tracker_inst/active_r6
                                                                      f  u_tlp_layer/tracker_inst/result_context_r[12]_i_37/I3
                         LUT4 (Prop_LUT4_I3_O)        0.070     3.398 f  u_tlp_layer/tracker_inst/result_context_r[12]_i_37/O
                         net (fo=2, unplaced)         0.186     3.584    u_tlp_layer/tracker_inst/result_context_r[12]_i_37_n_0
                                                                      f  u_tlp_layer/tracker_inst/result_context_r[12]_i_12/I1
                         LUT5 (Prop_LUT5_I1_O)        0.038     3.622 f  u_tlp_layer/tracker_inst/result_context_r[12]_i_12/O
                         net (fo=3, unplaced)         0.192     3.814    u_tlp_layer/tracker_inst/result_context_r[12]_i_12_n_0
                                                                      f  u_tlp_layer/tracker_inst/result_context_r[12]_i_3/I1
                         LUT6 (Prop_LUT6_I1_O)        0.038     3.852 f  u_tlp_layer/tracker_inst/result_context_r[12]_i_3/O
                         net (fo=9, unplaced)         0.217     4.069    u_tlp_layer/tracker_inst/result_context_r[12]_i_3_n_0
                                                                      f  u_tlp_layer/tracker_inst/remaining_r[0][12]_i_3/I2
                         LUT3 (Prop_LUT3_I2_O)        0.038     4.107 f  u_tlp_layer/tracker_inst/remaining_r[0][12]_i_3/O
                         net (fo=178, unplaced)       0.285     4.392    u_tlp_layer/tracker_inst/remaining_r[0][12]_i_3_n_0
                                                                      f  u_tlp_layer/tracker_inst/remaining_r[0][12]_i_1/I0
                         LUT3 (Prop_LUT3_I0_O)        0.038     4.430 r  u_tlp_layer/tracker_inst/remaining_r[0][12]_i_1/O
                         net (fo=13, unplaced)        0.179     4.609    u_tlp_layer/tracker_inst/remaining_r[0][12]_i_1_n_0
                         FDRE                                         r  u_tlp_layer/tracker_inst/remaining_r_reg[0][10]/CE
  -------------------------------------------------------------------    -------------------

                         (clock clk_placeholder rise edge)
                                                      4.000     4.000 r  
                                                      0.000     4.000 r  clk_i (IN)
                         net (fo=8091, unset)         0.021     4.021    u_tlp_layer/tracker_inst/clk_i
                         FDRE                                         r  u_tlp_layer/tracker_inst/remaining_r_reg[0][10]/C
                         clock pessimism              0.000     4.021    
                         clock uncertainty           -0.035     3.986    
                         FDRE (Setup_FDRE_C_CE)      -0.061     3.925    u_tlp_layer/tracker_inst/remaining_r_reg[0][10]
  -------------------------------------------------------------------
                         required time                          3.925    
                         arrival time                          -4.609    
  -------------------------------------------------------------------
                         slack                                 -0.684    

Slack (VIOLATED) :        -0.684ns  (required time - arrival time)
  Source:                 u_tlp_layer/parser_inst/header_r_reg[requester_id][11]/C
                            (rising edge-triggered cell FDRE clocked by clk_placeholder  {rise@0.000ns fall@2.000ns period=4.000ns})
  Destination:            u_tlp_layer/tracker_inst/remaining_r_reg[0][11]/CE
                            (rising edge-triggered cell FDRE clocked by clk_placeholder  {rise@0.000ns fall@2.000ns period=4.000ns})
  Path Group:             clk_placeholder
  Path Type:              Setup (Max at Slow Process Corner)
  Requirement:            4.000ns  (clk_placeholder rise@4.000ns - clk_placeholder rise@0.000ns)
  Data Path Delay:        4.579ns  (logic 1.213ns (26.491%)  route 3.366ns (73.509%))
  Logic Levels:           16  (CARRY8=1 LUT2=1 LUT3=2 LUT4=3 LUT5=2 LUT6=7)
  Clock Path Skew:        -0.009ns (DCD - SCD + CPR)
    Destination Clock Delay (DCD):    0.021ns = ( 4.021 - 4.000 ) 
    Source Clock Delay      (SCD):    0.030ns
    Clock Pessimism Removal (CPR):    0.000ns
  Clock Uncertainty:      0.035ns  ((TSJ^2 + TIJ^2)^1/2 + DJ) / 2 + PE
    Total System Jitter     (TSJ):    0.071ns
    Total Input Jitter      (TIJ):    0.000ns
    Discrete Jitter          (DJ):    0.000ns
    Phase Error              (PE):    0.000ns

    Location             Delay type                Incr(ns)  Path(ns)    Netlist Resource(s)
  -------------------------------------------------------------------    -------------------
                         (clock clk_placeholder rise edge)
                                                      0.000     0.000 r  
                                                      0.000     0.000 r  clk_i (IN)
                         net (fo=8091, unset)         0.030     0.030    u_tlp_layer/parser_inst/clk_i
                         FDRE                                         r  u_tlp_layer/parser_inst/header_r_reg[requester_id][11]/C
  -------------------------------------------------------------------    -------------------
                         FDRE (Prop_FDRE_C_Q)         0.077     0.107 f  u_tlp_layer/parser_inst/header_r_reg[requester_id][11]/Q
                         net (fo=55, unplaced)        0.226     0.333    u_tlp_layer/tracker_inst/completion_header_i[requester_id][11]
                                                                      f  u_tlp_layer/tracker_inst/remaining_r[21][8]_i_9/I0
                         LUT6 (Prop_LUT6_I0_O)        0.150     0.483 f  u_tlp_layer/tracker_inst/remaining_r[21][8]_i_9/O
                         net (fo=1, unplaced)         0.186     0.669    u_tlp_layer/tracker_inst/remaining_r[21][8]_i_9_n_0
                                                                      f  u_tlp_layer/tracker_inst/remaining_r[21][8]_i_3/I5
                         LUT6 (Prop_LUT6_I5_O)        0.038     0.707 f  u_tlp_layer/tracker_inst/remaining_r[21][8]_i_3/O
                         net (fo=1, unplaced)         0.141     0.848    u_tlp_layer/tracker_inst/remaining_r[21][8]_i_3_n_0
                                                                      f  u_tlp_layer/tracker_inst/remaining_r[21][8]_i_2/I0
                         LUT6 (Prop_LUT6_I0_O)        0.100     0.948 r  u_tlp_layer/tracker_inst/remaining_r[21][8]_i_2/O
                         net (fo=15, unplaced)        0.183     1.131    u_tlp_layer/tracker_inst/remaining_r[21][8]_i_2_n_0
                                                                      r  u_tlp_layer/tracker_inst/cpl_timeout_valid_o_i_25/I1
                         LUT5 (Prop_LUT5_I1_O)        0.100     1.231 r  u_tlp_layer/tracker_inst/cpl_timeout_valid_o_i_25/O
                         net (fo=1, unplaced)         0.186     1.417    u_tlp_layer/tracker_inst/cpl_timeout_valid_o_i_25_n_0
                                                                      r  u_tlp_layer/tracker_inst/cpl_timeout_valid_o_i_8/I5
                         LUT6 (Prop_LUT6_I5_O)        0.038     1.455 r  u_tlp_layer/tracker_inst/cpl_timeout_valid_o_i_8/O
                         net (fo=14, unplaced)        0.227     1.682    u_tlp_layer/tracker_inst/cpl_timeout_valid_o_i_8_n_0
                                                                      r  u_tlp_layer/tracker_inst/remaining_r[3][12]_i_6/I1
                         LUT2 (Prop_LUT2_I1_O)        0.038     1.720 f  u_tlp_layer/tracker_inst/remaining_r[3][12]_i_6/O
                         net (fo=180, unplaced)       0.285     2.005    u_tlp_layer/tracker_inst/remaining_r[3][12]_i_6_n_0
                                                                      f  u_tlp_layer/tracker_inst/remaining_r[0][7]_i_159/I2
                         LUT4 (Prop_LUT4_I2_O)        0.038     2.043 r  u_tlp_layer/tracker_inst/remaining_r[0][7]_i_159/O
                         net (fo=1, unplaced)         0.186     2.229    u_tlp_layer/tracker_inst/remaining_r[0][7]_i_159_n_0
                                                                      r  u_tlp_layer/tracker_inst/remaining_r[0][7]_i_60/I1
                         LUT6 (Prop_LUT6_I1_O)        0.038     2.267 r  u_tlp_layer/tracker_inst/remaining_r[0][7]_i_60/O
                         net (fo=1, unplaced)         0.105     2.372    u_tlp_layer/tracker_inst/remaining_r[0][7]_i_60_n_0
                                                                      r  u_tlp_layer/tracker_inst/remaining_r[0][7]_i_13/I0
                         LUT6 (Prop_LUT6_I0_O)        0.150     2.522 r  u_tlp_layer/tracker_inst/remaining_r[0][7]_i_13/O
                         net (fo=7, unplaced)         0.211     2.733    u_tlp_layer/tracker_inst/remaining_r[1]
                                                                      r  u_tlp_layer/tracker_inst/result_last_r_i_11/I2
                         LUT4 (Prop_LUT4_I2_O)        0.038     2.771 f  u_tlp_layer/tracker_inst/result_last_r_i_11/O
                         net (fo=2, unplaced)         0.233     3.004    u_tlp_layer/tracker_inst/result_last_r_i_11_n_0
                                                                      f  u_tlp_layer/tracker_inst/result_context_r_reg[12]_i_55/DI[0]
                         CARRY8 (Prop_CARRY8_DI[0]_CO[6])
                                                      0.186     3.190 f  u_tlp_layer/tracker_inst/result_context_r_reg[12]_i_55/CO[6]
                         net (fo=1, unplaced)         0.138     3.328    u_tlp_layer/tracker_inst/active_r6
                                                                      f  u_tlp_layer/tracker_inst/result_context_r[12]_i_37/I3
                         LUT4 (Prop_LUT4_I3_O)        0.070     3.398 f  u_tlp_layer/tracker_inst/result_context_r[12]_i_37/O
                         net (fo=2, unplaced)         0.186     3.584    u_tlp_layer/tracker_inst/result_context_r[12]_i_37_n_0
                                                                      f  u_tlp_layer/tracker_inst/result_context_r[12]_i_12/I1
                         LUT5 (Prop_LUT5_I1_O)        0.038     3.622 f  u_tlp_layer/tracker_inst/result_context_r[12]_i_12/O
                         net (fo=3, unplaced)         0.192     3.814    u_tlp_layer/tracker_inst/result_context_r[12]_i_12_n_0
                                                                      f  u_tlp_layer/tracker_inst/result_context_r[12]_i_3/I1
                         LUT6 (Prop_LUT6_I1_O)        0.038     3.852 f  u_tlp_layer/tracker_inst/result_context_r[12]_i_3/O
                         net (fo=9, unplaced)         0.217     4.069    u_tlp_layer/tracker_inst/result_context_r[12]_i_3_n_0
                                                                      f  u_tlp_layer/tracker_inst/remaining_r[0][12]_i_3/I2
                         LUT3 (Prop_LUT3_I2_O)        0.038     4.107 f  u_tlp_layer/tracker_inst/remaining_r[0][12]_i_3/O
                         net (fo=178, unplaced)       0.285     4.392    u_tlp_layer/tracker_inst/remaining_r[0][12]_i_3_n_0
                                                                      f  u_tlp_layer/tracker_inst/remaining_r[0][12]_i_1/I0
                         LUT3 (Prop_LUT3_I0_O)        0.038     4.430 r  u_tlp_layer/tracker_inst/remaining_r[0][12]_i_1/O
                         net (fo=13, unplaced)        0.179     4.609    u_tlp_layer/tracker_inst/remaining_r[0][12]_i_1_n_0
                         FDRE                                         r  u_tlp_layer/tracker_inst/remaining_r_reg[0][11]/CE
  -------------------------------------------------------------------    -------------------

                         (clock clk_placeholder rise edge)
                                                      4.000     4.000 r  
                                                      0.000     4.000 r  clk_i (IN)
                         net (fo=8091, unset)         0.021     4.021    u_tlp_layer/tracker_inst/clk_i
                         FDRE                                         r  u_tlp_layer/tracker_inst/remaining_r_reg[0][11]/C
                         clock pessimism              0.000     4.021    
                         clock uncertainty           -0.035     3.986    
                         FDRE (Setup_FDRE_C_CE)      -0.061     3.925    u_tlp_layer/tracker_inst/remaining_r_reg[0][11]
  -------------------------------------------------------------------
                         required time                          3.925    
                         arrival time                          -4.609    
  -------------------------------------------------------------------
                         slack                                 -0.684    

Slack (VIOLATED) :        -0.684ns  (required time - arrival time)
  Source:                 u_tlp_layer/parser_inst/header_r_reg[requester_id][11]/C
                            (rising edge-triggered cell FDRE clocked by clk_placeholder  {rise@0.000ns fall@2.000ns period=4.000ns})
  Destination:            u_tlp_layer/tracker_inst/remaining_r_reg[0][12]/CE
                            (rising edge-triggered cell FDRE clocked by clk_placeholder  {rise@0.000ns fall@2.000ns period=4.000ns})
  Path Group:             clk_placeholder
  Path Type:              Setup (Max at Slow Process Corner)
  Requirement:            4.000ns  (clk_placeholder rise@4.000ns - clk_placeholder rise@0.000ns)
  Data Path Delay:        4.579ns  (logic 1.213ns (26.491%)  route 3.366ns (73.509%))
  Logic Levels:           16  (CARRY8=1 LUT2=1 LUT3=2 LUT4=3 LUT5=2 LUT6=7)
  Clock Path Skew:        -0.009ns (DCD - SCD + CPR)
    Destination Clock Delay (DCD):    0.021ns = ( 4.021 - 4.000 ) 
    Source Clock Delay      (SCD):    0.030ns
    Clock Pessimism Removal (CPR):    0.000ns
  Clock Uncertainty:      0.035ns  ((TSJ^2 + TIJ^2)^1/2 + DJ) / 2 + PE
    Total System Jitter     (TSJ):    0.071ns
    Total Input Jitter      (TIJ):    0.000ns
    Discrete Jitter          (DJ):    0.000ns
    Phase Error              (PE):    0.000ns

    Location             Delay type                Incr(ns)  Path(ns)    Netlist Resource(s)
  -------------------------------------------------------------------    -------------------
                         (clock clk_placeholder rise edge)
                                                      0.000     0.000 r  
                                                      0.000     0.000 r  clk_i (IN)
                         net (fo=8091, unset)         0.030     0.030    u_tlp_layer/parser_inst/clk_i
                         FDRE                                         r  u_tlp_layer/parser_inst/header_r_reg[requester_id][11]/C
  -------------------------------------------------------------------    -------------------
                         FDRE (Prop_FDRE_C_Q)         0.077     0.107 f  u_tlp_layer/parser_inst/header_r_reg[requester_id][11]/Q
                         net (fo=55, unplaced)        0.226     0.333    u_tlp_layer/tracker_inst/completion_header_i[requester_id][11]
                                                                      f  u_tlp_layer/tracker_inst/remaining_r[21][8]_i_9/I0
                         LUT6 (Prop_LUT6_I0_O)        0.150     0.483 f  u_tlp_layer/tracker_inst/remaining_r[21][8]_i_9/O
                         net (fo=1, unplaced)         0.186     0.669    u_tlp_layer/tracker_inst/remaining_r[21][8]_i_9_n_0
                                                                      f  u_tlp_layer/tracker_inst/remaining_r[21][8]_i_3/I5
                         LUT6 (Prop_LUT6_I5_O)        0.038     0.707 f  u_tlp_layer/tracker_inst/remaining_r[21][8]_i_3/O
                         net (fo=1, unplaced)         0.141     0.848    u_tlp_layer/tracker_inst/remaining_r[21][8]_i_3_n_0
                                                                      f  u_tlp_layer/tracker_inst/remaining_r[21][8]_i_2/I0
                         LUT6 (Prop_LUT6_I0_O)        0.100     0.948 r  u_tlp_layer/tracker_inst/remaining_r[21][8]_i_2/O
                         net (fo=15, unplaced)        0.183     1.131    u_tlp_layer/tracker_inst/remaining_r[21][8]_i_2_n_0
                                                                      r  u_tlp_layer/tracker_inst/cpl_timeout_valid_o_i_25/I1
                         LUT5 (Prop_LUT5_I1_O)        0.100     1.231 r  u_tlp_layer/tracker_inst/cpl_timeout_valid_o_i_25/O
                         net (fo=1, unplaced)         0.186     1.417    u_tlp_layer/tracker_inst/cpl_timeout_valid_o_i_25_n_0
                                                                      r  u_tlp_layer/tracker_inst/cpl_timeout_valid_o_i_8/I5
                         LUT6 (Prop_LUT6_I5_O)        0.038     1.455 r  u_tlp_layer/tracker_inst/cpl_timeout_valid_o_i_8/O
                         net (fo=14, unplaced)        0.227     1.682    u_tlp_layer/tracker_inst/cpl_timeout_valid_o_i_8_n_0
                                                                      r  u_tlp_layer/tracker_inst/remaining_r[3][12]_i_6/I1
                         LUT2 (Prop_LUT2_I1_O)        0.038     1.720 f  u_tlp_layer/tracker_inst/remaining_r[3][12]_i_6/O
                         net (fo=180, unplaced)       0.285     2.005    u_tlp_layer/tracker_inst/remaining_r[3][12]_i_6_n_0
                                                                      f  u_tlp_layer/tracker_inst/remaining_r[0][7]_i_159/I2
                         LUT4 (Prop_LUT4_I2_O)        0.038     2.043 r  u_tlp_layer/tracker_inst/remaining_r[0][7]_i_159/O
                         net (fo=1, unplaced)         0.186     2.229    u_tlp_layer/tracker_inst/remaining_r[0][7]_i_159_n_0
                                                                      r  u_tlp_layer/tracker_inst/remaining_r[0][7]_i_60/I1
                         LUT6 (Prop_LUT6_I1_O)        0.038     2.267 r  u_tlp_layer/tracker_inst/remaining_r[0][7]_i_60/O
                         net (fo=1, unplaced)         0.105     2.372    u_tlp_layer/tracker_inst/remaining_r[0][7]_i_60_n_0
                                                                      r  u_tlp_layer/tracker_inst/remaining_r[0][7]_i_13/I0
                         LUT6 (Prop_LUT6_I0_O)        0.150     2.522 r  u_tlp_layer/tracker_inst/remaining_r[0][7]_i_13/O
                         net (fo=7, unplaced)         0.211     2.733    u_tlp_layer/tracker_inst/remaining_r[1]
                                                                      r  u_tlp_layer/tracker_inst/result_last_r_i_11/I2
                         LUT4 (Prop_LUT4_I2_O)        0.038     2.771 f  u_tlp_layer/tracker_inst/result_last_r_i_11/O
                         net (fo=2, unplaced)         0.233     3.004    u_tlp_layer/tracker_inst/result_last_r_i_11_n_0
                                                                      f  u_tlp_layer/tracker_inst/result_context_r_reg[12]_i_55/DI[0]
                         CARRY8 (Prop_CARRY8_DI[0]_CO[6])
                                                      0.186     3.190 f  u_tlp_layer/tracker_inst/result_context_r_reg[12]_i_55/CO[6]
                         net (fo=1, unplaced)         0.138     3.328    u_tlp_layer/tracker_inst/active_r6
                                                                      f  u_tlp_layer/tracker_inst/result_context_r[12]_i_37/I3
                         LUT4 (Prop_LUT4_I3_O)        0.070     3.398 f  u_tlp_layer/tracker_inst/result_context_r[12]_i_37/O
                         net (fo=2, unplaced)         0.186     3.584    u_tlp_layer/tracker_inst/result_context_r[12]_i_37_n_0
                                                                      f  u_tlp_layer/tracker_inst/result_context_r[12]_i_12/I1
                         LUT5 (Prop_LUT5_I1_O)        0.038     3.622 f  u_tlp_layer/tracker_inst/result_context_r[12]_i_12/O
                         net (fo=3, unplaced)         0.192     3.814    u_tlp_layer/tracker_inst/result_context_r[12]_i_12_n_0
                                                                      f  u_tlp_layer/tracker_inst/result_context_r[12]_i_3/I1
                         LUT6 (Prop_LUT6_I1_O)        0.038     3.852 f  u_tlp_layer/tracker_inst/result_context_r[12]_i_3/O
                         net (fo=9, unplaced)         0.217     4.069    u_tlp_layer/tracker_inst/result_context_r[12]_i_3_n_0
                                                                      f  u_tlp_layer/tracker_inst/remaining_r[0][12]_i_3/I2
                         LUT3 (Prop_LUT3_I2_O)        0.038     4.107 f  u_tlp_layer/tracker_inst/remaining_r[0][12]_i_3/O
                         net (fo=178, unplaced)       0.285     4.392    u_tlp_layer/tracker_inst/remaining_r[0][12]_i_3_n_0
                                                                      f  u_tlp_layer/tracker_inst/remaining_r[0][12]_i_1/I0
                         LUT3 (Prop_LUT3_I0_O)        0.038     4.430 r  u_tlp_layer/tracker_inst/remaining_r[0][12]_i_1/O
                         net (fo=13, unplaced)        0.179     4.609    u_tlp_layer/tracker_inst/remaining_r[0][12]_i_1_n_0
                         FDRE                                         r  u_tlp_layer/tracker_inst/remaining_r_reg[0][12]/CE
  -------------------------------------------------------------------    -------------------

                         (clock clk_placeholder rise edge)
                                                      4.000     4.000 r  
                                                      0.000     4.000 r  clk_i (IN)
                         net (fo=8091, unset)         0.021     4.021    u_tlp_layer/tracker_inst/clk_i
                         FDRE                                         r  u_tlp_layer/tracker_inst/remaining_r_reg[0][12]/C
                         clock pessimism              0.000     4.021    
                         clock uncertainty           -0.035     3.986    
                         FDRE (Setup_FDRE_C_CE)      -0.061     3.925    u_tlp_layer/tracker_inst/remaining_r_reg[0][12]
  -------------------------------------------------------------------
                         required time                          3.925    
                         arrival time                          -4.609    
  -------------------------------------------------------------------
                         slack                                 -0.684    

Slack (VIOLATED) :        -0.684ns  (required time - arrival time)
  Source:                 u_tlp_layer/parser_inst/header_r_reg[requester_id][11]/C
                            (rising edge-triggered cell FDRE clocked by clk_placeholder  {rise@0.000ns fall@2.000ns period=4.000ns})
  Destination:            u_tlp_layer/tracker_inst/remaining_r_reg[0][1]/CE
                            (rising edge-triggered cell FDRE clocked by clk_placeholder  {rise@0.000ns fall@2.000ns period=4.000ns})
  Path Group:             clk_placeholder
  Path Type:              Setup (Max at Slow Process Corner)
  Requirement:            4.000ns  (clk_placeholder rise@4.000ns - clk_placeholder rise@0.000ns)
  Data Path Delay:        4.579ns  (logic 1.213ns (26.491%)  route 3.366ns (73.509%))
  Logic Levels:           16  (CARRY8=1 LUT2=1 LUT3=2 LUT4=3 LUT5=2 LUT6=7)
  Clock Path Skew:        -0.009ns (DCD - SCD + CPR)
    Destination Clock Delay (DCD):    0.021ns = ( 4.021 - 4.000 ) 
    Source Clock Delay      (SCD):    0.030ns
    Clock Pessimism Removal (CPR):    0.000ns
  Clock Uncertainty:      0.035ns  ((TSJ^2 + TIJ^2)^1/2 + DJ) / 2 + PE
    Total System Jitter     (TSJ):    0.071ns
    Total Input Jitter      (TIJ):    0.000ns
    Discrete Jitter          (DJ):    0.000ns
    Phase Error              (PE):    0.000ns

    Location             Delay type                Incr(ns)  Path(ns)    Netlist Resource(s)
  -------------------------------------------------------------------    -------------------
                         (clock clk_placeholder rise edge)
                                                      0.000     0.000 r  
                                                      0.000     0.000 r  clk_i (IN)
                         net (fo=8091, unset)         0.030     0.030    u_tlp_layer/parser_inst/clk_i
                         FDRE                                         r  u_tlp_layer/parser_inst/header_r_reg[requester_id][11]/C
  -------------------------------------------------------------------    -------------------
                         FDRE (Prop_FDRE_C_Q)         0.077     0.107 f  u_tlp_layer/parser_inst/header_r_reg[requester_id][11]/Q
                         net (fo=55, unplaced)        0.226     0.333    u_tlp_layer/tracker_inst/completion_header_i[requester_id][11]
                                                                      f  u_tlp_layer/tracker_inst/remaining_r[21][8]_i_9/I0
                         LUT6 (Prop_LUT6_I0_O)        0.150     0.483 f  u_tlp_layer/tracker_inst/remaining_r[21][8]_i_9/O
                         net (fo=1, unplaced)         0.186     0.669    u_tlp_layer/tracker_inst/remaining_r[21][8]_i_9_n_0
                                                                      f  u_tlp_layer/tracker_inst/remaining_r[21][8]_i_3/I5
                         LUT6 (Prop_LUT6_I5_O)        0.038     0.707 f  u_tlp_layer/tracker_inst/remaining_r[21][8]_i_3/O
                         net (fo=1, unplaced)         0.141     0.848    u_tlp_layer/tracker_inst/remaining_r[21][8]_i_3_n_0
                                                                      f  u_tlp_layer/tracker_inst/remaining_r[21][8]_i_2/I0
                         LUT6 (Prop_LUT6_I0_O)        0.100     0.948 r  u_tlp_layer/tracker_inst/remaining_r[21][8]_i_2/O
                         net (fo=15, unplaced)        0.183     1.131    u_tlp_layer/tracker_inst/remaining_r[21][8]_i_2_n_0
                                                                      r  u_tlp_layer/tracker_inst/cpl_timeout_valid_o_i_25/I1
                         LUT5 (Prop_LUT5_I1_O)        0.100     1.231 r  u_tlp_layer/tracker_inst/cpl_timeout_valid_o_i_25/O
                         net (fo=1, unplaced)         0.186     1.417    u_tlp_layer/tracker_inst/cpl_timeout_valid_o_i_25_n_0
                                                                      r  u_tlp_layer/tracker_inst/cpl_timeout_valid_o_i_8/I5
                         LUT6 (Prop_LUT6_I5_O)        0.038     1.455 r  u_tlp_layer/tracker_inst/cpl_timeout_valid_o_i_8/O
                         net (fo=14, unplaced)        0.227     1.682    u_tlp_layer/tracker_inst/cpl_timeout_valid_o_i_8_n_0
                                                                      r  u_tlp_layer/tracker_inst/remaining_r[3][12]_i_6/I1
                         LUT2 (Prop_LUT2_I1_O)        0.038     1.720 f  u_tlp_layer/tracker_inst/remaining_r[3][12]_i_6/O
                         net (fo=180, unplaced)       0.285     2.005    u_tlp_layer/tracker_inst/remaining_r[3][12]_i_6_n_0
                                                                      f  u_tlp_layer/tracker_inst/remaining_r[0][7]_i_159/I2
                         LUT4 (Prop_LUT4_I2_O)        0.038     2.043 r  u_tlp_layer/tracker_inst/remaining_r[0][7]_i_159/O
                         net (fo=1, unplaced)         0.186     2.229    u_tlp_layer/tracker_inst/remaining_r[0][7]_i_159_n_0
                                                                      r  u_tlp_layer/tracker_inst/remaining_r[0][7]_i_60/I1
                         LUT6 (Prop_LUT6_I1_O)        0.038     2.267 r  u_tlp_layer/tracker_inst/remaining_r[0][7]_i_60/O
                         net (fo=1, unplaced)         0.105     2.372    u_tlp_layer/tracker_inst/remaining_r[0][7]_i_60_n_0
                                                                      r  u_tlp_layer/tracker_inst/remaining_r[0][7]_i_13/I0
                         LUT6 (Prop_LUT6_I0_O)        0.150     2.522 r  u_tlp_layer/tracker_inst/remaining_r[0][7]_i_13/O
                         net (fo=7, unplaced)         0.211     2.733    u_tlp_layer/tracker_inst/remaining_r[1]
                                                                      r  u_tlp_layer/tracker_inst/result_last_r_i_11/I2
                         LUT4 (Prop_LUT4_I2_O)        0.038     2.771 f  u_tlp_layer/tracker_inst/result_last_r_i_11/O
                         net (fo=2, unplaced)         0.233     3.004    u_tlp_layer/tracker_inst/result_last_r_i_11_n_0
                                                                      f  u_tlp_layer/tracker_inst/result_context_r_reg[12]_i_55/DI[0]
                         CARRY8 (Prop_CARRY8_DI[0]_CO[6])
                                                      0.186     3.190 f  u_tlp_layer/tracker_inst/result_context_r_reg[12]_i_55/CO[6]
                         net (fo=1, unplaced)         0.138     3.328    u_tlp_layer/tracker_inst/active_r6
                                                                      f  u_tlp_layer/tracker_inst/result_context_r[12]_i_37/I3
                         LUT4 (Prop_LUT4_I3_O)        0.070     3.398 f  u_tlp_layer/tracker_inst/result_context_r[12]_i_37/O
                         net (fo=2, unplaced)         0.186     3.584    u_tlp_layer/tracker_inst/result_context_r[12]_i_37_n_0
                                                                      f  u_tlp_layer/tracker_inst/result_context_r[12]_i_12/I1
                         LUT5 (Prop_LUT5_I1_O)        0.038     3.622 f  u_tlp_layer/tracker_inst/result_context_r[12]_i_12/O
                         net (fo=3, unplaced)         0.192     3.814    u_tlp_layer/tracker_inst/result_context_r[12]_i_12_n_0
                                                                      f  u_tlp_layer/tracker_inst/result_context_r[12]_i_3/I1
                         LUT6 (Prop_LUT6_I1_O)        0.038     3.852 f  u_tlp_layer/tracker_inst/result_context_r[12]_i_3/O
                         net (fo=9, unplaced)         0.217     4.069    u_tlp_layer/tracker_inst/result_context_r[12]_i_3_n_0
                                                                      f  u_tlp_layer/tracker_inst/remaining_r[0][12]_i_3/I2
                         LUT3 (Prop_LUT3_I2_O)        0.038     4.107 f  u_tlp_layer/tracker_inst/remaining_r[0][12]_i_3/O
                         net (fo=178, unplaced)       0.285     4.392    u_tlp_layer/tracker_inst/remaining_r[0][12]_i_3_n_0
                                                                      f  u_tlp_layer/tracker_inst/remaining_r[0][12]_i_1/I0
                         LUT3 (Prop_LUT3_I0_O)        0.038     4.430 r  u_tlp_layer/tracker_inst/remaining_r[0][12]_i_1/O
                         net (fo=13, unplaced)        0.179     4.609    u_tlp_layer/tracker_inst/remaining_r[0][12]_i_1_n_0
                         FDRE                                         r  u_tlp_layer/tracker_inst/remaining_r_reg[0][1]/CE
  -------------------------------------------------------------------    -------------------

                         (clock clk_placeholder rise edge)
                                                      4.000     4.000 r  
                                                      0.000     4.000 r  clk_i (IN)
                         net (fo=8091, unset)         0.021     4.021    u_tlp_layer/tracker_inst/clk_i
                         FDRE                                         r  u_tlp_layer/tracker_inst/remaining_r_reg[0][1]/C
                         clock pessimism              0.000     4.021    
                         clock uncertainty           -0.035     3.986    
                         FDRE (Setup_FDRE_C_CE)      -0.061     3.925    u_tlp_layer/tracker_inst/remaining_r_reg[0][1]
  -------------------------------------------------------------------
                         required time                          3.925    
                         arrival time                          -4.609    
  -------------------------------------------------------------------
                         slack                                 -0.684    

Slack (VIOLATED) :        -0.684ns  (required time - arrival time)
  Source:                 u_tlp_layer/parser_inst/header_r_reg[requester_id][11]/C
                            (rising edge-triggered cell FDRE clocked by clk_placeholder  {rise@0.000ns fall@2.000ns period=4.000ns})
  Destination:            u_tlp_layer/tracker_inst/remaining_r_reg[0][2]/CE
                            (rising edge-triggered cell FDRE clocked by clk_placeholder  {rise@0.000ns fall@2.000ns period=4.000ns})
  Path Group:             clk_placeholder
  Path Type:              Setup (Max at Slow Process Corner)
  Requirement:            4.000ns  (clk_placeholder rise@4.000ns - clk_placeholder rise@0.000ns)
  Data Path Delay:        4.579ns  (logic 1.213ns (26.491%)  route 3.366ns (73.509%))
  Logic Levels:           16  (CARRY8=1 LUT2=1 LUT3=2 LUT4=3 LUT5=2 LUT6=7)
  Clock Path Skew:        -0.009ns (DCD - SCD + CPR)
    Destination Clock Delay (DCD):    0.021ns = ( 4.021 - 4.000 ) 
    Source Clock Delay      (SCD):    0.030ns
    Clock Pessimism Removal (CPR):    0.000ns
  Clock Uncertainty:      0.035ns  ((TSJ^2 + TIJ^2)^1/2 + DJ) / 2 + PE
    Total System Jitter     (TSJ):    0.071ns
    Total Input Jitter      (TIJ):    0.000ns
    Discrete Jitter          (DJ):    0.000ns
    Phase Error              (PE):    0.000ns

    Location             Delay type                Incr(ns)  Path(ns)    Netlist Resource(s)
  -------------------------------------------------------------------    -------------------
                         (clock clk_placeholder rise edge)
                                                      0.000     0.000 r  
                                                      0.000     0.000 r  clk_i (IN)
                         net (fo=8091, unset)         0.030     0.030    u_tlp_layer/parser_inst/clk_i
                         FDRE                                         r  u_tlp_layer/parser_inst/header_r_reg[requester_id][11]/C
  -------------------------------------------------------------------    -------------------
                         FDRE (Prop_FDRE_C_Q)         0.077     0.107 f  u_tlp_layer/parser_inst/header_r_reg[requester_id][11]/Q
                         net (fo=55, unplaced)        0.226     0.333    u_tlp_layer/tracker_inst/completion_header_i[requester_id][11]
                                                                      f  u_tlp_layer/tracker_inst/remaining_r[21][8]_i_9/I0
                         LUT6 (Prop_LUT6_I0_O)        0.150     0.483 f  u_tlp_layer/tracker_inst/remaining_r[21][8]_i_9/O
                         net (fo=1, unplaced)         0.186     0.669    u_tlp_layer/tracker_inst/remaining_r[21][8]_i_9_n_0
                                                                      f  u_tlp_layer/tracker_inst/remaining_r[21][8]_i_3/I5
                         LUT6 (Prop_LUT6_I5_O)        0.038     0.707 f  u_tlp_layer/tracker_inst/remaining_r[21][8]_i_3/O
                         net (fo=1, unplaced)         0.141     0.848    u_tlp_layer/tracker_inst/remaining_r[21][8]_i_3_n_0
                                                                      f  u_tlp_layer/tracker_inst/remaining_r[21][8]_i_2/I0
                         LUT6 (Prop_LUT6_I0_O)        0.100     0.948 r  u_tlp_layer/tracker_inst/remaining_r[21][8]_i_2/O
                         net (fo=15, unplaced)        0.183     1.131    u_tlp_layer/tracker_inst/remaining_r[21][8]_i_2_n_0
                                                                      r  u_tlp_layer/tracker_inst/cpl_timeout_valid_o_i_25/I1
                         LUT5 (Prop_LUT5_I1_O)        0.100     1.231 r  u_tlp_layer/tracker_inst/cpl_timeout_valid_o_i_25/O
                         net (fo=1, unplaced)         0.186     1.417    u_tlp_layer/tracker_inst/cpl_timeout_valid_o_i_25_n_0
                                                                      r  u_tlp_layer/tracker_inst/cpl_timeout_valid_o_i_8/I5
                         LUT6 (Prop_LUT6_I5_O)        0.038     1.455 r  u_tlp_layer/tracker_inst/cpl_timeout_valid_o_i_8/O
                         net (fo=14, unplaced)        0.227     1.682    u_tlp_layer/tracker_inst/cpl_timeout_valid_o_i_8_n_0
                                                                      r  u_tlp_layer/tracker_inst/remaining_r[3][12]_i_6/I1
                         LUT2 (Prop_LUT2_I1_O)        0.038     1.720 f  u_tlp_layer/tracker_inst/remaining_r[3][12]_i_6/O
                         net (fo=180, unplaced)       0.285     2.005    u_tlp_layer/tracker_inst/remaining_r[3][12]_i_6_n_0
                                                                      f  u_tlp_layer/tracker_inst/remaining_r[0][7]_i_159/I2
                         LUT4 (Prop_LUT4_I2_O)        0.038     2.043 r  u_tlp_layer/tracker_inst/remaining_r[0][7]_i_159/O
                         net (fo=1, unplaced)         0.186     2.229    u_tlp_layer/tracker_inst/remaining_r[0][7]_i_159_n_0
                                                                      r  u_tlp_layer/tracker_inst/remaining_r[0][7]_i_60/I1
                         LUT6 (Prop_LUT6_I1_O)        0.038     2.267 r  u_tlp_layer/tracker_inst/remaining_r[0][7]_i_60/O
                         net (fo=1, unplaced)         0.105     2.372    u_tlp_layer/tracker_inst/remaining_r[0][7]_i_60_n_0
                                                                      r  u_tlp_layer/tracker_inst/remaining_r[0][7]_i_13/I0
                         LUT6 (Prop_LUT6_I0_O)        0.150     2.522 r  u_tlp_layer/tracker_inst/remaining_r[0][7]_i_13/O
                         net (fo=7, unplaced)         0.211     2.733    u_tlp_layer/tracker_inst/remaining_r[1]
                                                                      r  u_tlp_layer/tracker_inst/result_last_r_i_11/I2
                         LUT4 (Prop_LUT4_I2_O)        0.038     2.771 f  u_tlp_layer/tracker_inst/result_last_r_i_11/O
                         net (fo=2, unplaced)         0.233     3.004    u_tlp_layer/tracker_inst/result_last_r_i_11_n_0
                                                                      f  u_tlp_layer/tracker_inst/result_context_r_reg[12]_i_55/DI[0]
                         CARRY8 (Prop_CARRY8_DI[0]_CO[6])
                                                      0.186     3.190 f  u_tlp_layer/tracker_inst/result_context_r_reg[12]_i_55/CO[6]
                         net (fo=1, unplaced)         0.138     3.328    u_tlp_layer/tracker_inst/active_r6
                                                                      f  u_tlp_layer/tracker_inst/result_context_r[12]_i_37/I3
                         LUT4 (Prop_LUT4_I3_O)        0.070     3.398 f  u_tlp_layer/tracker_inst/result_context_r[12]_i_37/O
                         net (fo=2, unplaced)         0.186     3.584    u_tlp_layer/tracker_inst/result_context_r[12]_i_37_n_0
                                                                      f  u_tlp_layer/tracker_inst/result_context_r[12]_i_12/I1
                         LUT5 (Prop_LUT5_I1_O)        0.038     3.622 f  u_tlp_layer/tracker_inst/result_context_r[12]_i_12/O
                         net (fo=3, unplaced)         0.192     3.814    u_tlp_layer/tracker_inst/result_context_r[12]_i_12_n_0
                                                                      f  u_tlp_layer/tracker_inst/result_context_r[12]_i_3/I1
                         LUT6 (Prop_LUT6_I1_O)        0.038     3.852 f  u_tlp_layer/tracker_inst/result_context_r[12]_i_3/O
                         net (fo=9, unplaced)         0.217     4.069    u_tlp_layer/tracker_inst/result_context_r[12]_i_3_n_0
                                                                      f  u_tlp_layer/tracker_inst/remaining_r[0][12]_i_3/I2
                         LUT3 (Prop_LUT3_I2_O)        0.038     4.107 f  u_tlp_layer/tracker_inst/remaining_r[0][12]_i_3/O
                         net (fo=178, unplaced)       0.285     4.392    u_tlp_layer/tracker_inst/remaining_r[0][12]_i_3_n_0
                                                                      f  u_tlp_layer/tracker_inst/remaining_r[0][12]_i_1/I0
                         LUT3 (Prop_LUT3_I0_O)        0.038     4.430 r  u_tlp_layer/tracker_inst/remaining_r[0][12]_i_1/O
                         net (fo=13, unplaced)        0.179     4.609    u_tlp_layer/tracker_inst/remaining_r[0][12]_i_1_n_0
                         FDRE                                         r  u_tlp_layer/tracker_inst/remaining_r_reg[0][2]/CE
  -------------------------------------------------------------------    -------------------

                         (clock clk_placeholder rise edge)
                                                      4.000     4.000 r  
                                                      0.000     4.000 r  clk_i (IN)
                         net (fo=8091, unset)         0.021     4.021    u_tlp_layer/tracker_inst/clk_i
                         FDRE                                         r  u_tlp_layer/tracker_inst/remaining_r_reg[0][2]/C
                         clock pessimism              0.000     4.021    
                         clock uncertainty           -0.035     3.986    
                         FDRE (Setup_FDRE_C_CE)      -0.061     3.925    u_tlp_layer/tracker_inst/remaining_r_reg[0][2]
  -------------------------------------------------------------------
                         required time                          3.925    
                         arrival time                          -4.609    
  -------------------------------------------------------------------
                         slack                                 -0.684    

Slack (VIOLATED) :        -0.684ns  (required time - arrival time)
  Source:                 u_tlp_layer/parser_inst/header_r_reg[requester_id][11]/C
                            (rising edge-triggered cell FDRE clocked by clk_placeholder  {rise@0.000ns fall@2.000ns period=4.000ns})
  Destination:            u_tlp_layer/tracker_inst/remaining_r_reg[0][3]/CE
                            (rising edge-triggered cell FDRE clocked by clk_placeholder  {rise@0.000ns fall@2.000ns period=4.000ns})
  Path Group:             clk_placeholder
  Path Type:              Setup (Max at Slow Process Corner)
  Requirement:            4.000ns  (clk_placeholder rise@4.000ns - clk_placeholder rise@0.000ns)
  Data Path Delay:        4.579ns  (logic 1.213ns (26.491%)  route 3.366ns (73.509%))
  Logic Levels:           16  (CARRY8=1 LUT2=1 LUT3=2 LUT4=3 LUT5=2 LUT6=7)
  Clock Path Skew:        -0.009ns (DCD - SCD + CPR)
    Destination Clock Delay (DCD):    0.021ns = ( 4.021 - 4.000 ) 
    Source Clock Delay      (SCD):    0.030ns
    Clock Pessimism Removal (CPR):    0.000ns
  Clock Uncertainty:      0.035ns  ((TSJ^2 + TIJ^2)^1/2 + DJ) / 2 + PE
    Total System Jitter     (TSJ):    0.071ns
    Total Input Jitter      (TIJ):    0.000ns
    Discrete Jitter          (DJ):    0.000ns
    Phase Error              (PE):    0.000ns

    Location             Delay type                Incr(ns)  Path(ns)    Netlist Resource(s)
  -------------------------------------------------------------------    -------------------
                         (clock clk_placeholder rise edge)
                                                      0.000     0.000 r  
                                                      0.000     0.000 r  clk_i (IN)
                         net (fo=8091, unset)         0.030     0.030    u_tlp_layer/parser_inst/clk_i
                         FDRE                                         r  u_tlp_layer/parser_inst/header_r_reg[requester_id][11]/C
  -------------------------------------------------------------------    -------------------
                         FDRE (Prop_FDRE_C_Q)         0.077     0.107 f  u_tlp_layer/parser_inst/header_r_reg[requester_id][11]/Q
                         net (fo=55, unplaced)        0.226     0.333    u_tlp_layer/tracker_inst/completion_header_i[requester_id][11]
                                                                      f  u_tlp_layer/tracker_inst/remaining_r[21][8]_i_9/I0
                         LUT6 (Prop_LUT6_I0_O)        0.150     0.483 f  u_tlp_layer/tracker_inst/remaining_r[21][8]_i_9/O
                         net (fo=1, unplaced)         0.186     0.669    u_tlp_layer/tracker_inst/remaining_r[21][8]_i_9_n_0
                                                                      f  u_tlp_layer/tracker_inst/remaining_r[21][8]_i_3/I5
                         LUT6 (Prop_LUT6_I5_O)        0.038     0.707 f  u_tlp_layer/tracker_inst/remaining_r[21][8]_i_3/O
                         net (fo=1, unplaced)         0.141     0.848    u_tlp_layer/tracker_inst/remaining_r[21][8]_i_3_n_0
                                                                      f  u_tlp_layer/tracker_inst/remaining_r[21][8]_i_2/I0
                         LUT6 (Prop_LUT6_I0_O)        0.100     0.948 r  u_tlp_layer/tracker_inst/remaining_r[21][8]_i_2/O
                         net (fo=15, unplaced)        0.183     1.131    u_tlp_layer/tracker_inst/remaining_r[21][8]_i_2_n_0
                                                                      r  u_tlp_layer/tracker_inst/cpl_timeout_valid_o_i_25/I1
                         LUT5 (Prop_LUT5_I1_O)        0.100     1.231 r  u_tlp_layer/tracker_inst/cpl_timeout_valid_o_i_25/O
                         net (fo=1, unplaced)         0.186     1.417    u_tlp_layer/tracker_inst/cpl_timeout_valid_o_i_25_n_0
                                                                      r  u_tlp_layer/tracker_inst/cpl_timeout_valid_o_i_8/I5
                         LUT6 (Prop_LUT6_I5_O)        0.038     1.455 r  u_tlp_layer/tracker_inst/cpl_timeout_valid_o_i_8/O
                         net (fo=14, unplaced)        0.227     1.682    u_tlp_layer/tracker_inst/cpl_timeout_valid_o_i_8_n_0
                                                                      r  u_tlp_layer/tracker_inst/remaining_r[3][12]_i_6/I1
                         LUT2 (Prop_LUT2_I1_O)        0.038     1.720 f  u_tlp_layer/tracker_inst/remaining_r[3][12]_i_6/O
                         net (fo=180, unplaced)       0.285     2.005    u_tlp_layer/tracker_inst/remaining_r[3][12]_i_6_n_0
                                                                      f  u_tlp_layer/tracker_inst/remaining_r[0][7]_i_159/I2
                         LUT4 (Prop_LUT4_I2_O)        0.038     2.043 r  u_tlp_layer/tracker_inst/remaining_r[0][7]_i_159/O
                         net (fo=1, unplaced)         0.186     2.229    u_tlp_layer/tracker_inst/remaining_r[0][7]_i_159_n_0
                                                                      r  u_tlp_layer/tracker_inst/remaining_r[0][7]_i_60/I1
                         LUT6 (Prop_LUT6_I1_O)        0.038     2.267 r  u_tlp_layer/tracker_inst/remaining_r[0][7]_i_60/O
                         net (fo=1, unplaced)         0.105     2.372    u_tlp_layer/tracker_inst/remaining_r[0][7]_i_60_n_0
                                                                      r  u_tlp_layer/tracker_inst/remaining_r[0][7]_i_13/I0
                         LUT6 (Prop_LUT6_I0_O)        0.150     2.522 r  u_tlp_layer/tracker_inst/remaining_r[0][7]_i_13/O
                         net (fo=7, unplaced)         0.211     2.733    u_tlp_layer/tracker_inst/remaining_r[1]
                                                                      r  u_tlp_layer/tracker_inst/result_last_r_i_11/I2
                         LUT4 (Prop_LUT4_I2_O)        0.038     2.771 f  u_tlp_layer/tracker_inst/result_last_r_i_11/O
                         net (fo=2, unplaced)         0.233     3.004    u_tlp_layer/tracker_inst/result_last_r_i_11_n_0
                                                                      f  u_tlp_layer/tracker_inst/result_context_r_reg[12]_i_55/DI[0]
                         CARRY8 (Prop_CARRY8_DI[0]_CO[6])
                                                      0.186     3.190 f  u_tlp_layer/tracker_inst/result_context_r_reg[12]_i_55/CO[6]
                         net (fo=1, unplaced)         0.138     3.328    u_tlp_layer/tracker_inst/active_r6
                                                                      f  u_tlp_layer/tracker_inst/result_context_r[12]_i_37/I3
                         LUT4 (Prop_LUT4_I3_O)        0.070     3.398 f  u_tlp_layer/tracker_inst/result_context_r[12]_i_37/O
                         net (fo=2, unplaced)         0.186     3.584    u_tlp_layer/tracker_inst/result_context_r[12]_i_37_n_0
                                                                      f  u_tlp_layer/tracker_inst/result_context_r[12]_i_12/I1
                         LUT5 (Prop_LUT5_I1_O)        0.038     3.622 f  u_tlp_layer/tracker_inst/result_context_r[12]_i_12/O
                         net (fo=3, unplaced)         0.192     3.814    u_tlp_layer/tracker_inst/result_context_r[12]_i_12_n_0
                                                                      f  u_tlp_layer/tracker_inst/result_context_r[12]_i_3/I1
                         LUT6 (Prop_LUT6_I1_O)        0.038     3.852 f  u_tlp_layer/tracker_inst/result_context_r[12]_i_3/O
                         net (fo=9, unplaced)         0.217     4.069    u_tlp_layer/tracker_inst/result_context_r[12]_i_3_n_0
                                                                      f  u_tlp_layer/tracker_inst/remaining_r[0][12]_i_3/I2
                         LUT3 (Prop_LUT3_I2_O)        0.038     4.107 f  u_tlp_layer/tracker_inst/remaining_r[0][12]_i_3/O
                         net (fo=178, unplaced)       0.285     4.392    u_tlp_layer/tracker_inst/remaining_r[0][12]_i_3_n_0
                                                                      f  u_tlp_layer/tracker_inst/remaining_r[0][12]_i_1/I0
                         LUT3 (Prop_LUT3_I0_O)        0.038     4.430 r  u_tlp_layer/tracker_inst/remaining_r[0][12]_i_1/O
                         net (fo=13, unplaced)        0.179     4.609    u_tlp_layer/tracker_inst/remaining_r[0][12]_i_1_n_0
                         FDRE                                         r  u_tlp_layer/tracker_inst/remaining_r_reg[0][3]/CE
  -------------------------------------------------------------------    -------------------

                         (clock clk_placeholder rise edge)
                                                      4.000     4.000 r  
                                                      0.000     4.000 r  clk_i (IN)
                         net (fo=8091, unset)         0.021     4.021    u_tlp_layer/tracker_inst/clk_i
                         FDRE                                         r  u_tlp_layer/tracker_inst/remaining_r_reg[0][3]/C
                         clock pessimism              0.000     4.021    
                         clock uncertainty           -0.035     3.986    
                         FDRE (Setup_FDRE_C_CE)      -0.061     3.925    u_tlp_layer/tracker_inst/remaining_r_reg[0][3]
  -------------------------------------------------------------------
                         required time                          3.925    
                         arrival time                          -4.609    
  -------------------------------------------------------------------
                         slack                                 -0.684    

Slack (VIOLATED) :        -0.684ns  (required time - arrival time)
  Source:                 u_tlp_layer/parser_inst/header_r_reg[requester_id][11]/C
                            (rising edge-triggered cell FDRE clocked by clk_placeholder  {rise@0.000ns fall@2.000ns period=4.000ns})
  Destination:            u_tlp_layer/tracker_inst/remaining_r_reg[0][4]/CE
                            (rising edge-triggered cell FDRE clocked by clk_placeholder  {rise@0.000ns fall@2.000ns period=4.000ns})
  Path Group:             clk_placeholder
  Path Type:              Setup (Max at Slow Process Corner)
  Requirement:            4.000ns  (clk_placeholder rise@4.000ns - clk_placeholder rise@0.000ns)
  Data Path Delay:        4.579ns  (logic 1.213ns (26.491%)  route 3.366ns (73.509%))
  Logic Levels:           16  (CARRY8=1 LUT2=1 LUT3=2 LUT4=3 LUT5=2 LUT6=7)
  Clock Path Skew:        -0.009ns (DCD - SCD + CPR)
    Destination Clock Delay (DCD):    0.021ns = ( 4.021 - 4.000 ) 
    Source Clock Delay      (SCD):    0.030ns
    Clock Pessimism Removal (CPR):    0.000ns
  Clock Uncertainty:      0.035ns  ((TSJ^2 + TIJ^2)^1/2 + DJ) / 2 + PE
    Total System Jitter     (TSJ):    0.071ns
    Total Input Jitter      (TIJ):    0.000ns
    Discrete Jitter          (DJ):    0.000ns
    Phase Error              (PE):    0.000ns

    Location             Delay type                Incr(ns)  Path(ns)    Netlist Resource(s)
  -------------------------------------------------------------------    -------------------
                         (clock clk_placeholder rise edge)
                                                      0.000     0.000 r  
                                                      0.000     0.000 r  clk_i (IN)
                         net (fo=8091, unset)         0.030     0.030    u_tlp_layer/parser_inst/clk_i
                         FDRE                                         r  u_tlp_layer/parser_inst/header_r_reg[requester_id][11]/C
  -------------------------------------------------------------------    -------------------
                         FDRE (Prop_FDRE_C_Q)         0.077     0.107 f  u_tlp_layer/parser_inst/header_r_reg[requester_id][11]/Q
                         net (fo=55, unplaced)        0.226     0.333    u_tlp_layer/tracker_inst/completion_header_i[requester_id][11]
                                                                      f  u_tlp_layer/tracker_inst/remaining_r[21][8]_i_9/I0
                         LUT6 (Prop_LUT6_I0_O)        0.150     0.483 f  u_tlp_layer/tracker_inst/remaining_r[21][8]_i_9/O
                         net (fo=1, unplaced)         0.186     0.669    u_tlp_layer/tracker_inst/remaining_r[21][8]_i_9_n_0
                                                                      f  u_tlp_layer/tracker_inst/remaining_r[21][8]_i_3/I5
                         LUT6 (Prop_LUT6_I5_O)        0.038     0.707 f  u_tlp_layer/tracker_inst/remaining_r[21][8]_i_3/O
                         net (fo=1, unplaced)         0.141     0.848    u_tlp_layer/tracker_inst/remaining_r[21][8]_i_3_n_0
                                                                      f  u_tlp_layer/tracker_inst/remaining_r[21][8]_i_2/I0
                         LUT6 (Prop_LUT6_I0_O)        0.100     0.948 r  u_tlp_layer/tracker_inst/remaining_r[21][8]_i_2/O
                         net (fo=15, unplaced)        0.183     1.131    u_tlp_layer/tracker_inst/remaining_r[21][8]_i_2_n_0
                                                                      r  u_tlp_layer/tracker_inst/cpl_timeout_valid_o_i_25/I1
                         LUT5 (Prop_LUT5_I1_O)        0.100     1.231 r  u_tlp_layer/tracker_inst/cpl_timeout_valid_o_i_25/O
                         net (fo=1, unplaced)         0.186     1.417    u_tlp_layer/tracker_inst/cpl_timeout_valid_o_i_25_n_0
                                                                      r  u_tlp_layer/tracker_inst/cpl_timeout_valid_o_i_8/I5
                         LUT6 (Prop_LUT6_I5_O)        0.038     1.455 r  u_tlp_layer/tracker_inst/cpl_timeout_valid_o_i_8/O
                         net (fo=14, unplaced)        0.227     1.682    u_tlp_layer/tracker_inst/cpl_timeout_valid_o_i_8_n_0
                                                                      r  u_tlp_layer/tracker_inst/remaining_r[3][12]_i_6/I1
                         LUT2 (Prop_LUT2_I1_O)        0.038     1.720 f  u_tlp_layer/tracker_inst/remaining_r[3][12]_i_6/O
                         net (fo=180, unplaced)       0.285     2.005    u_tlp_layer/tracker_inst/remaining_r[3][12]_i_6_n_0
                                                                      f  u_tlp_layer/tracker_inst/remaining_r[0][7]_i_159/I2
                         LUT4 (Prop_LUT4_I2_O)        0.038     2.043 r  u_tlp_layer/tracker_inst/remaining_r[0][7]_i_159/O
                         net (fo=1, unplaced)         0.186     2.229    u_tlp_layer/tracker_inst/remaining_r[0][7]_i_159_n_0
                                                                      r  u_tlp_layer/tracker_inst/remaining_r[0][7]_i_60/I1
                         LUT6 (Prop_LUT6_I1_O)        0.038     2.267 r  u_tlp_layer/tracker_inst/remaining_r[0][7]_i_60/O
                         net (fo=1, unplaced)         0.105     2.372    u_tlp_layer/tracker_inst/remaining_r[0][7]_i_60_n_0
                                                                      r  u_tlp_layer/tracker_inst/remaining_r[0][7]_i_13/I0
                         LUT6 (Prop_LUT6_I0_O)        0.150     2.522 r  u_tlp_layer/tracker_inst/remaining_r[0][7]_i_13/O
                         net (fo=7, unplaced)         0.211     2.733    u_tlp_layer/tracker_inst/remaining_r[1]
                                                                      r  u_tlp_layer/tracker_inst/result_last_r_i_11/I2
                         LUT4 (Prop_LUT4_I2_O)        0.038     2.771 f  u_tlp_layer/tracker_inst/result_last_r_i_11/O
                         net (fo=2, unplaced)         0.233     3.004    u_tlp_layer/tracker_inst/result_last_r_i_11_n_0
                                                                      f  u_tlp_layer/tracker_inst/result_context_r_reg[12]_i_55/DI[0]
                         CARRY8 (Prop_CARRY8_DI[0]_CO[6])
                                                      0.186     3.190 f  u_tlp_layer/tracker_inst/result_context_r_reg[12]_i_55/CO[6]
                         net (fo=1, unplaced)         0.138     3.328    u_tlp_layer/tracker_inst/active_r6
                                                                      f  u_tlp_layer/tracker_inst/result_context_r[12]_i_37/I3
                         LUT4 (Prop_LUT4_I3_O)        0.070     3.398 f  u_tlp_layer/tracker_inst/result_context_r[12]_i_37/O
                         net (fo=2, unplaced)         0.186     3.584    u_tlp_layer/tracker_inst/result_context_r[12]_i_37_n_0
                                                                      f  u_tlp_layer/tracker_inst/result_context_r[12]_i_12/I1
                         LUT5 (Prop_LUT5_I1_O)        0.038     3.622 f  u_tlp_layer/tracker_inst/result_context_r[12]_i_12/O
                         net (fo=3, unplaced)         0.192     3.814    u_tlp_layer/tracker_inst/result_context_r[12]_i_12_n_0
                                                                      f  u_tlp_layer/tracker_inst/result_context_r[12]_i_3/I1
                         LUT6 (Prop_LUT6_I1_O)        0.038     3.852 f  u_tlp_layer/tracker_inst/result_context_r[12]_i_3/O
                         net (fo=9, unplaced)         0.217     4.069    u_tlp_layer/tracker_inst/result_context_r[12]_i_3_n_0
                                                                      f  u_tlp_layer/tracker_inst/remaining_r[0][12]_i_3/I2
                         LUT3 (Prop_LUT3_I2_O)        0.038     4.107 f  u_tlp_layer/tracker_inst/remaining_r[0][12]_i_3/O
                         net (fo=178, unplaced)       0.285     4.392    u_tlp_layer/tracker_inst/remaining_r[0][12]_i_3_n_0
                                                                      f  u_tlp_layer/tracker_inst/remaining_r[0][12]_i_1/I0
                         LUT3 (Prop_LUT3_I0_O)        0.038     4.430 r  u_tlp_layer/tracker_inst/remaining_r[0][12]_i_1/O
                         net (fo=13, unplaced)        0.179     4.609    u_tlp_layer/tracker_inst/remaining_r[0][12]_i_1_n_0
                         FDRE                                         r  u_tlp_layer/tracker_inst/remaining_r_reg[0][4]/CE
  -------------------------------------------------------------------    -------------------

                         (clock clk_placeholder rise edge)
                                                      4.000     4.000 r  
                                                      0.000     4.000 r  clk_i (IN)
                         net (fo=8091, unset)         0.021     4.021    u_tlp_layer/tracker_inst/clk_i
                         FDRE                                         r  u_tlp_layer/tracker_inst/remaining_r_reg[0][4]/C
                         clock pessimism              0.000     4.021    
                         clock uncertainty           -0.035     3.986    
                         FDRE (Setup_FDRE_C_CE)      -0.061     3.925    u_tlp_layer/tracker_inst/remaining_r_reg[0][4]
  -------------------------------------------------------------------
                         required time                          3.925    
                         arrival time                          -4.609    
  -------------------------------------------------------------------
                         slack                                 -0.684    

Slack (VIOLATED) :        -0.684ns  (required time - arrival time)
  Source:                 u_tlp_layer/parser_inst/header_r_reg[requester_id][11]/C
                            (rising edge-triggered cell FDRE clocked by clk_placeholder  {rise@0.000ns fall@2.000ns period=4.000ns})
  Destination:            u_tlp_layer/tracker_inst/remaining_r_reg[0][5]/CE
                            (rising edge-triggered cell FDRE clocked by clk_placeholder  {rise@0.000ns fall@2.000ns period=4.000ns})
  Path Group:             clk_placeholder
  Path Type:              Setup (Max at Slow Process Corner)
  Requirement:            4.000ns  (clk_placeholder rise@4.000ns - clk_placeholder rise@0.000ns)
  Data Path Delay:        4.579ns  (logic 1.213ns (26.491%)  route 3.366ns (73.509%))
  Logic Levels:           16  (CARRY8=1 LUT2=1 LUT3=2 LUT4=3 LUT5=2 LUT6=7)
  Clock Path Skew:        -0.009ns (DCD - SCD + CPR)
    Destination Clock Delay (DCD):    0.021ns = ( 4.021 - 4.000 ) 
    Source Clock Delay      (SCD):    0.030ns
    Clock Pessimism Removal (CPR):    0.000ns
  Clock Uncertainty:      0.035ns  ((TSJ^2 + TIJ^2)^1/2 + DJ) / 2 + PE
    Total System Jitter     (TSJ):    0.071ns
    Total Input Jitter      (TIJ):    0.000ns
    Discrete Jitter          (DJ):    0.000ns
    Phase Error              (PE):    0.000ns

    Location             Delay type                Incr(ns)  Path(ns)    Netlist Resource(s)
  -------------------------------------------------------------------    -------------------
                         (clock clk_placeholder rise edge)
                                                      0.000     0.000 r  
                                                      0.000     0.000 r  clk_i (IN)
                         net (fo=8091, unset)         0.030     0.030    u_tlp_layer/parser_inst/clk_i
                         FDRE                                         r  u_tlp_layer/parser_inst/header_r_reg[requester_id][11]/C
  -------------------------------------------------------------------    -------------------
                         FDRE (Prop_FDRE_C_Q)         0.077     0.107 f  u_tlp_layer/parser_inst/header_r_reg[requester_id][11]/Q
                         net (fo=55, unplaced)        0.226     0.333    u_tlp_layer/tracker_inst/completion_header_i[requester_id][11]
                                                                      f  u_tlp_layer/tracker_inst/remaining_r[21][8]_i_9/I0
                         LUT6 (Prop_LUT6_I0_O)        0.150     0.483 f  u_tlp_layer/tracker_inst/remaining_r[21][8]_i_9/O
                         net (fo=1, unplaced)         0.186     0.669    u_tlp_layer/tracker_inst/remaining_r[21][8]_i_9_n_0
                                                                      f  u_tlp_layer/tracker_inst/remaining_r[21][8]_i_3/I5
                         LUT6 (Prop_LUT6_I5_O)        0.038     0.707 f  u_tlp_layer/tracker_inst/remaining_r[21][8]_i_3/O
                         net (fo=1, unplaced)         0.141     0.848    u_tlp_layer/tracker_inst/remaining_r[21][8]_i_3_n_0
                                                                      f  u_tlp_layer/tracker_inst/remaining_r[21][8]_i_2/I0
                         LUT6 (Prop_LUT6_I0_O)        0.100     0.948 r  u_tlp_layer/tracker_inst/remaining_r[21][8]_i_2/O
                         net (fo=15, unplaced)        0.183     1.131    u_tlp_layer/tracker_inst/remaining_r[21][8]_i_2_n_0
                                                                      r  u_tlp_layer/tracker_inst/cpl_timeout_valid_o_i_25/I1
                         LUT5 (Prop_LUT5_I1_O)        0.100     1.231 r  u_tlp_layer/tracker_inst/cpl_timeout_valid_o_i_25/O
                         net (fo=1, unplaced)         0.186     1.417    u_tlp_layer/tracker_inst/cpl_timeout_valid_o_i_25_n_0
                                                                      r  u_tlp_layer/tracker_inst/cpl_timeout_valid_o_i_8/I5
                         LUT6 (Prop_LUT6_I5_O)        0.038     1.455 r  u_tlp_layer/tracker_inst/cpl_timeout_valid_o_i_8/O
                         net (fo=14, unplaced)        0.227     1.682    u_tlp_layer/tracker_inst/cpl_timeout_valid_o_i_8_n_0
                                                                      r  u_tlp_layer/tracker_inst/remaining_r[3][12]_i_6/I1
                         LUT2 (Prop_LUT2_I1_O)        0.038     1.720 f  u_tlp_layer/tracker_inst/remaining_r[3][12]_i_6/O
                         net (fo=180, unplaced)       0.285     2.005    u_tlp_layer/tracker_inst/remaining_r[3][12]_i_6_n_0
                                                                      f  u_tlp_layer/tracker_inst/remaining_r[0][7]_i_159/I2
                         LUT4 (Prop_LUT4_I2_O)        0.038     2.043 r  u_tlp_layer/tracker_inst/remaining_r[0][7]_i_159/O
                         net (fo=1, unplaced)         0.186     2.229    u_tlp_layer/tracker_inst/remaining_r[0][7]_i_159_n_0
                                                                      r  u_tlp_layer/tracker_inst/remaining_r[0][7]_i_60/I1
                         LUT6 (Prop_LUT6_I1_O)        0.038     2.267 r  u_tlp_layer/tracker_inst/remaining_r[0][7]_i_60/O
                         net (fo=1, unplaced)         0.105     2.372    u_tlp_layer/tracker_inst/remaining_r[0][7]_i_60_n_0
                                                                      r  u_tlp_layer/tracker_inst/remaining_r[0][7]_i_13/I0
                         LUT6 (Prop_LUT6_I0_O)        0.150     2.522 r  u_tlp_layer/tracker_inst/remaining_r[0][7]_i_13/O
                         net (fo=7, unplaced)         0.211     2.733    u_tlp_layer/tracker_inst/remaining_r[1]
                                                                      r  u_tlp_layer/tracker_inst/result_last_r_i_11/I2
                         LUT4 (Prop_LUT4_I2_O)        0.038     2.771 f  u_tlp_layer/tracker_inst/result_last_r_i_11/O
                         net (fo=2, unplaced)         0.233     3.004    u_tlp_layer/tracker_inst/result_last_r_i_11_n_0
                                                                      f  u_tlp_layer/tracker_inst/result_context_r_reg[12]_i_55/DI[0]
                         CARRY8 (Prop_CARRY8_DI[0]_CO[6])
                                                      0.186     3.190 f  u_tlp_layer/tracker_inst/result_context_r_reg[12]_i_55/CO[6]
                         net (fo=1, unplaced)         0.138     3.328    u_tlp_layer/tracker_inst/active_r6
                                                                      f  u_tlp_layer/tracker_inst/result_context_r[12]_i_37/I3
                         LUT4 (Prop_LUT4_I3_O)        0.070     3.398 f  u_tlp_layer/tracker_inst/result_context_r[12]_i_37/O
                         net (fo=2, unplaced)         0.186     3.584    u_tlp_layer/tracker_inst/result_context_r[12]_i_37_n_0
                                                                      f  u_tlp_layer/tracker_inst/result_context_r[12]_i_12/I1
                         LUT5 (Prop_LUT5_I1_O)        0.038     3.622 f  u_tlp_layer/tracker_inst/result_context_r[12]_i_12/O
                         net (fo=3, unplaced)         0.192     3.814    u_tlp_layer/tracker_inst/result_context_r[12]_i_12_n_0
                                                                      f  u_tlp_layer/tracker_inst/result_context_r[12]_i_3/I1
                         LUT6 (Prop_LUT6_I1_O)        0.038     3.852 f  u_tlp_layer/tracker_inst/result_context_r[12]_i_3/O
                         net (fo=9, unplaced)         0.217     4.069    u_tlp_layer/tracker_inst/result_context_r[12]_i_3_n_0
                                                                      f  u_tlp_layer/tracker_inst/remaining_r[0][12]_i_3/I2
                         LUT3 (Prop_LUT3_I2_O)        0.038     4.107 f  u_tlp_layer/tracker_inst/remaining_r[0][12]_i_3/O
                         net (fo=178, unplaced)       0.285     4.392    u_tlp_layer/tracker_inst/remaining_r[0][12]_i_3_n_0
                                                                      f  u_tlp_layer/tracker_inst/remaining_r[0][12]_i_1/I0
                         LUT3 (Prop_LUT3_I0_O)        0.038     4.430 r  u_tlp_layer/tracker_inst/remaining_r[0][12]_i_1/O
                         net (fo=13, unplaced)        0.179     4.609    u_tlp_layer/tracker_inst/remaining_r[0][12]_i_1_n_0
                         FDRE                                         r  u_tlp_layer/tracker_inst/remaining_r_reg[0][5]/CE
  -------------------------------------------------------------------    -------------------

                         (clock clk_placeholder rise edge)
                                                      4.000     4.000 r  
                                                      0.000     4.000 r  clk_i (IN)
                         net (fo=8091, unset)         0.021     4.021    u_tlp_layer/tracker_inst/clk_i
                         FDRE                                         r  u_tlp_layer/tracker_inst/remaining_r_reg[0][5]/C
                         clock pessimism              0.000     4.021    
                         clock uncertainty           -0.035     3.986    
                         FDRE (Setup_FDRE_C_CE)      -0.061     3.925    u_tlp_layer/tracker_inst/remaining_r_reg[0][5]
  -------------------------------------------------------------------
                         required time                          3.925    
                         arrival time                          -4.609    
  -------------------------------------------------------------------
                         slack                                 -0.684    

Slack (VIOLATED) :        -0.684ns  (required time - arrival time)
  Source:                 u_tlp_layer/parser_inst/header_r_reg[requester_id][11]/C
                            (rising edge-triggered cell FDRE clocked by clk_placeholder  {rise@0.000ns fall@2.000ns period=4.000ns})
  Destination:            u_tlp_layer/tracker_inst/remaining_r_reg[0][6]/CE
                            (rising edge-triggered cell FDRE clocked by clk_placeholder  {rise@0.000ns fall@2.000ns period=4.000ns})
  Path Group:             clk_placeholder
  Path Type:              Setup (Max at Slow Process Corner)
  Requirement:            4.000ns  (clk_placeholder rise@4.000ns - clk_placeholder rise@0.000ns)
  Data Path Delay:        4.579ns  (logic 1.213ns (26.491%)  route 3.366ns (73.509%))
  Logic Levels:           16  (CARRY8=1 LUT2=1 LUT3=2 LUT4=3 LUT5=2 LUT6=7)
  Clock Path Skew:        -0.009ns (DCD - SCD + CPR)
    Destination Clock Delay (DCD):    0.021ns = ( 4.021 - 4.000 ) 
    Source Clock Delay      (SCD):    0.030ns
    Clock Pessimism Removal (CPR):    0.000ns
  Clock Uncertainty:      0.035ns  ((TSJ^2 + TIJ^2)^1/2 + DJ) / 2 + PE
    Total System Jitter     (TSJ):    0.071ns
    Total Input Jitter      (TIJ):    0.000ns
    Discrete Jitter          (DJ):    0.000ns
    Phase Error              (PE):    0.000ns

    Location             Delay type                Incr(ns)  Path(ns)    Netlist Resource(s)
  -------------------------------------------------------------------    -------------------
                         (clock clk_placeholder rise edge)
                                                      0.000     0.000 r  
                                                      0.000     0.000 r  clk_i (IN)
                         net (fo=8091, unset)         0.030     0.030    u_tlp_layer/parser_inst/clk_i
                         FDRE                                         r  u_tlp_layer/parser_inst/header_r_reg[requester_id][11]/C
  -------------------------------------------------------------------    -------------------
                         FDRE (Prop_FDRE_C_Q)         0.077     0.107 f  u_tlp_layer/parser_inst/header_r_reg[requester_id][11]/Q
                         net (fo=55, unplaced)        0.226     0.333    u_tlp_layer/tracker_inst/completion_header_i[requester_id][11]
                                                                      f  u_tlp_layer/tracker_inst/remaining_r[21][8]_i_9/I0
                         LUT6 (Prop_LUT6_I0_O)        0.150     0.483 f  u_tlp_layer/tracker_inst/remaining_r[21][8]_i_9/O
                         net (fo=1, unplaced)         0.186     0.669    u_tlp_layer/tracker_inst/remaining_r[21][8]_i_9_n_0
                                                                      f  u_tlp_layer/tracker_inst/remaining_r[21][8]_i_3/I5
                         LUT6 (Prop_LUT6_I5_O)        0.038     0.707 f  u_tlp_layer/tracker_inst/remaining_r[21][8]_i_3/O
                         net (fo=1, unplaced)         0.141     0.848    u_tlp_layer/tracker_inst/remaining_r[21][8]_i_3_n_0
                                                                      f  u_tlp_layer/tracker_inst/remaining_r[21][8]_i_2/I0
                         LUT6 (Prop_LUT6_I0_O)        0.100     0.948 r  u_tlp_layer/tracker_inst/remaining_r[21][8]_i_2/O
                         net (fo=15, unplaced)        0.183     1.131    u_tlp_layer/tracker_inst/remaining_r[21][8]_i_2_n_0
                                                                      r  u_tlp_layer/tracker_inst/cpl_timeout_valid_o_i_25/I1
                         LUT5 (Prop_LUT5_I1_O)        0.100     1.231 r  u_tlp_layer/tracker_inst/cpl_timeout_valid_o_i_25/O
                         net (fo=1, unplaced)         0.186     1.417    u_tlp_layer/tracker_inst/cpl_timeout_valid_o_i_25_n_0
                                                                      r  u_tlp_layer/tracker_inst/cpl_timeout_valid_o_i_8/I5
                         LUT6 (Prop_LUT6_I5_O)        0.038     1.455 r  u_tlp_layer/tracker_inst/cpl_timeout_valid_o_i_8/O
                         net (fo=14, unplaced)        0.227     1.682    u_tlp_layer/tracker_inst/cpl_timeout_valid_o_i_8_n_0
                                                                      r  u_tlp_layer/tracker_inst/remaining_r[3][12]_i_6/I1
                         LUT2 (Prop_LUT2_I1_O)        0.038     1.720 f  u_tlp_layer/tracker_inst/remaining_r[3][12]_i_6/O
                         net (fo=180, unplaced)       0.285     2.005    u_tlp_layer/tracker_inst/remaining_r[3][12]_i_6_n_0
                                                                      f  u_tlp_layer/tracker_inst/remaining_r[0][7]_i_159/I2
                         LUT4 (Prop_LUT4_I2_O)        0.038     2.043 r  u_tlp_layer/tracker_inst/remaining_r[0][7]_i_159/O
                         net (fo=1, unplaced)         0.186     2.229    u_tlp_layer/tracker_inst/remaining_r[0][7]_i_159_n_0
                                                                      r  u_tlp_layer/tracker_inst/remaining_r[0][7]_i_60/I1
                         LUT6 (Prop_LUT6_I1_O)        0.038     2.267 r  u_tlp_layer/tracker_inst/remaining_r[0][7]_i_60/O
                         net (fo=1, unplaced)         0.105     2.372    u_tlp_layer/tracker_inst/remaining_r[0][7]_i_60_n_0
                                                                      r  u_tlp_layer/tracker_inst/remaining_r[0][7]_i_13/I0
                         LUT6 (Prop_LUT6_I0_O)        0.150     2.522 r  u_tlp_layer/tracker_inst/remaining_r[0][7]_i_13/O
                         net (fo=7, unplaced)         0.211     2.733    u_tlp_layer/tracker_inst/remaining_r[1]
                                                                      r  u_tlp_layer/tracker_inst/result_last_r_i_11/I2
                         LUT4 (Prop_LUT4_I2_O)        0.038     2.771 f  u_tlp_layer/tracker_inst/result_last_r_i_11/O
                         net (fo=2, unplaced)         0.233     3.004    u_tlp_layer/tracker_inst/result_last_r_i_11_n_0
                                                                      f  u_tlp_layer/tracker_inst/result_context_r_reg[12]_i_55/DI[0]
                         CARRY8 (Prop_CARRY8_DI[0]_CO[6])
                                                      0.186     3.190 f  u_tlp_layer/tracker_inst/result_context_r_reg[12]_i_55/CO[6]
                         net (fo=1, unplaced)         0.138     3.328    u_tlp_layer/tracker_inst/active_r6
                                                                      f  u_tlp_layer/tracker_inst/result_context_r[12]_i_37/I3
                         LUT4 (Prop_LUT4_I3_O)        0.070     3.398 f  u_tlp_layer/tracker_inst/result_context_r[12]_i_37/O
                         net (fo=2, unplaced)         0.186     3.584    u_tlp_layer/tracker_inst/result_context_r[12]_i_37_n_0
                                                                      f  u_tlp_layer/tracker_inst/result_context_r[12]_i_12/I1
                         LUT5 (Prop_LUT5_I1_O)        0.038     3.622 f  u_tlp_layer/tracker_inst/result_context_r[12]_i_12/O
                         net (fo=3, unplaced)         0.192     3.814    u_tlp_layer/tracker_inst/result_context_r[12]_i_12_n_0
                                                                      f  u_tlp_layer/tracker_inst/result_context_r[12]_i_3/I1
                         LUT6 (Prop_LUT6_I1_O)        0.038     3.852 f  u_tlp_layer/tracker_inst/result_context_r[12]_i_3/O
                         net (fo=9, unplaced)         0.217     4.069    u_tlp_layer/tracker_inst/result_context_r[12]_i_3_n_0
                                                                      f  u_tlp_layer/tracker_inst/remaining_r[0][12]_i_3/I2
                         LUT3 (Prop_LUT3_I2_O)        0.038     4.107 f  u_tlp_layer/tracker_inst/remaining_r[0][12]_i_3/O
                         net (fo=178, unplaced)       0.285     4.392    u_tlp_layer/tracker_inst/remaining_r[0][12]_i_3_n_0
                                                                      f  u_tlp_layer/tracker_inst/remaining_r[0][12]_i_1/I0
                         LUT3 (Prop_LUT3_I0_O)        0.038     4.430 r  u_tlp_layer/tracker_inst/remaining_r[0][12]_i_1/O
                         net (fo=13, unplaced)        0.179     4.609    u_tlp_layer/tracker_inst/remaining_r[0][12]_i_1_n_0
                         FDRE                                         r  u_tlp_layer/tracker_inst/remaining_r_reg[0][6]/CE
  -------------------------------------------------------------------    -------------------

                         (clock clk_placeholder rise edge)
                                                      4.000     4.000 r  
                                                      0.000     4.000 r  clk_i (IN)
                         net (fo=8091, unset)         0.021     4.021    u_tlp_layer/tracker_inst/clk_i
                         FDRE                                         r  u_tlp_layer/tracker_inst/remaining_r_reg[0][6]/C
                         clock pessimism              0.000     4.021    
                         clock uncertainty           -0.035     3.986    
                         FDRE (Setup_FDRE_C_CE)      -0.061     3.925    u_tlp_layer/tracker_inst/remaining_r_reg[0][6]
  -------------------------------------------------------------------
                         required time                          3.925    
                         arrival time                          -4.609    
  -------------------------------------------------------------------
                         slack                                 -0.684    

Slack (VIOLATED) :        -0.684ns  (required time - arrival time)
  Source:                 u_tlp_layer/parser_inst/header_r_reg[requester_id][11]/C
                            (rising edge-triggered cell FDRE clocked by clk_placeholder  {rise@0.000ns fall@2.000ns period=4.000ns})
  Destination:            u_tlp_layer/tracker_inst/remaining_r_reg[0][7]/CE
                            (rising edge-triggered cell FDRE clocked by clk_placeholder  {rise@0.000ns fall@2.000ns period=4.000ns})
  Path Group:             clk_placeholder
  Path Type:              Setup (Max at Slow Process Corner)
  Requirement:            4.000ns  (clk_placeholder rise@4.000ns - clk_placeholder rise@0.000ns)
  Data Path Delay:        4.579ns  (logic 1.213ns (26.491%)  route 3.366ns (73.509%))
  Logic Levels:           16  (CARRY8=1 LUT2=1 LUT3=2 LUT4=3 LUT5=2 LUT6=7)
  Clock Path Skew:        -0.009ns (DCD - SCD + CPR)
    Destination Clock Delay (DCD):    0.021ns = ( 4.021 - 4.000 ) 
    Source Clock Delay      (SCD):    0.030ns
    Clock Pessimism Removal (CPR):    0.000ns
  Clock Uncertainty:      0.035ns  ((TSJ^2 + TIJ^2)^1/2 + DJ) / 2 + PE
    Total System Jitter     (TSJ):    0.071ns
    Total Input Jitter      (TIJ):    0.000ns
    Discrete Jitter          (DJ):    0.000ns
    Phase Error              (PE):    0.000ns

    Location             Delay type                Incr(ns)  Path(ns)    Netlist Resource(s)
  -------------------------------------------------------------------    -------------------
                         (clock clk_placeholder rise edge)
                                                      0.000     0.000 r  
                                                      0.000     0.000 r  clk_i (IN)
                         net (fo=8091, unset)         0.030     0.030    u_tlp_layer/parser_inst/clk_i
                         FDRE                                         r  u_tlp_layer/parser_inst/header_r_reg[requester_id][11]/C
  -------------------------------------------------------------------    -------------------
                         FDRE (Prop_FDRE_C_Q)         0.077     0.107 f  u_tlp_layer/parser_inst/header_r_reg[requester_id][11]/Q
                         net (fo=55, unplaced)        0.226     0.333    u_tlp_layer/tracker_inst/completion_header_i[requester_id][11]
                                                                      f  u_tlp_layer/tracker_inst/remaining_r[21][8]_i_9/I0
                         LUT6 (Prop_LUT6_I0_O)        0.150     0.483 f  u_tlp_layer/tracker_inst/remaining_r[21][8]_i_9/O
                         net (fo=1, unplaced)         0.186     0.669    u_tlp_layer/tracker_inst/remaining_r[21][8]_i_9_n_0
                                                                      f  u_tlp_layer/tracker_inst/remaining_r[21][8]_i_3/I5
                         LUT6 (Prop_LUT6_I5_O)        0.038     0.707 f  u_tlp_layer/tracker_inst/remaining_r[21][8]_i_3/O
                         net (fo=1, unplaced)         0.141     0.848    u_tlp_layer/tracker_inst/remaining_r[21][8]_i_3_n_0
                                                                      f  u_tlp_layer/tracker_inst/remaining_r[21][8]_i_2/I0
                         LUT6 (Prop_LUT6_I0_O)        0.100     0.948 r  u_tlp_layer/tracker_inst/remaining_r[21][8]_i_2/O
                         net (fo=15, unplaced)        0.183     1.131    u_tlp_layer/tracker_inst/remaining_r[21][8]_i_2_n_0
                                                                      r  u_tlp_layer/tracker_inst/cpl_timeout_valid_o_i_25/I1
                         LUT5 (Prop_LUT5_I1_O)        0.100     1.231 r  u_tlp_layer/tracker_inst/cpl_timeout_valid_o_i_25/O
                         net (fo=1, unplaced)         0.186     1.417    u_tlp_layer/tracker_inst/cpl_timeout_valid_o_i_25_n_0
                                                                      r  u_tlp_layer/tracker_inst/cpl_timeout_valid_o_i_8/I5
                         LUT6 (Prop_LUT6_I5_O)        0.038     1.455 r  u_tlp_layer/tracker_inst/cpl_timeout_valid_o_i_8/O
                         net (fo=14, unplaced)        0.227     1.682    u_tlp_layer/tracker_inst/cpl_timeout_valid_o_i_8_n_0
                                                                      r  u_tlp_layer/tracker_inst/remaining_r[3][12]_i_6/I1
                         LUT2 (Prop_LUT2_I1_O)        0.038     1.720 f  u_tlp_layer/tracker_inst/remaining_r[3][12]_i_6/O
                         net (fo=180, unplaced)       0.285     2.005    u_tlp_layer/tracker_inst/remaining_r[3][12]_i_6_n_0
                                                                      f  u_tlp_layer/tracker_inst/remaining_r[0][7]_i_159/I2
                         LUT4 (Prop_LUT4_I2_O)        0.038     2.043 r  u_tlp_layer/tracker_inst/remaining_r[0][7]_i_159/O
                         net (fo=1, unplaced)         0.186     2.229    u_tlp_layer/tracker_inst/remaining_r[0][7]_i_159_n_0
                                                                      r  u_tlp_layer/tracker_inst/remaining_r[0][7]_i_60/I1
                         LUT6 (Prop_LUT6_I1_O)        0.038     2.267 r  u_tlp_layer/tracker_inst/remaining_r[0][7]_i_60/O
                         net (fo=1, unplaced)         0.105     2.372    u_tlp_layer/tracker_inst/remaining_r[0][7]_i_60_n_0
                                                                      r  u_tlp_layer/tracker_inst/remaining_r[0][7]_i_13/I0
                         LUT6 (Prop_LUT6_I0_O)        0.150     2.522 r  u_tlp_layer/tracker_inst/remaining_r[0][7]_i_13/O
                         net (fo=7, unplaced)         0.211     2.733    u_tlp_layer/tracker_inst/remaining_r[1]
                                                                      r  u_tlp_layer/tracker_inst/result_last_r_i_11/I2
                         LUT4 (Prop_LUT4_I2_O)        0.038     2.771 f  u_tlp_layer/tracker_inst/result_last_r_i_11/O
                         net (fo=2, unplaced)         0.233     3.004    u_tlp_layer/tracker_inst/result_last_r_i_11_n_0
                                                                      f  u_tlp_layer/tracker_inst/result_context_r_reg[12]_i_55/DI[0]
                         CARRY8 (Prop_CARRY8_DI[0]_CO[6])
                                                      0.186     3.190 f  u_tlp_layer/tracker_inst/result_context_r_reg[12]_i_55/CO[6]
                         net (fo=1, unplaced)         0.138     3.328    u_tlp_layer/tracker_inst/active_r6
                                                                      f  u_tlp_layer/tracker_inst/result_context_r[12]_i_37/I3
                         LUT4 (Prop_LUT4_I3_O)        0.070     3.398 f  u_tlp_layer/tracker_inst/result_context_r[12]_i_37/O
                         net (fo=2, unplaced)         0.186     3.584    u_tlp_layer/tracker_inst/result_context_r[12]_i_37_n_0
                                                                      f  u_tlp_layer/tracker_inst/result_context_r[12]_i_12/I1
                         LUT5 (Prop_LUT5_I1_O)        0.038     3.622 f  u_tlp_layer/tracker_inst/result_context_r[12]_i_12/O
                         net (fo=3, unplaced)         0.192     3.814    u_tlp_layer/tracker_inst/result_context_r[12]_i_12_n_0
                                                                      f  u_tlp_layer/tracker_inst/result_context_r[12]_i_3/I1
                         LUT6 (Prop_LUT6_I1_O)        0.038     3.852 f  u_tlp_layer/tracker_inst/result_context_r[12]_i_3/O
                         net (fo=9, unplaced)         0.217     4.069    u_tlp_layer/tracker_inst/result_context_r[12]_i_3_n_0
                                                                      f  u_tlp_layer/tracker_inst/remaining_r[0][12]_i_3/I2
                         LUT3 (Prop_LUT3_I2_O)        0.038     4.107 f  u_tlp_layer/tracker_inst/remaining_r[0][12]_i_3/O
                         net (fo=178, unplaced)       0.285     4.392    u_tlp_layer/tracker_inst/remaining_r[0][12]_i_3_n_0
                                                                      f  u_tlp_layer/tracker_inst/remaining_r[0][12]_i_1/I0
                         LUT3 (Prop_LUT3_I0_O)        0.038     4.430 r  u_tlp_layer/tracker_inst/remaining_r[0][12]_i_1/O
                         net (fo=13, unplaced)        0.179     4.609    u_tlp_layer/tracker_inst/remaining_r[0][12]_i_1_n_0
                         FDRE                                         r  u_tlp_layer/tracker_inst/remaining_r_reg[0][7]/CE
  -------------------------------------------------------------------    -------------------

                         (clock clk_placeholder rise edge)
                                                      4.000     4.000 r  
                                                      0.000     4.000 r  clk_i (IN)
                         net (fo=8091, unset)         0.021     4.021    u_tlp_layer/tracker_inst/clk_i
                         FDRE                                         r  u_tlp_layer/tracker_inst/remaining_r_reg[0][7]/C
                         clock pessimism              0.000     4.021    
                         clock uncertainty           -0.035     3.986    
                         FDRE (Setup_FDRE_C_CE)      -0.061     3.925    u_tlp_layer/tracker_inst/remaining_r_reg[0][7]
  -------------------------------------------------------------------
                         required time                          3.925    
                         arrival time                          -4.609    
  -------------------------------------------------------------------
                         slack                                 -0.684    

Slack (VIOLATED) :        -0.684ns  (required time - arrival time)
  Source:                 u_tlp_layer/parser_inst/header_r_reg[requester_id][11]/C
                            (rising edge-triggered cell FDRE clocked by clk_placeholder  {rise@0.000ns fall@2.000ns period=4.000ns})
  Destination:            u_tlp_layer/tracker_inst/remaining_r_reg[0][8]/CE
                            (rising edge-triggered cell FDRE clocked by clk_placeholder  {rise@0.000ns fall@2.000ns period=4.000ns})
  Path Group:             clk_placeholder
  Path Type:              Setup (Max at Slow Process Corner)
  Requirement:            4.000ns  (clk_placeholder rise@4.000ns - clk_placeholder rise@0.000ns)
  Data Path Delay:        4.579ns  (logic 1.213ns (26.491%)  route 3.366ns (73.509%))
  Logic Levels:           16  (CARRY8=1 LUT2=1 LUT3=2 LUT4=3 LUT5=2 LUT6=7)
  Clock Path Skew:        -0.009ns (DCD - SCD + CPR)
    Destination Clock Delay (DCD):    0.021ns = ( 4.021 - 4.000 ) 
    Source Clock Delay      (SCD):    0.030ns
    Clock Pessimism Removal (CPR):    0.000ns
  Clock Uncertainty:      0.035ns  ((TSJ^2 + TIJ^2)^1/2 + DJ) / 2 + PE
    Total System Jitter     (TSJ):    0.071ns
    Total Input Jitter      (TIJ):    0.000ns
    Discrete Jitter          (DJ):    0.000ns
    Phase Error              (PE):    0.000ns

    Location             Delay type                Incr(ns)  Path(ns)    Netlist Resource(s)
  -------------------------------------------------------------------    -------------------
                         (clock clk_placeholder rise edge)
                                                      0.000     0.000 r  
                                                      0.000     0.000 r  clk_i (IN)
                         net (fo=8091, unset)         0.030     0.030    u_tlp_layer/parser_inst/clk_i
                         FDRE                                         r  u_tlp_layer/parser_inst/header_r_reg[requester_id][11]/C
  -------------------------------------------------------------------    -------------------
                         FDRE (Prop_FDRE_C_Q)         0.077     0.107 f  u_tlp_layer/parser_inst/header_r_reg[requester_id][11]/Q
                         net (fo=55, unplaced)        0.226     0.333    u_tlp_layer/tracker_inst/completion_header_i[requester_id][11]
                                                                      f  u_tlp_layer/tracker_inst/remaining_r[21][8]_i_9/I0
                         LUT6 (Prop_LUT6_I0_O)        0.150     0.483 f  u_tlp_layer/tracker_inst/remaining_r[21][8]_i_9/O
                         net (fo=1, unplaced)         0.186     0.669    u_tlp_layer/tracker_inst/remaining_r[21][8]_i_9_n_0
                                                                      f  u_tlp_layer/tracker_inst/remaining_r[21][8]_i_3/I5
                         LUT6 (Prop_LUT6_I5_O)        0.038     0.707 f  u_tlp_layer/tracker_inst/remaining_r[21][8]_i_3/O
                         net (fo=1, unplaced)         0.141     0.848    u_tlp_layer/tracker_inst/remaining_r[21][8]_i_3_n_0
                                                                      f  u_tlp_layer/tracker_inst/remaining_r[21][8]_i_2/I0
                         LUT6 (Prop_LUT6_I0_O)        0.100     0.948 r  u_tlp_layer/tracker_inst/remaining_r[21][8]_i_2/O
                         net (fo=15, unplaced)        0.183     1.131    u_tlp_layer/tracker_inst/remaining_r[21][8]_i_2_n_0
                                                                      r  u_tlp_layer/tracker_inst/cpl_timeout_valid_o_i_25/I1
                         LUT5 (Prop_LUT5_I1_O)        0.100     1.231 r  u_tlp_layer/tracker_inst/cpl_timeout_valid_o_i_25/O
                         net (fo=1, unplaced)         0.186     1.417    u_tlp_layer/tracker_inst/cpl_timeout_valid_o_i_25_n_0
                                                                      r  u_tlp_layer/tracker_inst/cpl_timeout_valid_o_i_8/I5
                         LUT6 (Prop_LUT6_I5_O)        0.038     1.455 r  u_tlp_layer/tracker_inst/cpl_timeout_valid_o_i_8/O
                         net (fo=14, unplaced)        0.227     1.682    u_tlp_layer/tracker_inst/cpl_timeout_valid_o_i_8_n_0
                                                                      r  u_tlp_layer/tracker_inst/remaining_r[3][12]_i_6/I1
                         LUT2 (Prop_LUT2_I1_O)        0.038     1.720 f  u_tlp_layer/tracker_inst/remaining_r[3][12]_i_6/O
                         net (fo=180, unplaced)       0.285     2.005    u_tlp_layer/tracker_inst/remaining_r[3][12]_i_6_n_0
                                                                      f  u_tlp_layer/tracker_inst/remaining_r[0][7]_i_159/I2
                         LUT4 (Prop_LUT4_I2_O)        0.038     2.043 r  u_tlp_layer/tracker_inst/remaining_r[0][7]_i_159/O
                         net (fo=1, unplaced)         0.186     2.229    u_tlp_layer/tracker_inst/remaining_r[0][7]_i_159_n_0
                                                                      r  u_tlp_layer/tracker_inst/remaining_r[0][7]_i_60/I1
                         LUT6 (Prop_LUT6_I1_O)        0.038     2.267 r  u_tlp_layer/tracker_inst/remaining_r[0][7]_i_60/O
                         net (fo=1, unplaced)         0.105     2.372    u_tlp_layer/tracker_inst/remaining_r[0][7]_i_60_n_0
                                                                      r  u_tlp_layer/tracker_inst/remaining_r[0][7]_i_13/I0
                         LUT6 (Prop_LUT6_I0_O)        0.150     2.522 r  u_tlp_layer/tracker_inst/remaining_r[0][7]_i_13/O
                         net (fo=7, unplaced)         0.211     2.733    u_tlp_layer/tracker_inst/remaining_r[1]
                                                                      r  u_tlp_layer/tracker_inst/result_last_r_i_11/I2
                         LUT4 (Prop_LUT4_I2_O)        0.038     2.771 f  u_tlp_layer/tracker_inst/result_last_r_i_11/O
                         net (fo=2, unplaced)         0.233     3.004    u_tlp_layer/tracker_inst/result_last_r_i_11_n_0
                                                                      f  u_tlp_layer/tracker_inst/result_context_r_reg[12]_i_55/DI[0]
                         CARRY8 (Prop_CARRY8_DI[0]_CO[6])
                                                      0.186     3.190 f  u_tlp_layer/tracker_inst/result_context_r_reg[12]_i_55/CO[6]
                         net (fo=1, unplaced)         0.138     3.328    u_tlp_layer/tracker_inst/active_r6
                                                                      f  u_tlp_layer/tracker_inst/result_context_r[12]_i_37/I3
                         LUT4 (Prop_LUT4_I3_O)        0.070     3.398 f  u_tlp_layer/tracker_inst/result_context_r[12]_i_37/O
                         net (fo=2, unplaced)         0.186     3.584    u_tlp_layer/tracker_inst/result_context_r[12]_i_37_n_0
                                                                      f  u_tlp_layer/tracker_inst/result_context_r[12]_i_12/I1
                         LUT5 (Prop_LUT5_I1_O)        0.038     3.622 f  u_tlp_layer/tracker_inst/result_context_r[12]_i_12/O
                         net (fo=3, unplaced)         0.192     3.814    u_tlp_layer/tracker_inst/result_context_r[12]_i_12_n_0
                                                                      f  u_tlp_layer/tracker_inst/result_context_r[12]_i_3/I1
                         LUT6 (Prop_LUT6_I1_O)        0.038     3.852 f  u_tlp_layer/tracker_inst/result_context_r[12]_i_3/O
                         net (fo=9, unplaced)         0.217     4.069    u_tlp_layer/tracker_inst/result_context_r[12]_i_3_n_0
                                                                      f  u_tlp_layer/tracker_inst/remaining_r[0][12]_i_3/I2
                         LUT3 (Prop_LUT3_I2_O)        0.038     4.107 f  u_tlp_layer/tracker_inst/remaining_r[0][12]_i_3/O
                         net (fo=178, unplaced)       0.285     4.392    u_tlp_layer/tracker_inst/remaining_r[0][12]_i_3_n_0
                                                                      f  u_tlp_layer/tracker_inst/remaining_r[0][12]_i_1/I0
                         LUT3 (Prop_LUT3_I0_O)        0.038     4.430 r  u_tlp_layer/tracker_inst/remaining_r[0][12]_i_1/O
                         net (fo=13, unplaced)        0.179     4.609    u_tlp_layer/tracker_inst/remaining_r[0][12]_i_1_n_0
                         FDRE                                         r  u_tlp_layer/tracker_inst/remaining_r_reg[0][8]/CE
  -------------------------------------------------------------------    -------------------

                         (clock clk_placeholder rise edge)
                                                      4.000     4.000 r  
                                                      0.000     4.000 r  clk_i (IN)
                         net (fo=8091, unset)         0.021     4.021    u_tlp_layer/tracker_inst/clk_i
                         FDRE                                         r  u_tlp_layer/tracker_inst/remaining_r_reg[0][8]/C
                         clock pessimism              0.000     4.021    
                         clock uncertainty           -0.035     3.986    
                         FDRE (Setup_FDRE_C_CE)      -0.061     3.925    u_tlp_layer/tracker_inst/remaining_r_reg[0][8]
  -------------------------------------------------------------------
                         required time                          3.925    
                         arrival time                          -4.609    
  -------------------------------------------------------------------
                         slack                                 -0.684    

Slack (VIOLATED) :        -0.684ns  (required time - arrival time)
  Source:                 u_tlp_layer/parser_inst/header_r_reg[requester_id][11]/C
                            (rising edge-triggered cell FDRE clocked by clk_placeholder  {rise@0.000ns fall@2.000ns period=4.000ns})
  Destination:            u_tlp_layer/tracker_inst/remaining_r_reg[0][9]/CE
                            (rising edge-triggered cell FDRE clocked by clk_placeholder  {rise@0.000ns fall@2.000ns period=4.000ns})
  Path Group:             clk_placeholder
  Path Type:              Setup (Max at Slow Process Corner)
  Requirement:            4.000ns  (clk_placeholder rise@4.000ns - clk_placeholder rise@0.000ns)
  Data Path Delay:        4.579ns  (logic 1.213ns (26.491%)  route 3.366ns (73.509%))
  Logic Levels:           16  (CARRY8=1 LUT2=1 LUT3=2 LUT4=3 LUT5=2 LUT6=7)
  Clock Path Skew:        -0.009ns (DCD - SCD + CPR)
    Destination Clock Delay (DCD):    0.021ns = ( 4.021 - 4.000 ) 
    Source Clock Delay      (SCD):    0.030ns
    Clock Pessimism Removal (CPR):    0.000ns
  Clock Uncertainty:      0.035ns  ((TSJ^2 + TIJ^2)^1/2 + DJ) / 2 + PE
    Total System Jitter     (TSJ):    0.071ns
    Total Input Jitter      (TIJ):    0.000ns
    Discrete Jitter          (DJ):    0.000ns
    Phase Error              (PE):    0.000ns

    Location             Delay type                Incr(ns)  Path(ns)    Netlist Resource(s)
  -------------------------------------------------------------------    -------------------
                         (clock clk_placeholder rise edge)
                                                      0.000     0.000 r  
                                                      0.000     0.000 r  clk_i (IN)
                         net (fo=8091, unset)         0.030     0.030    u_tlp_layer/parser_inst/clk_i
                         FDRE                                         r  u_tlp_layer/parser_inst/header_r_reg[requester_id][11]/C
  -------------------------------------------------------------------    -------------------
                         FDRE (Prop_FDRE_C_Q)         0.077     0.107 f  u_tlp_layer/parser_inst/header_r_reg[requester_id][11]/Q
                         net (fo=55, unplaced)        0.226     0.333    u_tlp_layer/tracker_inst/completion_header_i[requester_id][11]
                                                                      f  u_tlp_layer/tracker_inst/remaining_r[21][8]_i_9/I0
                         LUT6 (Prop_LUT6_I0_O)        0.150     0.483 f  u_tlp_layer/tracker_inst/remaining_r[21][8]_i_9/O
                         net (fo=1, unplaced)         0.186     0.669    u_tlp_layer/tracker_inst/remaining_r[21][8]_i_9_n_0
                                                                      f  u_tlp_layer/tracker_inst/remaining_r[21][8]_i_3/I5
                         LUT6 (Prop_LUT6_I5_O)        0.038     0.707 f  u_tlp_layer/tracker_inst/remaining_r[21][8]_i_3/O
                         net (fo=1, unplaced)         0.141     0.848    u_tlp_layer/tracker_inst/remaining_r[21][8]_i_3_n_0
                                                                      f  u_tlp_layer/tracker_inst/remaining_r[21][8]_i_2/I0
                         LUT6 (Prop_LUT6_I0_O)        0.100     0.948 r  u_tlp_layer/tracker_inst/remaining_r[21][8]_i_2/O
                         net (fo=15, unplaced)        0.183     1.131    u_tlp_layer/tracker_inst/remaining_r[21][8]_i_2_n_0
                                                                      r  u_tlp_layer/tracker_inst/cpl_timeout_valid_o_i_25/I1
                         LUT5 (Prop_LUT5_I1_O)        0.100     1.231 r  u_tlp_layer/tracker_inst/cpl_timeout_valid_o_i_25/O
                         net (fo=1, unplaced)         0.186     1.417    u_tlp_layer/tracker_inst/cpl_timeout_valid_o_i_25_n_0
                                                                      r  u_tlp_layer/tracker_inst/cpl_timeout_valid_o_i_8/I5
                         LUT6 (Prop_LUT6_I5_O)        0.038     1.455 r  u_tlp_layer/tracker_inst/cpl_timeout_valid_o_i_8/O
                         net (fo=14, unplaced)        0.227     1.682    u_tlp_layer/tracker_inst/cpl_timeout_valid_o_i_8_n_0
                                                                      r  u_tlp_layer/tracker_inst/remaining_r[3][12]_i_6/I1
                         LUT2 (Prop_LUT2_I1_O)        0.038     1.720 f  u_tlp_layer/tracker_inst/remaining_r[3][12]_i_6/O
                         net (fo=180, unplaced)       0.285     2.005    u_tlp_layer/tracker_inst/remaining_r[3][12]_i_6_n_0
                                                                      f  u_tlp_layer/tracker_inst/remaining_r[0][7]_i_159/I2
                         LUT4 (Prop_LUT4_I2_O)        0.038     2.043 r  u_tlp_layer/tracker_inst/remaining_r[0][7]_i_159/O
                         net (fo=1, unplaced)         0.186     2.229    u_tlp_layer/tracker_inst/remaining_r[0][7]_i_159_n_0
                                                                      r  u_tlp_layer/tracker_inst/remaining_r[0][7]_i_60/I1
                         LUT6 (Prop_LUT6_I1_O)        0.038     2.267 r  u_tlp_layer/tracker_inst/remaining_r[0][7]_i_60/O
                         net (fo=1, unplaced)         0.105     2.372    u_tlp_layer/tracker_inst/remaining_r[0][7]_i_60_n_0
                                                                      r  u_tlp_layer/tracker_inst/remaining_r[0][7]_i_13/I0
                         LUT6 (Prop_LUT6_I0_O)        0.150     2.522 r  u_tlp_layer/tracker_inst/remaining_r[0][7]_i_13/O
                         net (fo=7, unplaced)         0.211     2.733    u_tlp_layer/tracker_inst/remaining_r[1]
                                                                      r  u_tlp_layer/tracker_inst/result_last_r_i_11/I2
                         LUT4 (Prop_LUT4_I2_O)        0.038     2.771 f  u_tlp_layer/tracker_inst/result_last_r_i_11/O
                         net (fo=2, unplaced)         0.233     3.004    u_tlp_layer/tracker_inst/result_last_r_i_11_n_0
                                                                      f  u_tlp_layer/tracker_inst/result_context_r_reg[12]_i_55/DI[0]
                         CARRY8 (Prop_CARRY8_DI[0]_CO[6])
                                                      0.186     3.190 f  u_tlp_layer/tracker_inst/result_context_r_reg[12]_i_55/CO[6]
                         net (fo=1, unplaced)         0.138     3.328    u_tlp_layer/tracker_inst/active_r6
                                                                      f  u_tlp_layer/tracker_inst/result_context_r[12]_i_37/I3
                         LUT4 (Prop_LUT4_I3_O)        0.070     3.398 f  u_tlp_layer/tracker_inst/result_context_r[12]_i_37/O
                         net (fo=2, unplaced)         0.186     3.584    u_tlp_layer/tracker_inst/result_context_r[12]_i_37_n_0
                                                                      f  u_tlp_layer/tracker_inst/result_context_r[12]_i_12/I1
                         LUT5 (Prop_LUT5_I1_O)        0.038     3.622 f  u_tlp_layer/tracker_inst/result_context_r[12]_i_12/O
                         net (fo=3, unplaced)         0.192     3.814    u_tlp_layer/tracker_inst/result_context_r[12]_i_12_n_0
                                                                      f  u_tlp_layer/tracker_inst/result_context_r[12]_i_3/I1
                         LUT6 (Prop_LUT6_I1_O)        0.038     3.852 f  u_tlp_layer/tracker_inst/result_context_r[12]_i_3/O
                         net (fo=9, unplaced)         0.217     4.069    u_tlp_layer/tracker_inst/result_context_r[12]_i_3_n_0
                                                                      f  u_tlp_layer/tracker_inst/remaining_r[0][12]_i_3/I2
                         LUT3 (Prop_LUT3_I2_O)        0.038     4.107 f  u_tlp_layer/tracker_inst/remaining_r[0][12]_i_3/O
                         net (fo=178, unplaced)       0.285     4.392    u_tlp_layer/tracker_inst/remaining_r[0][12]_i_3_n_0
                                                                      f  u_tlp_layer/tracker_inst/remaining_r[0][12]_i_1/I0
                         LUT3 (Prop_LUT3_I0_O)        0.038     4.430 r  u_tlp_layer/tracker_inst/remaining_r[0][12]_i_1/O
                         net (fo=13, unplaced)        0.179     4.609    u_tlp_layer/tracker_inst/remaining_r[0][12]_i_1_n_0
                         FDRE                                         r  u_tlp_layer/tracker_inst/remaining_r_reg[0][9]/CE
  -------------------------------------------------------------------    -------------------

                         (clock clk_placeholder rise edge)
                                                      4.000     4.000 r  
                                                      0.000     4.000 r  clk_i (IN)
                         net (fo=8091, unset)         0.021     4.021    u_tlp_layer/tracker_inst/clk_i
                         FDRE                                         r  u_tlp_layer/tracker_inst/remaining_r_reg[0][9]/C
                         clock pessimism              0.000     4.021    
                         clock uncertainty           -0.035     3.986    
                         FDRE (Setup_FDRE_C_CE)      -0.061     3.925    u_tlp_layer/tracker_inst/remaining_r_reg[0][9]
  -------------------------------------------------------------------
                         required time                          3.925    
                         arrival time                          -4.609    
  -------------------------------------------------------------------
                         slack                                 -0.684    

Slack (VIOLATED) :        -0.684ns  (required time - arrival time)
  Source:                 u_tlp_layer/parser_inst/header_r_reg[requester_id][11]/C
                            (rising edge-triggered cell FDRE clocked by clk_placeholder  {rise@0.000ns fall@2.000ns period=4.000ns})
  Destination:            u_tlp_layer/tracker_inst/remaining_r_reg[13][0]/CE
                            (rising edge-triggered cell FDRE clocked by clk_placeholder  {rise@0.000ns fall@2.000ns period=4.000ns})
  Path Group:             clk_placeholder
  Path Type:              Setup (Max at Slow Process Corner)
  Requirement:            4.000ns  (clk_placeholder rise@4.000ns - clk_placeholder rise@0.000ns)
  Data Path Delay:        4.579ns  (logic 1.213ns (26.491%)  route 3.366ns (73.509%))
  Logic Levels:           16  (CARRY8=1 LUT2=1 LUT3=2 LUT4=3 LUT5=2 LUT6=7)
  Clock Path Skew:        -0.009ns (DCD - SCD + CPR)
    Destination Clock Delay (DCD):    0.021ns = ( 4.021 - 4.000 ) 
    Source Clock Delay      (SCD):    0.030ns
    Clock Pessimism Removal (CPR):    0.000ns
  Clock Uncertainty:      0.035ns  ((TSJ^2 + TIJ^2)^1/2 + DJ) / 2 + PE
    Total System Jitter     (TSJ):    0.071ns
    Total Input Jitter      (TIJ):    0.000ns
    Discrete Jitter          (DJ):    0.000ns
    Phase Error              (PE):    0.000ns

    Location             Delay type                Incr(ns)  Path(ns)    Netlist Resource(s)
  -------------------------------------------------------------------    -------------------
                         (clock clk_placeholder rise edge)
                                                      0.000     0.000 r  
                                                      0.000     0.000 r  clk_i (IN)
                         net (fo=8091, unset)         0.030     0.030    u_tlp_layer/parser_inst/clk_i
                         FDRE                                         r  u_tlp_layer/parser_inst/header_r_reg[requester_id][11]/C
  -------------------------------------------------------------------    -------------------
                         FDRE (Prop_FDRE_C_Q)         0.077     0.107 f  u_tlp_layer/parser_inst/header_r_reg[requester_id][11]/Q
                         net (fo=55, unplaced)        0.226     0.333    u_tlp_layer/tracker_inst/completion_header_i[requester_id][11]
                                                                      f  u_tlp_layer/tracker_inst/remaining_r[21][8]_i_9/I0
                         LUT6 (Prop_LUT6_I0_O)        0.150     0.483 f  u_tlp_layer/tracker_inst/remaining_r[21][8]_i_9/O
                         net (fo=1, unplaced)         0.186     0.669    u_tlp_layer/tracker_inst/remaining_r[21][8]_i_9_n_0
                                                                      f  u_tlp_layer/tracker_inst/remaining_r[21][8]_i_3/I5
                         LUT6 (Prop_LUT6_I5_O)        0.038     0.707 f  u_tlp_layer/tracker_inst/remaining_r[21][8]_i_3/O
                         net (fo=1, unplaced)         0.141     0.848    u_tlp_layer/tracker_inst/remaining_r[21][8]_i_3_n_0
                                                                      f  u_tlp_layer/tracker_inst/remaining_r[21][8]_i_2/I0
                         LUT6 (Prop_LUT6_I0_O)        0.100     0.948 r  u_tlp_layer/tracker_inst/remaining_r[21][8]_i_2/O
                         net (fo=15, unplaced)        0.183     1.131    u_tlp_layer/tracker_inst/remaining_r[21][8]_i_2_n_0
                                                                      r  u_tlp_layer/tracker_inst/cpl_timeout_valid_o_i_25/I1
                         LUT5 (Prop_LUT5_I1_O)        0.100     1.231 r  u_tlp_layer/tracker_inst/cpl_timeout_valid_o_i_25/O
                         net (fo=1, unplaced)         0.186     1.417    u_tlp_layer/tracker_inst/cpl_timeout_valid_o_i_25_n_0
                                                                      r  u_tlp_layer/tracker_inst/cpl_timeout_valid_o_i_8/I5
                         LUT6 (Prop_LUT6_I5_O)        0.038     1.455 r  u_tlp_layer/tracker_inst/cpl_timeout_valid_o_i_8/O
                         net (fo=14, unplaced)        0.227     1.682    u_tlp_layer/tracker_inst/cpl_timeout_valid_o_i_8_n_0
                                                                      r  u_tlp_layer/tracker_inst/remaining_r[3][12]_i_6/I1
                         LUT2 (Prop_LUT2_I1_O)        0.038     1.720 f  u_tlp_layer/tracker_inst/remaining_r[3][12]_i_6/O
                         net (fo=180, unplaced)       0.285     2.005    u_tlp_layer/tracker_inst/remaining_r[3][12]_i_6_n_0
                                                                      f  u_tlp_layer/tracker_inst/remaining_r[0][7]_i_159/I2
                         LUT4 (Prop_LUT4_I2_O)        0.038     2.043 r  u_tlp_layer/tracker_inst/remaining_r[0][7]_i_159/O
                         net (fo=1, unplaced)         0.186     2.229    u_tlp_layer/tracker_inst/remaining_r[0][7]_i_159_n_0
                                                                      r  u_tlp_layer/tracker_inst/remaining_r[0][7]_i_60/I1
                         LUT6 (Prop_LUT6_I1_O)        0.038     2.267 r  u_tlp_layer/tracker_inst/remaining_r[0][7]_i_60/O
                         net (fo=1, unplaced)         0.105     2.372    u_tlp_layer/tracker_inst/remaining_r[0][7]_i_60_n_0
                                                                      r  u_tlp_layer/tracker_inst/remaining_r[0][7]_i_13/I0
                         LUT6 (Prop_LUT6_I0_O)        0.150     2.522 r  u_tlp_layer/tracker_inst/remaining_r[0][7]_i_13/O
                         net (fo=7, unplaced)         0.211     2.733    u_tlp_layer/tracker_inst/remaining_r[1]
                                                                      r  u_tlp_layer/tracker_inst/result_last_r_i_11/I2
                         LUT4 (Prop_LUT4_I2_O)        0.038     2.771 f  u_tlp_layer/tracker_inst/result_last_r_i_11/O
                         net (fo=2, unplaced)         0.233     3.004    u_tlp_layer/tracker_inst/result_last_r_i_11_n_0
                                                                      f  u_tlp_layer/tracker_inst/result_context_r_reg[12]_i_55/DI[0]
                         CARRY8 (Prop_CARRY8_DI[0]_CO[6])
                                                      0.186     3.190 f  u_tlp_layer/tracker_inst/result_context_r_reg[12]_i_55/CO[6]
                         net (fo=1, unplaced)         0.138     3.328    u_tlp_layer/tracker_inst/active_r6
                                                                      f  u_tlp_layer/tracker_inst/result_context_r[12]_i_37/I3
                         LUT4 (Prop_LUT4_I3_O)        0.070     3.398 f  u_tlp_layer/tracker_inst/result_context_r[12]_i_37/O
                         net (fo=2, unplaced)         0.186     3.584    u_tlp_layer/tracker_inst/result_context_r[12]_i_37_n_0
                                                                      f  u_tlp_layer/tracker_inst/result_context_r[12]_i_12/I1
                         LUT5 (Prop_LUT5_I1_O)        0.038     3.622 f  u_tlp_layer/tracker_inst/result_context_r[12]_i_12/O
                         net (fo=3, unplaced)         0.192     3.814    u_tlp_layer/tracker_inst/result_context_r[12]_i_12_n_0
                                                                      f  u_tlp_layer/tracker_inst/result_context_r[12]_i_3/I1
                         LUT6 (Prop_LUT6_I1_O)        0.038     3.852 f  u_tlp_layer/tracker_inst/result_context_r[12]_i_3/O
                         net (fo=9, unplaced)         0.217     4.069    u_tlp_layer/tracker_inst/result_context_r[12]_i_3_n_0
                                                                      f  u_tlp_layer/tracker_inst/remaining_r[0][12]_i_3/I2
                         LUT3 (Prop_LUT3_I2_O)        0.038     4.107 f  u_tlp_layer/tracker_inst/remaining_r[0][12]_i_3/O
                         net (fo=178, unplaced)       0.285     4.392    u_tlp_layer/tracker_inst/remaining_r[0][12]_i_3_n_0
                                                                      f  u_tlp_layer/tracker_inst/remaining_r[13][12]_i_1/I0
                         LUT3 (Prop_LUT3_I0_O)        0.038     4.430 r  u_tlp_layer/tracker_inst/remaining_r[13][12]_i_1/O
                         net (fo=13, unplaced)        0.179     4.609    u_tlp_layer/tracker_inst/remaining_r[13][12]_i_1_n_0
                         FDRE                                         r  u_tlp_layer/tracker_inst/remaining_r_reg[13][0]/CE
  -------------------------------------------------------------------    -------------------

                         (clock clk_placeholder rise edge)
                                                      4.000     4.000 r  
                                                      0.000     4.000 r  clk_i (IN)
                         net (fo=8091, unset)         0.021     4.021    u_tlp_layer/tracker_inst/clk_i
                         FDRE                                         r  u_tlp_layer/tracker_inst/remaining_r_reg[13][0]/C
                         clock pessimism              0.000     4.021    
                         clock uncertainty           -0.035     3.986    
                         FDRE (Setup_FDRE_C_CE)      -0.061     3.925    u_tlp_layer/tracker_inst/remaining_r_reg[13][0]
  -------------------------------------------------------------------
                         required time                          3.925    
                         arrival time                          -4.609    
  -------------------------------------------------------------------
                         slack                                 -0.684    

Slack (VIOLATED) :        -0.684ns  (required time - arrival time)
  Source:                 u_tlp_layer/parser_inst/header_r_reg[requester_id][11]/C
                            (rising edge-triggered cell FDRE clocked by clk_placeholder  {rise@0.000ns fall@2.000ns period=4.000ns})
  Destination:            u_tlp_layer/tracker_inst/remaining_r_reg[13][10]/CE
                            (rising edge-triggered cell FDRE clocked by clk_placeholder  {rise@0.000ns fall@2.000ns period=4.000ns})
  Path Group:             clk_placeholder
  Path Type:              Setup (Max at Slow Process Corner)
  Requirement:            4.000ns  (clk_placeholder rise@4.000ns - clk_placeholder rise@0.000ns)
  Data Path Delay:        4.579ns  (logic 1.213ns (26.491%)  route 3.366ns (73.509%))
  Logic Levels:           16  (CARRY8=1 LUT2=1 LUT3=2 LUT4=3 LUT5=2 LUT6=7)
  Clock Path Skew:        -0.009ns (DCD - SCD + CPR)
    Destination Clock Delay (DCD):    0.021ns = ( 4.021 - 4.000 ) 
    Source Clock Delay      (SCD):    0.030ns
    Clock Pessimism Removal (CPR):    0.000ns
  Clock Uncertainty:      0.035ns  ((TSJ^2 + TIJ^2)^1/2 + DJ) / 2 + PE
    Total System Jitter     (TSJ):    0.071ns
    Total Input Jitter      (TIJ):    0.000ns
    Discrete Jitter          (DJ):    0.000ns
    Phase Error              (PE):    0.000ns

    Location             Delay type                Incr(ns)  Path(ns)    Netlist Resource(s)
  -------------------------------------------------------------------    -------------------
                         (clock clk_placeholder rise edge)
                                                      0.000     0.000 r  
                                                      0.000     0.000 r  clk_i (IN)
                         net (fo=8091, unset)         0.030     0.030    u_tlp_layer/parser_inst/clk_i
                         FDRE                                         r  u_tlp_layer/parser_inst/header_r_reg[requester_id][11]/C
  -------------------------------------------------------------------    -------------------
                         FDRE (Prop_FDRE_C_Q)         0.077     0.107 f  u_tlp_layer/parser_inst/header_r_reg[requester_id][11]/Q
                         net (fo=55, unplaced)        0.226     0.333    u_tlp_layer/tracker_inst/completion_header_i[requester_id][11]
                                                                      f  u_tlp_layer/tracker_inst/remaining_r[21][8]_i_9/I0
                         LUT6 (Prop_LUT6_I0_O)        0.150     0.483 f  u_tlp_layer/tracker_inst/remaining_r[21][8]_i_9/O
                         net (fo=1, unplaced)         0.186     0.669    u_tlp_layer/tracker_inst/remaining_r[21][8]_i_9_n_0
                                                                      f  u_tlp_layer/tracker_inst/remaining_r[21][8]_i_3/I5
                         LUT6 (Prop_LUT6_I5_O)        0.038     0.707 f  u_tlp_layer/tracker_inst/remaining_r[21][8]_i_3/O
                         net (fo=1, unplaced)         0.141     0.848    u_tlp_layer/tracker_inst/remaining_r[21][8]_i_3_n_0
                                                                      f  u_tlp_layer/tracker_inst/remaining_r[21][8]_i_2/I0
                         LUT6 (Prop_LUT6_I0_O)        0.100     0.948 r  u_tlp_layer/tracker_inst/remaining_r[21][8]_i_2/O
                         net (fo=15, unplaced)        0.183     1.131    u_tlp_layer/tracker_inst/remaining_r[21][8]_i_2_n_0
                                                                      r  u_tlp_layer/tracker_inst/cpl_timeout_valid_o_i_25/I1
                         LUT5 (Prop_LUT5_I1_O)        0.100     1.231 r  u_tlp_layer/tracker_inst/cpl_timeout_valid_o_i_25/O
                         net (fo=1, unplaced)         0.186     1.417    u_tlp_layer/tracker_inst/cpl_timeout_valid_o_i_25_n_0
                                                                      r  u_tlp_layer/tracker_inst/cpl_timeout_valid_o_i_8/I5
                         LUT6 (Prop_LUT6_I5_O)        0.038     1.455 r  u_tlp_layer/tracker_inst/cpl_timeout_valid_o_i_8/O
                         net (fo=14, unplaced)        0.227     1.682    u_tlp_layer/tracker_inst/cpl_timeout_valid_o_i_8_n_0
                                                                      r  u_tlp_layer/tracker_inst/remaining_r[3][12]_i_6/I1
                         LUT2 (Prop_LUT2_I1_O)        0.038     1.720 f  u_tlp_layer/tracker_inst/remaining_r[3][12]_i_6/O
                         net (fo=180, unplaced)       0.285     2.005    u_tlp_layer/tracker_inst/remaining_r[3][12]_i_6_n_0
                                                                      f  u_tlp_layer/tracker_inst/remaining_r[0][7]_i_159/I2
                         LUT4 (Prop_LUT4_I2_O)        0.038     2.043 r  u_tlp_layer/tracker_inst/remaining_r[0][7]_i_159/O
                         net (fo=1, unplaced)         0.186     2.229    u_tlp_layer/tracker_inst/remaining_r[0][7]_i_159_n_0
                                                                      r  u_tlp_layer/tracker_inst/remaining_r[0][7]_i_60/I1
                         LUT6 (Prop_LUT6_I1_O)        0.038     2.267 r  u_tlp_layer/tracker_inst/remaining_r[0][7]_i_60/O
                         net (fo=1, unplaced)         0.105     2.372    u_tlp_layer/tracker_inst/remaining_r[0][7]_i_60_n_0
                                                                      r  u_tlp_layer/tracker_inst/remaining_r[0][7]_i_13/I0
                         LUT6 (Prop_LUT6_I0_O)        0.150     2.522 r  u_tlp_layer/tracker_inst/remaining_r[0][7]_i_13/O
                         net (fo=7, unplaced)         0.211     2.733    u_tlp_layer/tracker_inst/remaining_r[1]
                                                                      r  u_tlp_layer/tracker_inst/result_last_r_i_11/I2
                         LUT4 (Prop_LUT4_I2_O)        0.038     2.771 f  u_tlp_layer/tracker_inst/result_last_r_i_11/O
                         net (fo=2, unplaced)         0.233     3.004    u_tlp_layer/tracker_inst/result_last_r_i_11_n_0
                                                                      f  u_tlp_layer/tracker_inst/result_context_r_reg[12]_i_55/DI[0]
                         CARRY8 (Prop_CARRY8_DI[0]_CO[6])
                                                      0.186     3.190 f  u_tlp_layer/tracker_inst/result_context_r_reg[12]_i_55/CO[6]
                         net (fo=1, unplaced)         0.138     3.328    u_tlp_layer/tracker_inst/active_r6
                                                                      f  u_tlp_layer/tracker_inst/result_context_r[12]_i_37/I3
                         LUT4 (Prop_LUT4_I3_O)        0.070     3.398 f  u_tlp_layer/tracker_inst/result_context_r[12]_i_37/O
                         net (fo=2, unplaced)         0.186     3.584    u_tlp_layer/tracker_inst/result_context_r[12]_i_37_n_0
                                                                      f  u_tlp_layer/tracker_inst/result_context_r[12]_i_12/I1
                         LUT5 (Prop_LUT5_I1_O)        0.038     3.622 f  u_tlp_layer/tracker_inst/result_context_r[12]_i_12/O
                         net (fo=3, unplaced)         0.192     3.814    u_tlp_layer/tracker_inst/result_context_r[12]_i_12_n_0
                                                                      f  u_tlp_layer/tracker_inst/result_context_r[12]_i_3/I1
                         LUT6 (Prop_LUT6_I1_O)        0.038     3.852 f  u_tlp_layer/tracker_inst/result_context_r[12]_i_3/O
                         net (fo=9, unplaced)         0.217     4.069    u_tlp_layer/tracker_inst/result_context_r[12]_i_3_n_0
                                                                      f  u_tlp_layer/tracker_inst/remaining_r[0][12]_i_3/I2
                         LUT3 (Prop_LUT3_I2_O)        0.038     4.107 f  u_tlp_layer/tracker_inst/remaining_r[0][12]_i_3/O
                         net (fo=178, unplaced)       0.285     4.392    u_tlp_layer/tracker_inst/remaining_r[0][12]_i_3_n_0
                                                                      f  u_tlp_layer/tracker_inst/remaining_r[13][12]_i_1/I0
                         LUT3 (Prop_LUT3_I0_O)        0.038     4.430 r  u_tlp_layer/tracker_inst/remaining_r[13][12]_i_1/O
                         net (fo=13, unplaced)        0.179     4.609    u_tlp_layer/tracker_inst/remaining_r[13][12]_i_1_n_0
                         FDRE                                         r  u_tlp_layer/tracker_inst/remaining_r_reg[13][10]/CE
  -------------------------------------------------------------------    -------------------

                         (clock clk_placeholder rise edge)
                                                      4.000     4.000 r  
                                                      0.000     4.000 r  clk_i (IN)
                         net (fo=8091, unset)         0.021     4.021    u_tlp_layer/tracker_inst/clk_i
                         FDRE                                         r  u_tlp_layer/tracker_inst/remaining_r_reg[13][10]/C
                         clock pessimism              0.000     4.021    
                         clock uncertainty           -0.035     3.986    
                         FDRE (Setup_FDRE_C_CE)      -0.061     3.925    u_tlp_layer/tracker_inst/remaining_r_reg[13][10]
  -------------------------------------------------------------------
                         required time                          3.925    
                         arrival time                          -4.609    
  -------------------------------------------------------------------
                         slack                                 -0.684    

Slack (VIOLATED) :        -0.684ns  (required time - arrival time)
  Source:                 u_tlp_layer/parser_inst/header_r_reg[requester_id][11]/C
                            (rising edge-triggered cell FDRE clocked by clk_placeholder  {rise@0.000ns fall@2.000ns period=4.000ns})
  Destination:            u_tlp_layer/tracker_inst/remaining_r_reg[13][11]/CE
                            (rising edge-triggered cell FDRE clocked by clk_placeholder  {rise@0.000ns fall@2.000ns period=4.000ns})
  Path Group:             clk_placeholder
  Path Type:              Setup (Max at Slow Process Corner)
  Requirement:            4.000ns  (clk_placeholder rise@4.000ns - clk_placeholder rise@0.000ns)
  Data Path Delay:        4.579ns  (logic 1.213ns (26.491%)  route 3.366ns (73.509%))
  Logic Levels:           16  (CARRY8=1 LUT2=1 LUT3=2 LUT4=3 LUT5=2 LUT6=7)
  Clock Path Skew:        -0.009ns (DCD - SCD + CPR)
    Destination Clock Delay (DCD):    0.021ns = ( 4.021 - 4.000 ) 
    Source Clock Delay      (SCD):    0.030ns
    Clock Pessimism Removal (CPR):    0.000ns
  Clock Uncertainty:      0.035ns  ((TSJ^2 + TIJ^2)^1/2 + DJ) / 2 + PE
    Total System Jitter     (TSJ):    0.071ns
    Total Input Jitter      (TIJ):    0.000ns
    Discrete Jitter          (DJ):    0.000ns
    Phase Error              (PE):    0.000ns

    Location             Delay type                Incr(ns)  Path(ns)    Netlist Resource(s)
  -------------------------------------------------------------------    -------------------
                         (clock clk_placeholder rise edge)
                                                      0.000     0.000 r  
                                                      0.000     0.000 r  clk_i (IN)
                         net (fo=8091, unset)         0.030     0.030    u_tlp_layer/parser_inst/clk_i
                         FDRE                                         r  u_tlp_layer/parser_inst/header_r_reg[requester_id][11]/C
  -------------------------------------------------------------------    -------------------
                         FDRE (Prop_FDRE_C_Q)         0.077     0.107 f  u_tlp_layer/parser_inst/header_r_reg[requester_id][11]/Q
                         net (fo=55, unplaced)        0.226     0.333    u_tlp_layer/tracker_inst/completion_header_i[requester_id][11]
                                                                      f  u_tlp_layer/tracker_inst/remaining_r[21][8]_i_9/I0
                         LUT6 (Prop_LUT6_I0_O)        0.150     0.483 f  u_tlp_layer/tracker_inst/remaining_r[21][8]_i_9/O
                         net (fo=1, unplaced)         0.186     0.669    u_tlp_layer/tracker_inst/remaining_r[21][8]_i_9_n_0
                                                                      f  u_tlp_layer/tracker_inst/remaining_r[21][8]_i_3/I5
                         LUT6 (Prop_LUT6_I5_O)        0.038     0.707 f  u_tlp_layer/tracker_inst/remaining_r[21][8]_i_3/O
                         net (fo=1, unplaced)         0.141     0.848    u_tlp_layer/tracker_inst/remaining_r[21][8]_i_3_n_0
                                                                      f  u_tlp_layer/tracker_inst/remaining_r[21][8]_i_2/I0
                         LUT6 (Prop_LUT6_I0_O)        0.100     0.948 r  u_tlp_layer/tracker_inst/remaining_r[21][8]_i_2/O
                         net (fo=15, unplaced)        0.183     1.131    u_tlp_layer/tracker_inst/remaining_r[21][8]_i_2_n_0
                                                                      r  u_tlp_layer/tracker_inst/cpl_timeout_valid_o_i_25/I1
                         LUT5 (Prop_LUT5_I1_O)        0.100     1.231 r  u_tlp_layer/tracker_inst/cpl_timeout_valid_o_i_25/O
                         net (fo=1, unplaced)         0.186     1.417    u_tlp_layer/tracker_inst/cpl_timeout_valid_o_i_25_n_0
                                                                      r  u_tlp_layer/tracker_inst/cpl_timeout_valid_o_i_8/I5
                         LUT6 (Prop_LUT6_I5_O)        0.038     1.455 r  u_tlp_layer/tracker_inst/cpl_timeout_valid_o_i_8/O
                         net (fo=14, unplaced)        0.227     1.682    u_tlp_layer/tracker_inst/cpl_timeout_valid_o_i_8_n_0
                                                                      r  u_tlp_layer/tracker_inst/remaining_r[3][12]_i_6/I1
                         LUT2 (Prop_LUT2_I1_O)        0.038     1.720 f  u_tlp_layer/tracker_inst/remaining_r[3][12]_i_6/O
                         net (fo=180, unplaced)       0.285     2.005    u_tlp_layer/tracker_inst/remaining_r[3][12]_i_6_n_0
                                                                      f  u_tlp_layer/tracker_inst/remaining_r[0][7]_i_159/I2
                         LUT4 (Prop_LUT4_I2_O)        0.038     2.043 r  u_tlp_layer/tracker_inst/remaining_r[0][7]_i_159/O
                         net (fo=1, unplaced)         0.186     2.229    u_tlp_layer/tracker_inst/remaining_r[0][7]_i_159_n_0
                                                                      r  u_tlp_layer/tracker_inst/remaining_r[0][7]_i_60/I1
                         LUT6 (Prop_LUT6_I1_O)        0.038     2.267 r  u_tlp_layer/tracker_inst/remaining_r[0][7]_i_60/O
                         net (fo=1, unplaced)         0.105     2.372    u_tlp_layer/tracker_inst/remaining_r[0][7]_i_60_n_0
                                                                      r  u_tlp_layer/tracker_inst/remaining_r[0][7]_i_13/I0
                         LUT6 (Prop_LUT6_I0_O)        0.150     2.522 r  u_tlp_layer/tracker_inst/remaining_r[0][7]_i_13/O
                         net (fo=7, unplaced)         0.211     2.733    u_tlp_layer/tracker_inst/remaining_r[1]
                                                                      r  u_tlp_layer/tracker_inst/result_last_r_i_11/I2
                         LUT4 (Prop_LUT4_I2_O)        0.038     2.771 f  u_tlp_layer/tracker_inst/result_last_r_i_11/O
                         net (fo=2, unplaced)         0.233     3.004    u_tlp_layer/tracker_inst/result_last_r_i_11_n_0
                                                                      f  u_tlp_layer/tracker_inst/result_context_r_reg[12]_i_55/DI[0]
                         CARRY8 (Prop_CARRY8_DI[0]_CO[6])
                                                      0.186     3.190 f  u_tlp_layer/tracker_inst/result_context_r_reg[12]_i_55/CO[6]
                         net (fo=1, unplaced)         0.138     3.328    u_tlp_layer/tracker_inst/active_r6
                                                                      f  u_tlp_layer/tracker_inst/result_context_r[12]_i_37/I3
                         LUT4 (Prop_LUT4_I3_O)        0.070     3.398 f  u_tlp_layer/tracker_inst/result_context_r[12]_i_37/O
                         net (fo=2, unplaced)         0.186     3.584    u_tlp_layer/tracker_inst/result_context_r[12]_i_37_n_0
                                                                      f  u_tlp_layer/tracker_inst/result_context_r[12]_i_12/I1
                         LUT5 (Prop_LUT5_I1_O)        0.038     3.622 f  u_tlp_layer/tracker_inst/result_context_r[12]_i_12/O
                         net (fo=3, unplaced)         0.192     3.814    u_tlp_layer/tracker_inst/result_context_r[12]_i_12_n_0
                                                                      f  u_tlp_layer/tracker_inst/result_context_r[12]_i_3/I1
                         LUT6 (Prop_LUT6_I1_O)        0.038     3.852 f  u_tlp_layer/tracker_inst/result_context_r[12]_i_3/O
                         net (fo=9, unplaced)         0.217     4.069    u_tlp_layer/tracker_inst/result_context_r[12]_i_3_n_0
                                                                      f  u_tlp_layer/tracker_inst/remaining_r[0][12]_i_3/I2
                         LUT3 (Prop_LUT3_I2_O)        0.038     4.107 f  u_tlp_layer/tracker_inst/remaining_r[0][12]_i_3/O
                         net (fo=178, unplaced)       0.285     4.392    u_tlp_layer/tracker_inst/remaining_r[0][12]_i_3_n_0
                                                                      f  u_tlp_layer/tracker_inst/remaining_r[13][12]_i_1/I0
                         LUT3 (Prop_LUT3_I0_O)        0.038     4.430 r  u_tlp_layer/tracker_inst/remaining_r[13][12]_i_1/O
                         net (fo=13, unplaced)        0.179     4.609    u_tlp_layer/tracker_inst/remaining_r[13][12]_i_1_n_0
                         FDRE                                         r  u_tlp_layer/tracker_inst/remaining_r_reg[13][11]/CE
  -------------------------------------------------------------------    -------------------

                         (clock clk_placeholder rise edge)
                                                      4.000     4.000 r  
                                                      0.000     4.000 r  clk_i (IN)
                         net (fo=8091, unset)         0.021     4.021    u_tlp_layer/tracker_inst/clk_i
                         FDRE                                         r  u_tlp_layer/tracker_inst/remaining_r_reg[13][11]/C
                         clock pessimism              0.000     4.021    
                         clock uncertainty           -0.035     3.986    
                         FDRE (Setup_FDRE_C_CE)      -0.061     3.925    u_tlp_layer/tracker_inst/remaining_r_reg[13][11]
  -------------------------------------------------------------------
                         required time                          3.925    
                         arrival time                          -4.609    
  -------------------------------------------------------------------
                         slack                                 -0.684    





Pulse Width Checks
--------------------------------------------------------------------------------------
Clock Name:         clk_placeholder
Waveform(ns):       { 0.000 2.000 }
Period(ns):         4.000
Sources:            { clk_i }

Check Type        Corner  Lib Pin      Reference Pin  Required(ns)  Actual(ns)  Slack(ns)  Location  Pin
Min Period        n/a     RAMD64E/CLK  n/a            1.064         4.000       2.936                u_tlp_layer/parser_inst/payload_data_mem_reg_0_63_0_6/RAMA/CLK
Min Period        n/a     RAMD64E/CLK  n/a            1.064         4.000       2.936                u_tlp_layer/parser_inst/payload_data_mem_reg_0_63_0_6/RAMB/CLK
Min Period        n/a     RAMD64E/CLK  n/a            1.064         4.000       2.936                u_tlp_layer/parser_inst/payload_data_mem_reg_0_63_0_6/RAMC/CLK
Min Period        n/a     RAMD64E/CLK  n/a            1.064         4.000       2.936                u_tlp_layer/parser_inst/payload_data_mem_reg_0_63_0_6/RAMD/CLK
Min Period        n/a     RAMD64E/CLK  n/a            1.064         4.000       2.936                u_tlp_layer/parser_inst/payload_data_mem_reg_0_63_0_6/RAME/CLK
Min Period        n/a     RAMD64E/CLK  n/a            1.064         4.000       2.936                u_tlp_layer/parser_inst/payload_data_mem_reg_0_63_0_6/RAMF/CLK
Min Period        n/a     RAMD64E/CLK  n/a            1.064         4.000       2.936                u_tlp_layer/parser_inst/payload_data_mem_reg_0_63_0_6/RAMG/CLK
Min Period        n/a     RAMD64E/CLK  n/a            1.064         4.000       2.936                u_tlp_layer/parser_inst/payload_data_mem_reg_0_63_0_6/RAMH/CLK
Min Period        n/a     RAMD64E/CLK  n/a            1.064         4.000       2.936                u_tlp_layer/parser_inst/payload_data_mem_reg_0_63_14_20/RAMA/CLK
Min Period        n/a     RAMD64E/CLK  n/a            1.064         4.000       2.936                u_tlp_layer/parser_inst/payload_data_mem_reg_0_63_14_20/RAMB/CLK
Min Period        n/a     RAMD64E/CLK  n/a            1.064         4.000       2.936                u_tlp_layer/parser_inst/payload_data_mem_reg_0_63_14_20/RAMC/CLK
Min Period        n/a     RAMD64E/CLK  n/a            1.064         4.000       2.936                u_tlp_layer/parser_inst/payload_data_mem_reg_0_63_14_20/RAMD/CLK
Min Period        n/a     RAMD64E/CLK  n/a            1.064         4.000       2.936                u_tlp_layer/parser_inst/payload_data_mem_reg_0_63_14_20/RAME/CLK
Min Period        n/a     RAMD64E/CLK  n/a            1.064         4.000       2.936                u_tlp_layer/parser_inst/payload_data_mem_reg_0_63_14_20/RAMF/CLK
Min Period        n/a     RAMD64E/CLK  n/a            1.064         4.000       2.936                u_tlp_layer/parser_inst/payload_data_mem_reg_0_63_14_20/RAMG/CLK
Min Period        n/a     RAMD64E/CLK  n/a            1.064         4.000       2.936                u_tlp_layer/parser_inst/payload_data_mem_reg_0_63_14_20/RAMH/CLK
Min Period        n/a     RAMD64E/CLK  n/a            1.064         4.000       2.936                u_tlp_layer/parser_inst/payload_data_mem_reg_0_63_21_27/RAMA/CLK
Min Period        n/a     RAMD64E/CLK  n/a            1.064         4.000       2.936                u_tlp_layer/parser_inst/payload_data_mem_reg_0_63_21_27/RAMB/CLK
Min Period        n/a     RAMD64E/CLK  n/a            1.064         4.000       2.936                u_tlp_layer/parser_inst/payload_data_mem_reg_0_63_21_27/RAMC/CLK
Min Period        n/a     RAMD64E/CLK  n/a            1.064         4.000       2.936                u_tlp_layer/parser_inst/payload_data_mem_reg_0_63_21_27/RAMD/CLK
Low Pulse Width   Slow    RAMD64E/CLK  n/a            0.532         2.000       1.468                u_tlp_layer/parser_inst/payload_data_mem_reg_0_63_0_6/RAMA/CLK
Low Pulse Width   Fast    RAMD64E/CLK  n/a            0.532         2.000       1.468                u_tlp_layer/parser_inst/payload_data_mem_reg_0_63_0_6/RAMA/CLK
Low Pulse Width   Slow    RAMD64E/CLK  n/a            0.532         2.000       1.468                u_tlp_layer/parser_inst/payload_data_mem_reg_0_63_0_6/RAMB/CLK
Low Pulse Width   Fast    RAMD64E/CLK  n/a            0.532         2.000       1.468                u_tlp_layer/parser_inst/payload_data_mem_reg_0_63_0_6/RAMB/CLK
Low Pulse Width   Slow    RAMD64E/CLK  n/a            0.532         2.000       1.468                u_tlp_layer/parser_inst/payload_data_mem_reg_0_63_0_6/RAMC/CLK
Low Pulse Width   Fast    RAMD64E/CLK  n/a            0.532         2.000       1.468                u_tlp_layer/parser_inst/payload_data_mem_reg_0_63_0_6/RAMC/CLK
Low Pulse Width   Slow    RAMD64E/CLK  n/a            0.532         2.000       1.468                u_tlp_layer/parser_inst/payload_data_mem_reg_0_63_0_6/RAMD/CLK
Low Pulse Width   Fast    RAMD64E/CLK  n/a            0.532         2.000       1.468                u_tlp_layer/parser_inst/payload_data_mem_reg_0_63_0_6/RAMD/CLK
Low Pulse Width   Slow    RAMD64E/CLK  n/a            0.532         2.000       1.468                u_tlp_layer/parser_inst/payload_data_mem_reg_0_63_0_6/RAME/CLK
Low Pulse Width   Fast    RAMD64E/CLK  n/a            0.532         2.000       1.468                u_tlp_layer/parser_inst/payload_data_mem_reg_0_63_0_6/RAME/CLK
Low Pulse Width   Slow    RAMD64E/CLK  n/a            0.532         2.000       1.468                u_tlp_layer/parser_inst/payload_data_mem_reg_0_63_0_6/RAMF/CLK
Low Pulse Width   Fast    RAMD64E/CLK  n/a            0.532         2.000       1.468                u_tlp_layer/parser_inst/payload_data_mem_reg_0_63_0_6/RAMF/CLK
Low Pulse Width   Slow    RAMD64E/CLK  n/a            0.532         2.000       1.468                u_tlp_layer/parser_inst/payload_data_mem_reg_0_63_0_6/RAMG/CLK
Low Pulse Width   Fast    RAMD64E/CLK  n/a            0.532         2.000       1.468                u_tlp_layer/parser_inst/payload_data_mem_reg_0_63_0_6/RAMG/CLK
Low Pulse Width   Slow    RAMD64E/CLK  n/a            0.532         2.000       1.468                u_tlp_layer/parser_inst/payload_data_mem_reg_0_63_0_6/RAMH/CLK
Low Pulse Width   Fast    RAMD64E/CLK  n/a            0.532         2.000       1.468                u_tlp_layer/parser_inst/payload_data_mem_reg_0_63_0_6/RAMH/CLK
Low Pulse Width   Slow    RAMD64E/CLK  n/a            0.532         2.000       1.468                u_tlp_layer/parser_inst/payload_data_mem_reg_0_63_14_20/RAMA/CLK
Low Pulse Width   Fast    RAMD64E/CLK  n/a            0.532         2.000       1.468                u_tlp_layer/parser_inst/payload_data_mem_reg_0_63_14_20/RAMA/CLK
Low Pulse Width   Slow    RAMD64E/CLK  n/a            0.532         2.000       1.468                u_tlp_layer/parser_inst/payload_data_mem_reg_0_63_14_20/RAMB/CLK
Low Pulse Width   Fast    RAMD64E/CLK  n/a            0.532         2.000       1.468                u_tlp_layer/parser_inst/payload_data_mem_reg_0_63_14_20/RAMB/CLK
High Pulse Width  Slow    RAMD64E/CLK  n/a            0.532         2.000       1.468                u_tlp_layer/parser_inst/payload_data_mem_reg_0_63_0_6/RAMA/CLK
High Pulse Width  Fast    RAMD64E/CLK  n/a            0.532         2.000       1.468                u_tlp_layer/parser_inst/payload_data_mem_reg_0_63_0_6/RAMA/CLK
High Pulse Width  Slow    RAMD64E/CLK  n/a            0.532         2.000       1.468                u_tlp_layer/parser_inst/payload_data_mem_reg_0_63_0_6/RAMB/CLK
High Pulse Width  Fast    RAMD64E/CLK  n/a            0.532         2.000       1.468                u_tlp_layer/parser_inst/payload_data_mem_reg_0_63_0_6/RAMB/CLK
High Pulse Width  Slow    RAMD64E/CLK  n/a            0.532         2.000       1.468                u_tlp_layer/parser_inst/payload_data_mem_reg_0_63_0_6/RAMC/CLK
High Pulse Width  Fast    RAMD64E/CLK  n/a            0.532         2.000       1.468                u_tlp_layer/parser_inst/payload_data_mem_reg_0_63_0_6/RAMC/CLK
High Pulse Width  Slow    RAMD64E/CLK  n/a            0.532         2.000       1.468                u_tlp_layer/parser_inst/payload_data_mem_reg_0_63_0_6/RAMD/CLK
High Pulse Width  Fast    RAMD64E/CLK  n/a            0.532         2.000       1.468                u_tlp_layer/parser_inst/payload_data_mem_reg_0_63_0_6/RAMD/CLK
High Pulse Width  Slow    RAMD64E/CLK  n/a            0.532         2.000       1.468                u_tlp_layer/parser_inst/payload_data_mem_reg_0_63_0_6/RAME/CLK
High Pulse Width  Fast    RAMD64E/CLK  n/a            0.532         2.000       1.468                u_tlp_layer/parser_inst/payload_data_mem_reg_0_63_0_6/RAME/CLK
High Pulse Width  Slow    RAMD64E/CLK  n/a            0.532         2.000       1.468                u_tlp_layer/parser_inst/payload_data_mem_reg_0_63_0_6/RAMF/CLK
High Pulse Width  Fast    RAMD64E/CLK  n/a            0.532         2.000       1.468                u_tlp_layer/parser_inst/payload_data_mem_reg_0_63_0_6/RAMF/CLK
High Pulse Width  Slow    RAMD64E/CLK  n/a            0.532         2.000       1.468                u_tlp_layer/parser_inst/payload_data_mem_reg_0_63_0_6/RAMG/CLK
High Pulse Width  Fast    RAMD64E/CLK  n/a            0.532         2.000       1.468                u_tlp_layer/parser_inst/payload_data_mem_reg_0_63_0_6/RAMG/CLK
High Pulse Width  Slow    RAMD64E/CLK  n/a            0.532         2.000       1.468                u_tlp_layer/parser_inst/payload_data_mem_reg_0_63_0_6/RAMH/CLK
High Pulse Width  Fast    RAMD64E/CLK  n/a            0.532         2.000       1.468                u_tlp_layer/parser_inst/payload_data_mem_reg_0_63_0_6/RAMH/CLK
High Pulse Width  Slow    RAMD64E/CLK  n/a            0.532         2.000       1.468                u_tlp_layer/parser_inst/payload_data_mem_reg_0_63_14_20/RAMA/CLK
High Pulse Width  Fast    RAMD64E/CLK  n/a            0.532         2.000       1.468                u_tlp_layer/parser_inst/payload_data_mem_reg_0_63_14_20/RAMA/CLK
High Pulse Width  Slow    RAMD64E/CLK  n/a            0.532         2.000       1.468                u_tlp_layer/parser_inst/payload_data_mem_reg_0_63_14_20/RAMB/CLK
High Pulse Width  Fast    RAMD64E/CLK  n/a            0.532         2.000       1.468                u_tlp_layer/parser_inst/payload_data_mem_reg_0_63_14_20/RAMB/CLK



