Copyright 1986-2022 Xilinx, Inc. All Rights Reserved. Copyright 2022-2023 Advanced Micro Devices, Inc. All Rights Reserved.
-----------------------------------------------------------------------------------------------------------------------------------------------------------
| Tool Version      : Vivado v.2023.2 (lin64) Build 4029153 Fri Oct 13 20:13:54 MDT 2023
| Date              : Fri Aug  7 17:23:05 2026
| Host              : vlsi031.ee.washington.edu running 64-bit CentOS Linux release 7.9.2009 (Core)
| Command           : report_timing -delay_type max -max_paths 20 -nworst 20 -sort_by slack -file /home/kourosh/synth_s2/pcie_rq_rc_top/timing_worst20.rpt
| Design            : pcie_rq_rc_top
| Device            : xczu7ev-ffvc1156
| Speed File        : -2  PRODUCTION 1.30 05-15-2022
| Design State      : Synthesized
| Temperature Grade : E
-----------------------------------------------------------------------------------------------------------------------------------------------------------

Timing Report

Slack (VIOLATED) :        -0.695ns  (required time - arrival time)
  Source:                 u_tlp_layer/parser_inst/header_r_reg[requester_id][11]/C
                            (rising edge-triggered cell FDRE clocked by clk_placeholder  {rise@0.000ns fall@2.000ns period=4.000ns})
  Destination:            u_tlp_layer/tracker_inst/next_lower_address_r_reg[1][0]/R
                            (rising edge-triggered cell FDRE clocked by clk_placeholder  {rise@0.000ns fall@2.000ns period=4.000ns})
  Path Group:             clk_placeholder
  Path Type:              Setup (Max at Slow Process Corner)
  Requirement:            4.000ns  (clk_placeholder rise@4.000ns - clk_placeholder rise@0.000ns)
  Data Path Delay:        4.577ns  (logic 1.213ns (26.502%)  route 3.364ns (73.498%))
  Logic Levels:           16  (CARRY8=1 LUT2=2 LUT4=4 LUT5=2 LUT6=7)
  Clock Path Skew:        -0.009ns (DCD - SCD + CPR)
    Destination Clock Delay (DCD):    0.021ns = ( 4.021 - 4.000 ) 
    Source Clock Delay      (SCD):    0.030ns
    Clock Pessimism Removal (CPR):    0.000ns
  Clock Uncertainty:      0.035ns  ((TSJ^2 + TIJ^2)^1/2 + DJ) / 2 + PE
    Total System Jitter     (TSJ):    0.071ns
    Total Input Jitter      (TIJ):    0.000ns
    Discrete Jitter          (DJ):    0.000ns
    Phase Error              (PE):    0.000ns

    Location             Delay type                Incr(ns)  Path(ns)    Netlist Resource(s)
  -------------------------------------------------------------------    -------------------
                         (clock clk_placeholder rise edge)
                                                      0.000     0.000 r  
                                                      0.000     0.000 r  clk_i (IN)
                         net (fo=8091, unset)         0.030     0.030    u_tlp_layer/parser_inst/clk_i
                         FDRE                                         r  u_tlp_layer/parser_inst/header_r_reg[requester_id][11]/C
  -------------------------------------------------------------------    -------------------
                         FDRE (Prop_FDRE_C_Q)         0.077     0.107 f  u_tlp_layer/parser_inst/header_r_reg[requester_id][11]/Q
                         net (fo=55, unplaced)        0.226     0.333    u_tlp_layer/tracker_inst/completion_header_i[requester_id][11]
                         LUT6 (Prop_LUT6_I0_O)        0.150     0.483 f  u_tlp_layer/tracker_inst/remaining_r[21][8]_i_9/O
                         net (fo=1, unplaced)         0.186     0.669    u_tlp_layer/tracker_inst/remaining_r[21][8]_i_9_n_0
                         LUT6 (Prop_LUT6_I5_O)        0.038     0.707 f  u_tlp_layer/tracker_inst/remaining_r[21][8]_i_3/O
                         net (fo=1, unplaced)         0.141     0.848    u_tlp_layer/tracker_inst/remaining_r[21][8]_i_3_n_0
                         LUT6 (Prop_LUT6_I0_O)        0.100     0.948 r  u_tlp_layer/tracker_inst/remaining_r[21][8]_i_2/O
                         net (fo=15, unplaced)        0.183     1.131    u_tlp_layer/tracker_inst/remaining_r[21][8]_i_2_n_0
                         LUT5 (Prop_LUT5_I1_O)        0.100     1.231 r  u_tlp_layer/tracker_inst/cpl_timeout_valid_o_i_25/O
                         net (fo=1, unplaced)         0.186     1.417    u_tlp_layer/tracker_inst/cpl_timeout_valid_o_i_25_n_0
                         LUT6 (Prop_LUT6_I5_O)        0.038     1.455 r  u_tlp_layer/tracker_inst/cpl_timeout_valid_o_i_8/O
                         net (fo=14, unplaced)        0.227     1.682    u_tlp_layer/tracker_inst/cpl_timeout_valid_o_i_8_n_0
                         LUT2 (Prop_LUT2_I1_O)        0.038     1.720 f  u_tlp_layer/tracker_inst/remaining_r[3][12]_i_6/O
                         net (fo=180, unplaced)       0.285     2.005    u_tlp_layer/tracker_inst/remaining_r[3][12]_i_6_n_0
                         LUT4 (Prop_LUT4_I2_O)        0.038     2.043 r  u_tlp_layer/tracker_inst/remaining_r[0][7]_i_159/O
                         net (fo=1, unplaced)         0.186     2.229    u_tlp_layer/tracker_inst/remaining_r[0][7]_i_159_n_0
                         LUT6 (Prop_LUT6_I1_O)        0.038     2.267 r  u_tlp_layer/tracker_inst/remaining_r[0][7]_i_60/O
                         net (fo=1, unplaced)         0.105     2.372    u_tlp_layer/tracker_inst/remaining_r[0][7]_i_60_n_0
                         LUT6 (Prop_LUT6_I0_O)        0.150     2.522 r  u_tlp_layer/tracker_inst/remaining_r[0][7]_i_13/O
                         net (fo=7, unplaced)         0.211     2.733    u_tlp_layer/tracker_inst/remaining_r[1]
                         LUT4 (Prop_LUT4_I2_O)        0.038     2.771 f  u_tlp_layer/tracker_inst/result_last_r_i_11/O
                         net (fo=2, unplaced)         0.233     3.004    u_tlp_layer/tracker_inst/result_last_r_i_11_n_0
                         CARRY8 (Prop_CARRY8_DI[0]_CO[6])
                                                      0.186     3.190 f  u_tlp_layer/tracker_inst/result_context_r_reg[12]_i_55/CO[6]
                         net (fo=1, unplaced)         0.138     3.328    u_tlp_layer/tracker_inst/active_r6
                         LUT4 (Prop_LUT4_I3_O)        0.070     3.398 f  u_tlp_layer/tracker_inst/result_context_r[12]_i_37/O
                         net (fo=2, unplaced)         0.186     3.584    u_tlp_layer/tracker_inst/result_context_r[12]_i_37_n_0
                         LUT5 (Prop_LUT5_I1_O)        0.038     3.622 f  u_tlp_layer/tracker_inst/result_context_r[12]_i_12/O
                         net (fo=3, unplaced)         0.192     3.814    u_tlp_layer/tracker_inst/result_context_r[12]_i_12_n_0
                         LUT6 (Prop_LUT6_I2_O)        0.038     3.852 f  u_tlp_layer/tracker_inst/next_lower_address_r[0][6]_i_3/O
                         net (fo=84, unplaced)        0.267     4.119    u_tlp_layer/tracker_inst/next_lower_address_r[0][6]_i_3_n_0
                         LUT4 (Prop_LUT4_I0_O)        0.038     4.157 r  u_tlp_layer/tracker_inst/next_lower_address_r[1][6]_i_1/O
                         net (fo=8, unplaced)         0.214     4.371    u_tlp_layer/tracker_inst/next_lower_address_r[1][6]_i_1_n_0
                         LUT2 (Prop_LUT2_I1_O)        0.038     4.409 r  u_tlp_layer/tracker_inst/next_lower_address_r[1][4]_i_1/O
                         net (fo=4, unplaced)         0.198     4.607    u_tlp_layer/tracker_inst/next_lower_address_r[1][4]_i_1_n_0
                         FDRE                                         r  u_tlp_layer/tracker_inst/next_lower_address_r_reg[1][0]/R
  -------------------------------------------------------------------    -------------------

                         (clock clk_placeholder rise edge)
                                                      4.000     4.000 r  
                                                      0.000     4.000 r  clk_i (IN)
                         net (fo=8091, unset)         0.021     4.021    u_tlp_layer/tracker_inst/clk_i
                         FDRE                                         r  u_tlp_layer/tracker_inst/next_lower_address_r_reg[1][0]/C
                         clock pessimism              0.000     4.021    
                         clock uncertainty           -0.035     3.986    
                         FDRE (Setup_FDRE_C_R)       -0.074     3.912    u_tlp_layer/tracker_inst/next_lower_address_r_reg[1][0]
  -------------------------------------------------------------------
                         required time                          3.912    
                         arrival time                          -4.607    
  -------------------------------------------------------------------
                         slack                                 -0.695    

Slack (VIOLATED) :        -0.695ns  (required time - arrival time)
  Source:                 u_tlp_layer/parser_inst/header_r_reg[requester_id][11]/C
                            (rising edge-triggered cell FDRE clocked by clk_placeholder  {rise@0.000ns fall@2.000ns period=4.000ns})
  Destination:            u_tlp_layer/tracker_inst/next_lower_address_r_reg[1][0]/R
                            (rising edge-triggered cell FDRE clocked by clk_placeholder  {rise@0.000ns fall@2.000ns period=4.000ns})
  Path Group:             clk_placeholder
  Path Type:              Setup (Max at Slow Process Corner)
  Requirement:            4.000ns  (clk_placeholder rise@4.000ns - clk_placeholder rise@0.000ns)
  Data Path Delay:        4.577ns  (logic 1.213ns (26.502%)  route 3.364ns (73.498%))
  Logic Levels:           16  (CARRY8=1 LUT2=2 LUT4=4 LUT5=2 LUT6=7)
  Clock Path Skew:        -0.009ns (DCD - SCD + CPR)
    Destination Clock Delay (DCD):    0.021ns = ( 4.021 - 4.000 ) 
    Source Clock Delay      (SCD):    0.030ns
    Clock Pessimism Removal (CPR):    0.000ns
  Clock Uncertainty:      0.035ns  ((TSJ^2 + TIJ^2)^1/2 + DJ) / 2 + PE
    Total System Jitter     (TSJ):    0.071ns
    Total Input Jitter      (TIJ):    0.000ns
    Discrete Jitter          (DJ):    0.000ns
    Phase Error              (PE):    0.000ns

    Location             Delay type                Incr(ns)  Path(ns)    Netlist Resource(s)
  -------------------------------------------------------------------    -------------------
                         (clock clk_placeholder rise edge)
                                                      0.000     0.000 r  
                                                      0.000     0.000 r  clk_i (IN)
                         net (fo=8091, unset)         0.030     0.030    u_tlp_layer/parser_inst/clk_i
                         FDRE                                         r  u_tlp_layer/parser_inst/header_r_reg[requester_id][11]/C
  -------------------------------------------------------------------    -------------------
                         FDRE (Prop_FDRE_C_Q)         0.077     0.107 r  u_tlp_layer/parser_inst/header_r_reg[requester_id][11]/Q
                         net (fo=55, unplaced)        0.226     0.333    u_tlp_layer/tracker_inst/completion_header_i[requester_id][11]
                         LUT6 (Prop_LUT6_I0_O)        0.150     0.483 r  u_tlp_layer/tracker_inst/remaining_r[21][8]_i_9/O
                         net (fo=1, unplaced)         0.186     0.669    u_tlp_layer/tracker_inst/remaining_r[21][8]_i_9_n_0
                         LUT6 (Prop_LUT6_I5_O)        0.038     0.707 r  u_tlp_layer/tracker_inst/remaining_r[21][8]_i_3/O
                         net (fo=1, unplaced)         0.141     0.848    u_tlp_layer/tracker_inst/remaining_r[21][8]_i_3_n_0
                         LUT6 (Prop_LUT6_I0_O)        0.100     0.948 f  u_tlp_layer/tracker_inst/remaining_r[21][8]_i_2/O
                         net (fo=15, unplaced)        0.183     1.131    u_tlp_layer/tracker_inst/remaining_r[21][8]_i_2_n_0
                         LUT5 (Prop_LUT5_I1_O)        0.100     1.231 f  u_tlp_layer/tracker_inst/cpl_timeout_valid_o_i_25/O
                         net (fo=1, unplaced)         0.186     1.417    u_tlp_layer/tracker_inst/cpl_timeout_valid_o_i_25_n_0
                         LUT6 (Prop_LUT6_I5_O)        0.038     1.455 f  u_tlp_layer/tracker_inst/cpl_timeout_valid_o_i_8/O
                         net (fo=14, unplaced)        0.227     1.682    u_tlp_layer/tracker_inst/cpl_timeout_valid_o_i_8_n_0
                         LUT2 (Prop_LUT2_I1_O)        0.038     1.720 r  u_tlp_layer/tracker_inst/remaining_r[3][12]_i_6/O
                         net (fo=180, unplaced)       0.285     2.005    u_tlp_layer/tracker_inst/remaining_r[3][12]_i_6_n_0
                         LUT4 (Prop_LUT4_I2_O)        0.038     2.043 f  u_tlp_layer/tracker_inst/remaining_r[0][7]_i_159/O
                         net (fo=1, unplaced)         0.186     2.229    u_tlp_layer/tracker_inst/remaining_r[0][7]_i_159_n_0
                         LUT6 (Prop_LUT6_I1_O)        0.038     2.267 f  u_tlp_layer/tracker_inst/remaining_r[0][7]_i_60/O
                         net (fo=1, unplaced)         0.105     2.372    u_tlp_layer/tracker_inst/remaining_r[0][7]_i_60_n_0
                         LUT6 (Prop_LUT6_I0_O)        0.150     2.522 f  u_tlp_layer/tracker_inst/remaining_r[0][7]_i_13/O
                         net (fo=7, unplaced)         0.211     2.733    u_tlp_layer/tracker_inst/remaining_r[1]
                         LUT4 (Prop_LUT4_I2_O)        0.038     2.771 r  u_tlp_layer/tracker_inst/result_last_r_i_11/O
                         net (fo=2, unplaced)         0.233     3.004    u_tlp_layer/tracker_inst/result_last_r_i_11_n_0
                         CARRY8 (Prop_CARRY8_DI[0]_CO[6])
                                                      0.186     3.190 r  u_tlp_layer/tracker_inst/result_context_r_reg[12]_i_55/CO[6]
                         net (fo=1, unplaced)         0.138     3.328    u_tlp_layer/tracker_inst/active_r6
                         LUT4 (Prop_LUT4_I3_O)        0.070     3.398 r  u_tlp_layer/tracker_inst/result_context_r[12]_i_37/O
                         net (fo=2, unplaced)         0.186     3.584    u_tlp_layer/tracker_inst/result_context_r[12]_i_37_n_0
                         LUT5 (Prop_LUT5_I1_O)        0.038     3.622 r  u_tlp_layer/tracker_inst/result_context_r[12]_i_12/O
                         net (fo=3, unplaced)         0.192     3.814    u_tlp_layer/tracker_inst/result_context_r[12]_i_12_n_0
                         LUT6 (Prop_LUT6_I2_O)        0.038     3.852 r  u_tlp_layer/tracker_inst/next_lower_address_r[0][6]_i_3/O
                         net (fo=84, unplaced)        0.267     4.119    u_tlp_layer/tracker_inst/next_lower_address_r[0][6]_i_3_n_0
                         LUT4 (Prop_LUT4_I0_O)        0.038     4.157 f  u_tlp_layer/tracker_inst/next_lower_address_r[1][6]_i_1/O
                         net (fo=8, unplaced)         0.214     4.371    u_tlp_layer/tracker_inst/next_lower_address_r[1][6]_i_1_n_0
                         LUT2 (Prop_LUT2_I1_O)        0.038     4.409 f  u_tlp_layer/tracker_inst/next_lower_address_r[1][4]_i_1/O
                         net (fo=4, unplaced)         0.198     4.607    u_tlp_layer/tracker_inst/next_lower_address_r[1][4]_i_1_n_0
                         FDRE                                         f  u_tlp_layer/tracker_inst/next_lower_address_r_reg[1][0]/R
  -------------------------------------------------------------------    -------------------

                         (clock clk_placeholder rise edge)
                                                      4.000     4.000 r  
                                                      0.000     4.000 r  clk_i (IN)
                         net (fo=8091, unset)         0.021     4.021    u_tlp_layer/tracker_inst/clk_i
                         FDRE                                         r  u_tlp_layer/tracker_inst/next_lower_address_r_reg[1][0]/C
                         clock pessimism              0.000     4.021    
                         clock uncertainty           -0.035     3.986    
                         FDRE (Setup_FDRE_C_R)       -0.074     3.912    u_tlp_layer/tracker_inst/next_lower_address_r_reg[1][0]
  -------------------------------------------------------------------
                         required time                          3.912    
                         arrival time                          -4.607    
  -------------------------------------------------------------------
                         slack                                 -0.695    

Slack (VIOLATED) :        -0.695ns  (required time - arrival time)
  Source:                 u_tlp_layer/parser_inst/header_r_reg[requester_id][11]/C
                            (rising edge-triggered cell FDRE clocked by clk_placeholder  {rise@0.000ns fall@2.000ns period=4.000ns})
  Destination:            u_tlp_layer/tracker_inst/next_lower_address_r_reg[1][1]/R
                            (rising edge-triggered cell FDRE clocked by clk_placeholder  {rise@0.000ns fall@2.000ns period=4.000ns})
  Path Group:             clk_placeholder
  Path Type:              Setup (Max at Slow Process Corner)
  Requirement:            4.000ns  (clk_placeholder rise@4.000ns - clk_placeholder rise@0.000ns)
  Data Path Delay:        4.577ns  (logic 1.213ns (26.502%)  route 3.364ns (73.498%))
  Logic Levels:           16  (CARRY8=1 LUT2=2 LUT4=4 LUT5=2 LUT6=7)
  Clock Path Skew:        -0.009ns (DCD - SCD + CPR)
    Destination Clock Delay (DCD):    0.021ns = ( 4.021 - 4.000 ) 
    Source Clock Delay      (SCD):    0.030ns
    Clock Pessimism Removal (CPR):    0.000ns
  Clock Uncertainty:      0.035ns  ((TSJ^2 + TIJ^2)^1/2 + DJ) / 2 + PE
    Total System Jitter     (TSJ):    0.071ns
    Total Input Jitter      (TIJ):    0.000ns
    Discrete Jitter          (DJ):    0.000ns
    Phase Error              (PE):    0.000ns

    Location             Delay type                Incr(ns)  Path(ns)    Netlist Resource(s)
  -------------------------------------------------------------------    -------------------
                         (clock clk_placeholder rise edge)
                                                      0.000     0.000 r  
                                                      0.000     0.000 r  clk_i (IN)
                         net (fo=8091, unset)         0.030     0.030    u_tlp_layer/parser_inst/clk_i
                         FDRE                                         r  u_tlp_layer/parser_inst/header_r_reg[requester_id][11]/C
  -------------------------------------------------------------------    -------------------
                         FDRE (Prop_FDRE_C_Q)         0.077     0.107 f  u_tlp_layer/parser_inst/header_r_reg[requester_id][11]/Q
                         net (fo=55, unplaced)        0.226     0.333    u_tlp_layer/tracker_inst/completion_header_i[requester_id][11]
                         LUT6 (Prop_LUT6_I0_O)        0.150     0.483 f  u_tlp_layer/tracker_inst/remaining_r[21][8]_i_9/O
                         net (fo=1, unplaced)         0.186     0.669    u_tlp_layer/tracker_inst/remaining_r[21][8]_i_9_n_0
                         LUT6 (Prop_LUT6_I5_O)        0.038     0.707 f  u_tlp_layer/tracker_inst/remaining_r[21][8]_i_3/O
                         net (fo=1, unplaced)         0.141     0.848    u_tlp_layer/tracker_inst/remaining_r[21][8]_i_3_n_0
                         LUT6 (Prop_LUT6_I0_O)        0.100     0.948 r  u_tlp_layer/tracker_inst/remaining_r[21][8]_i_2/O
                         net (fo=15, unplaced)        0.183     1.131    u_tlp_layer/tracker_inst/remaining_r[21][8]_i_2_n_0
                         LUT5 (Prop_LUT5_I1_O)        0.100     1.231 r  u_tlp_layer/tracker_inst/cpl_timeout_valid_o_i_25/O
                         net (fo=1, unplaced)         0.186     1.417    u_tlp_layer/tracker_inst/cpl_timeout_valid_o_i_25_n_0
                         LUT6 (Prop_LUT6_I5_O)        0.038     1.455 r  u_tlp_layer/tracker_inst/cpl_timeout_valid_o_i_8/O
                         net (fo=14, unplaced)        0.227     1.682    u_tlp_layer/tracker_inst/cpl_timeout_valid_o_i_8_n_0
                         LUT2 (Prop_LUT2_I1_O)        0.038     1.720 f  u_tlp_layer/tracker_inst/remaining_r[3][12]_i_6/O
                         net (fo=180, unplaced)       0.285     2.005    u_tlp_layer/tracker_inst/remaining_r[3][12]_i_6_n_0
                         LUT4 (Prop_LUT4_I2_O)        0.038     2.043 r  u_tlp_layer/tracker_inst/remaining_r[0][7]_i_159/O
                         net (fo=1, unplaced)         0.186     2.229    u_tlp_layer/tracker_inst/remaining_r[0][7]_i_159_n_0
                         LUT6 (Prop_LUT6_I1_O)        0.038     2.267 r  u_tlp_layer/tracker_inst/remaining_r[0][7]_i_60/O
                         net (fo=1, unplaced)         0.105     2.372    u_tlp_layer/tracker_inst/remaining_r[0][7]_i_60_n_0
                         LUT6 (Prop_LUT6_I0_O)        0.150     2.522 r  u_tlp_layer/tracker_inst/remaining_r[0][7]_i_13/O
                         net (fo=7, unplaced)         0.211     2.733    u_tlp_layer/tracker_inst/remaining_r[1]
                         LUT4 (Prop_LUT4_I2_O)        0.038     2.771 f  u_tlp_layer/tracker_inst/result_last_r_i_11/O
                         net (fo=2, unplaced)         0.233     3.004    u_tlp_layer/tracker_inst/result_last_r_i_11_n_0
                         CARRY8 (Prop_CARRY8_DI[0]_CO[6])
                                                      0.186     3.190 f  u_tlp_layer/tracker_inst/result_context_r_reg[12]_i_55/CO[6]
                         net (fo=1, unplaced)         0.138     3.328    u_tlp_layer/tracker_inst/active_r6
                         LUT4 (Prop_LUT4_I3_O)        0.070     3.398 f  u_tlp_layer/tracker_inst/result_context_r[12]_i_37/O
                         net (fo=2, unplaced)         0.186     3.584    u_tlp_layer/tracker_inst/result_context_r[12]_i_37_n_0
                         LUT5 (Prop_LUT5_I1_O)        0.038     3.622 f  u_tlp_layer/tracker_inst/result_context_r[12]_i_12/O
                         net (fo=3, unplaced)         0.192     3.814    u_tlp_layer/tracker_inst/result_context_r[12]_i_12_n_0
                         LUT6 (Prop_LUT6_I2_O)        0.038     3.852 f  u_tlp_layer/tracker_inst/next_lower_address_r[0][6]_i_3/O
                         net (fo=84, unplaced)        0.267     4.119    u_tlp_layer/tracker_inst/next_lower_address_r[0][6]_i_3_n_0
                         LUT4 (Prop_LUT4_I0_O)        0.038     4.157 r  u_tlp_layer/tracker_inst/next_lower_address_r[1][6]_i_1/O
                         net (fo=8, unplaced)         0.214     4.371    u_tlp_layer/tracker_inst/next_lower_address_r[1][6]_i_1_n_0
                         LUT2 (Prop_LUT2_I1_O)        0.038     4.409 r  u_tlp_layer/tracker_inst/next_lower_address_r[1][4]_i_1/O
                         net (fo=4, unplaced)         0.198     4.607    u_tlp_layer/tracker_inst/next_lower_address_r[1][4]_i_1_n_0
                         FDRE                                         r  u_tlp_layer/tracker_inst/next_lower_address_r_reg[1][1]/R
  -------------------------------------------------------------------    -------------------

                         (clock clk_placeholder rise edge)
                                                      4.000     4.000 r  
                                                      0.000     4.000 r  clk_i (IN)
                         net (fo=8091, unset)         0.021     4.021    u_tlp_layer/tracker_inst/clk_i
                         FDRE                                         r  u_tlp_layer/tracker_inst/next_lower_address_r_reg[1][1]/C
                         clock pessimism              0.000     4.021    
                         clock uncertainty           -0.035     3.986    
                         FDRE (Setup_FDRE_C_R)       -0.074     3.912    u_tlp_layer/tracker_inst/next_lower_address_r_reg[1][1]
  -------------------------------------------------------------------
                         required time                          3.912    
                         arrival time                          -4.607    
  -------------------------------------------------------------------
                         slack                                 -0.695    

Slack (VIOLATED) :        -0.695ns  (required time - arrival time)
  Source:                 u_tlp_layer/parser_inst/header_r_reg[requester_id][11]/C
                            (rising edge-triggered cell FDRE clocked by clk_placeholder  {rise@0.000ns fall@2.000ns period=4.000ns})
  Destination:            u_tlp_layer/tracker_inst/next_lower_address_r_reg[1][1]/R
                            (rising edge-triggered cell FDRE clocked by clk_placeholder  {rise@0.000ns fall@2.000ns period=4.000ns})
  Path Group:             clk_placeholder
  Path Type:              Setup (Max at Slow Process Corner)
  Requirement:            4.000ns  (clk_placeholder rise@4.000ns - clk_placeholder rise@0.000ns)
  Data Path Delay:        4.577ns  (logic 1.213ns (26.502%)  route 3.364ns (73.498%))
  Logic Levels:           16  (CARRY8=1 LUT2=2 LUT4=4 LUT5=2 LUT6=7)
  Clock Path Skew:        -0.009ns (DCD - SCD + CPR)
    Destination Clock Delay (DCD):    0.021ns = ( 4.021 - 4.000 ) 
    Source Clock Delay      (SCD):    0.030ns
    Clock Pessimism Removal (CPR):    0.000ns
  Clock Uncertainty:      0.035ns  ((TSJ^2 + TIJ^2)^1/2 + DJ) / 2 + PE
    Total System Jitter     (TSJ):    0.071ns
    Total Input Jitter      (TIJ):    0.000ns
    Discrete Jitter          (DJ):    0.000ns
    Phase Error              (PE):    0.000ns

    Location             Delay type                Incr(ns)  Path(ns)    Netlist Resource(s)
  -------------------------------------------------------------------    -------------------
                         (clock clk_placeholder rise edge)
                                                      0.000     0.000 r  
                                                      0.000     0.000 r  clk_i (IN)
                         net (fo=8091, unset)         0.030     0.030    u_tlp_layer/parser_inst/clk_i
                         FDRE                                         r  u_tlp_layer/parser_inst/header_r_reg[requester_id][11]/C
  -------------------------------------------------------------------    -------------------
                         FDRE (Prop_FDRE_C_Q)         0.077     0.107 r  u_tlp_layer/parser_inst/header_r_reg[requester_id][11]/Q
                         net (fo=55, unplaced)        0.226     0.333    u_tlp_layer/tracker_inst/completion_header_i[requester_id][11]
                         LUT6 (Prop_LUT6_I0_O)        0.150     0.483 r  u_tlp_layer/tracker_inst/remaining_r[21][8]_i_9/O
                         net (fo=1, unplaced)         0.186     0.669    u_tlp_layer/tracker_inst/remaining_r[21][8]_i_9_n_0
                         LUT6 (Prop_LUT6_I5_O)        0.038     0.707 r  u_tlp_layer/tracker_inst/remaining_r[21][8]_i_3/O
                         net (fo=1, unplaced)         0.141     0.848    u_tlp_layer/tracker_inst/remaining_r[21][8]_i_3_n_0
                         LUT6 (Prop_LUT6_I0_O)        0.100     0.948 f  u_tlp_layer/tracker_inst/remaining_r[21][8]_i_2/O
                         net (fo=15, unplaced)        0.183     1.131    u_tlp_layer/tracker_inst/remaining_r[21][8]_i_2_n_0
                         LUT5 (Prop_LUT5_I1_O)        0.100     1.231 f  u_tlp_layer/tracker_inst/cpl_timeout_valid_o_i_25/O
                         net (fo=1, unplaced)         0.186     1.417    u_tlp_layer/tracker_inst/cpl_timeout_valid_o_i_25_n_0
                         LUT6 (Prop_LUT6_I5_O)        0.038     1.455 f  u_tlp_layer/tracker_inst/cpl_timeout_valid_o_i_8/O
                         net (fo=14, unplaced)        0.227     1.682    u_tlp_layer/tracker_inst/cpl_timeout_valid_o_i_8_n_0
                         LUT2 (Prop_LUT2_I1_O)        0.038     1.720 r  u_tlp_layer/tracker_inst/remaining_r[3][12]_i_6/O
                         net (fo=180, unplaced)       0.285     2.005    u_tlp_layer/tracker_inst/remaining_r[3][12]_i_6_n_0
                         LUT4 (Prop_LUT4_I2_O)        0.038     2.043 f  u_tlp_layer/tracker_inst/remaining_r[0][7]_i_159/O
                         net (fo=1, unplaced)         0.186     2.229    u_tlp_layer/tracker_inst/remaining_r[0][7]_i_159_n_0
                         LUT6 (Prop_LUT6_I1_O)        0.038     2.267 f  u_tlp_layer/tracker_inst/remaining_r[0][7]_i_60/O
                         net (fo=1, unplaced)         0.105     2.372    u_tlp_layer/tracker_inst/remaining_r[0][7]_i_60_n_0
                         LUT6 (Prop_LUT6_I0_O)        0.150     2.522 f  u_tlp_layer/tracker_inst/remaining_r[0][7]_i_13/O
                         net (fo=7, unplaced)         0.211     2.733    u_tlp_layer/tracker_inst/remaining_r[1]
                         LUT4 (Prop_LUT4_I2_O)        0.038     2.771 r  u_tlp_layer/tracker_inst/result_last_r_i_11/O
                         net (fo=2, unplaced)         0.233     3.004    u_tlp_layer/tracker_inst/result_last_r_i_11_n_0
                         CARRY8 (Prop_CARRY8_DI[0]_CO[6])
                                                      0.186     3.190 r  u_tlp_layer/tracker_inst/result_context_r_reg[12]_i_55/CO[6]
                         net (fo=1, unplaced)         0.138     3.328    u_tlp_layer/tracker_inst/active_r6
                         LUT4 (Prop_LUT4_I3_O)        0.070     3.398 r  u_tlp_layer/tracker_inst/result_context_r[12]_i_37/O
                         net (fo=2, unplaced)         0.186     3.584    u_tlp_layer/tracker_inst/result_context_r[12]_i_37_n_0
                         LUT5 (Prop_LUT5_I1_O)        0.038     3.622 r  u_tlp_layer/tracker_inst/result_context_r[12]_i_12/O
                         net (fo=3, unplaced)         0.192     3.814    u_tlp_layer/tracker_inst/result_context_r[12]_i_12_n_0
                         LUT6 (Prop_LUT6_I2_O)        0.038     3.852 r  u_tlp_layer/tracker_inst/next_lower_address_r[0][6]_i_3/O
                         net (fo=84, unplaced)        0.267     4.119    u_tlp_layer/tracker_inst/next_lower_address_r[0][6]_i_3_n_0
                         LUT4 (Prop_LUT4_I0_O)        0.038     4.157 f  u_tlp_layer/tracker_inst/next_lower_address_r[1][6]_i_1/O
                         net (fo=8, unplaced)         0.214     4.371    u_tlp_layer/tracker_inst/next_lower_address_r[1][6]_i_1_n_0
                         LUT2 (Prop_LUT2_I1_O)        0.038     4.409 f  u_tlp_layer/tracker_inst/next_lower_address_r[1][4]_i_1/O
                         net (fo=4, unplaced)         0.198     4.607    u_tlp_layer/tracker_inst/next_lower_address_r[1][4]_i_1_n_0
                         FDRE                                         f  u_tlp_layer/tracker_inst/next_lower_address_r_reg[1][1]/R
  -------------------------------------------------------------------    -------------------

                         (clock clk_placeholder rise edge)
                                                      4.000     4.000 r  
                                                      0.000     4.000 r  clk_i (IN)
                         net (fo=8091, unset)         0.021     4.021    u_tlp_layer/tracker_inst/clk_i
                         FDRE                                         r  u_tlp_layer/tracker_inst/next_lower_address_r_reg[1][1]/C
                         clock pessimism              0.000     4.021    
                         clock uncertainty           -0.035     3.986    
                         FDRE (Setup_FDRE_C_R)       -0.074     3.912    u_tlp_layer/tracker_inst/next_lower_address_r_reg[1][1]
  -------------------------------------------------------------------
                         required time                          3.912    
                         arrival time                          -4.607    
  -------------------------------------------------------------------
                         slack                                 -0.695    

Slack (VIOLATED) :        -0.695ns  (required time - arrival time)
  Source:                 u_tlp_layer/parser_inst/header_r_reg[requester_id][11]/C
                            (rising edge-triggered cell FDRE clocked by clk_placeholder  {rise@0.000ns fall@2.000ns period=4.000ns})
  Destination:            u_tlp_layer/tracker_inst/next_lower_address_r_reg[1][3]/R
                            (rising edge-triggered cell FDRE clocked by clk_placeholder  {rise@0.000ns fall@2.000ns period=4.000ns})
  Path Group:             clk_placeholder
  Path Type:              Setup (Max at Slow Process Corner)
  Requirement:            4.000ns  (clk_placeholder rise@4.000ns - clk_placeholder rise@0.000ns)
  Data Path Delay:        4.577ns  (logic 1.213ns (26.502%)  route 3.364ns (73.498%))
  Logic Levels:           16  (CARRY8=1 LUT2=2 LUT4=4 LUT5=2 LUT6=7)
  Clock Path Skew:        -0.009ns (DCD - SCD + CPR)
    Destination Clock Delay (DCD):    0.021ns = ( 4.021 - 4.000 ) 
    Source Clock Delay      (SCD):    0.030ns
    Clock Pessimism Removal (CPR):    0.000ns
  Clock Uncertainty:      0.035ns  ((TSJ^2 + TIJ^2)^1/2 + DJ) / 2 + PE
    Total System Jitter     (TSJ):    0.071ns
    Total Input Jitter      (TIJ):    0.000ns
    Discrete Jitter          (DJ):    0.000ns
    Phase Error              (PE):    0.000ns

    Location             Delay type                Incr(ns)  Path(ns)    Netlist Resource(s)
  -------------------------------------------------------------------    -------------------
                         (clock clk_placeholder rise edge)
                                                      0.000     0.000 r  
                                                      0.000     0.000 r  clk_i (IN)
                         net (fo=8091, unset)         0.030     0.030    u_tlp_layer/parser_inst/clk_i
                         FDRE                                         r  u_tlp_layer/parser_inst/header_r_reg[requester_id][11]/C
  -------------------------------------------------------------------    -------------------
                         FDRE (Prop_FDRE_C_Q)         0.077     0.107 f  u_tlp_layer/parser_inst/header_r_reg[requester_id][11]/Q
                         net (fo=55, unplaced)        0.226     0.333    u_tlp_layer/tracker_inst/completion_header_i[requester_id][11]
                         LUT6 (Prop_LUT6_I0_O)        0.150     0.483 f  u_tlp_layer/tracker_inst/remaining_r[21][8]_i_9/O
                         net (fo=1, unplaced)         0.186     0.669    u_tlp_layer/tracker_inst/remaining_r[21][8]_i_9_n_0
                         LUT6 (Prop_LUT6_I5_O)        0.038     0.707 f  u_tlp_layer/tracker_inst/remaining_r[21][8]_i_3/O
                         net (fo=1, unplaced)         0.141     0.848    u_tlp_layer/tracker_inst/remaining_r[21][8]_i_3_n_0
                         LUT6 (Prop_LUT6_I0_O)        0.100     0.948 r  u_tlp_layer/tracker_inst/remaining_r[21][8]_i_2/O
                         net (fo=15, unplaced)        0.183     1.131    u_tlp_layer/tracker_inst/remaining_r[21][8]_i_2_n_0
                         LUT5 (Prop_LUT5_I1_O)        0.100     1.231 r  u_tlp_layer/tracker_inst/cpl_timeout_valid_o_i_25/O
                         net (fo=1, unplaced)         0.186     1.417    u_tlp_layer/tracker_inst/cpl_timeout_valid_o_i_25_n_0
                         LUT6 (Prop_LUT6_I5_O)        0.038     1.455 r  u_tlp_layer/tracker_inst/cpl_timeout_valid_o_i_8/O
                         net (fo=14, unplaced)        0.227     1.682    u_tlp_layer/tracker_inst/cpl_timeout_valid_o_i_8_n_0
                         LUT2 (Prop_LUT2_I1_O)        0.038     1.720 f  u_tlp_layer/tracker_inst/remaining_r[3][12]_i_6/O
                         net (fo=180, unplaced)       0.285     2.005    u_tlp_layer/tracker_inst/remaining_r[3][12]_i_6_n_0
                         LUT4 (Prop_LUT4_I2_O)        0.038     2.043 r  u_tlp_layer/tracker_inst/remaining_r[0][7]_i_159/O
                         net (fo=1, unplaced)         0.186     2.229    u_tlp_layer/tracker_inst/remaining_r[0][7]_i_159_n_0
                         LUT6 (Prop_LUT6_I1_O)        0.038     2.267 r  u_tlp_layer/tracker_inst/remaining_r[0][7]_i_60/O
                         net (fo=1, unplaced)         0.105     2.372    u_tlp_layer/tracker_inst/remaining_r[0][7]_i_60_n_0
                         LUT6 (Prop_LUT6_I0_O)        0.150     2.522 r  u_tlp_layer/tracker_inst/remaining_r[0][7]_i_13/O
                         net (fo=7, unplaced)         0.211     2.733    u_tlp_layer/tracker_inst/remaining_r[1]
                         LUT4 (Prop_LUT4_I2_O)        0.038     2.771 f  u_tlp_layer/tracker_inst/result_last_r_i_11/O
                         net (fo=2, unplaced)         0.233     3.004    u_tlp_layer/tracker_inst/result_last_r_i_11_n_0
                         CARRY8 (Prop_CARRY8_DI[0]_CO[6])
                                                      0.186     3.190 f  u_tlp_layer/tracker_inst/result_context_r_reg[12]_i_55/CO[6]
                         net (fo=1, unplaced)         0.138     3.328    u_tlp_layer/tracker_inst/active_r6
                         LUT4 (Prop_LUT4_I3_O)        0.070     3.398 f  u_tlp_layer/tracker_inst/result_context_r[12]_i_37/O
                         net (fo=2, unplaced)         0.186     3.584    u_tlp_layer/tracker_inst/result_context_r[12]_i_37_n_0
                         LUT5 (Prop_LUT5_I1_O)        0.038     3.622 f  u_tlp_layer/tracker_inst/result_context_r[12]_i_12/O
                         net (fo=3, unplaced)         0.192     3.814    u_tlp_layer/tracker_inst/result_context_r[12]_i_12_n_0
                         LUT6 (Prop_LUT6_I2_O)        0.038     3.852 f  u_tlp_layer/tracker_inst/next_lower_address_r[0][6]_i_3/O
                         net (fo=84, unplaced)        0.267     4.119    u_tlp_layer/tracker_inst/next_lower_address_r[0][6]_i_3_n_0
                         LUT4 (Prop_LUT4_I0_O)        0.038     4.157 r  u_tlp_layer/tracker_inst/next_lower_address_r[1][6]_i_1/O
                         net (fo=8, unplaced)         0.214     4.371    u_tlp_layer/tracker_inst/next_lower_address_r[1][6]_i_1_n_0
                         LUT2 (Prop_LUT2_I1_O)        0.038     4.409 r  u_tlp_layer/tracker_inst/next_lower_address_r[1][4]_i_1/O
                         net (fo=4, unplaced)         0.198     4.607    u_tlp_layer/tracker_inst/next_lower_address_r[1][4]_i_1_n_0
                         FDRE                                         r  u_tlp_layer/tracker_inst/next_lower_address_r_reg[1][3]/R
  -------------------------------------------------------------------    -------------------

                         (clock clk_placeholder rise edge)
                                                      4.000     4.000 r  
                                                      0.000     4.000 r  clk_i (IN)
                         net (fo=8091, unset)         0.021     4.021    u_tlp_layer/tracker_inst/clk_i
                         FDRE                                         r  u_tlp_layer/tracker_inst/next_lower_address_r_reg[1][3]/C
                         clock pessimism              0.000     4.021    
                         clock uncertainty           -0.035     3.986    
                         FDRE (Setup_FDRE_C_R)       -0.074     3.912    u_tlp_layer/tracker_inst/next_lower_address_r_reg[1][3]
  -------------------------------------------------------------------
                         required time                          3.912    
                         arrival time                          -4.607    
  -------------------------------------------------------------------
                         slack                                 -0.695    

Slack (VIOLATED) :        -0.695ns  (required time - arrival time)
  Source:                 u_tlp_layer/parser_inst/header_r_reg[requester_id][11]/C
                            (rising edge-triggered cell FDRE clocked by clk_placeholder  {rise@0.000ns fall@2.000ns period=4.000ns})
  Destination:            u_tlp_layer/tracker_inst/next_lower_address_r_reg[1][3]/R
                            (rising edge-triggered cell FDRE clocked by clk_placeholder  {rise@0.000ns fall@2.000ns period=4.000ns})
  Path Group:             clk_placeholder
  Path Type:              Setup (Max at Slow Process Corner)
  Requirement:            4.000ns  (clk_placeholder rise@4.000ns - clk_placeholder rise@0.000ns)
  Data Path Delay:        4.577ns  (logic 1.213ns (26.502%)  route 3.364ns (73.498%))
  Logic Levels:           16  (CARRY8=1 LUT2=2 LUT4=4 LUT5=2 LUT6=7)
  Clock Path Skew:        -0.009ns (DCD - SCD + CPR)
    Destination Clock Delay (DCD):    0.021ns = ( 4.021 - 4.000 ) 
    Source Clock Delay      (SCD):    0.030ns
    Clock Pessimism Removal (CPR):    0.000ns
  Clock Uncertainty:      0.035ns  ((TSJ^2 + TIJ^2)^1/2 + DJ) / 2 + PE
    Total System Jitter     (TSJ):    0.071ns
    Total Input Jitter      (TIJ):    0.000ns
    Discrete Jitter          (DJ):    0.000ns
    Phase Error              (PE):    0.000ns

    Location             Delay type                Incr(ns)  Path(ns)    Netlist Resource(s)
  -------------------------------------------------------------------    -------------------
                         (clock clk_placeholder rise edge)
                                                      0.000     0.000 r  
                                                      0.000     0.000 r  clk_i (IN)
                         net (fo=8091, unset)         0.030     0.030    u_tlp_layer/parser_inst/clk_i
                         FDRE                                         r  u_tlp_layer/parser_inst/header_r_reg[requester_id][11]/C
  -------------------------------------------------------------------    -------------------
                         FDRE (Prop_FDRE_C_Q)         0.077     0.107 r  u_tlp_layer/parser_inst/header_r_reg[requester_id][11]/Q
                         net (fo=55, unplaced)        0.226     0.333    u_tlp_layer/tracker_inst/completion_header_i[requester_id][11]
                         LUT6 (Prop_LUT6_I0_O)        0.150     0.483 r  u_tlp_layer/tracker_inst/remaining_r[21][8]_i_9/O
                         net (fo=1, unplaced)         0.186     0.669    u_tlp_layer/tracker_inst/remaining_r[21][8]_i_9_n_0
                         LUT6 (Prop_LUT6_I5_O)        0.038     0.707 r  u_tlp_layer/tracker_inst/remaining_r[21][8]_i_3/O
                         net (fo=1, unplaced)         0.141     0.848    u_tlp_layer/tracker_inst/remaining_r[21][8]_i_3_n_0
                         LUT6 (Prop_LUT6_I0_O)        0.100     0.948 f  u_tlp_layer/tracker_inst/remaining_r[21][8]_i_2/O
                         net (fo=15, unplaced)        0.183     1.131    u_tlp_layer/tracker_inst/remaining_r[21][8]_i_2_n_0
                         LUT5 (Prop_LUT5_I1_O)        0.100     1.231 f  u_tlp_layer/tracker_inst/cpl_timeout_valid_o_i_25/O
                         net (fo=1, unplaced)         0.186     1.417    u_tlp_layer/tracker_inst/cpl_timeout_valid_o_i_25_n_0
                         LUT6 (Prop_LUT6_I5_O)        0.038     1.455 f  u_tlp_layer/tracker_inst/cpl_timeout_valid_o_i_8/O
                         net (fo=14, unplaced)        0.227     1.682    u_tlp_layer/tracker_inst/cpl_timeout_valid_o_i_8_n_0
                         LUT2 (Prop_LUT2_I1_O)        0.038     1.720 r  u_tlp_layer/tracker_inst/remaining_r[3][12]_i_6/O
                         net (fo=180, unplaced)       0.285     2.005    u_tlp_layer/tracker_inst/remaining_r[3][12]_i_6_n_0
                         LUT4 (Prop_LUT4_I2_O)        0.038     2.043 f  u_tlp_layer/tracker_inst/remaining_r[0][7]_i_159/O
                         net (fo=1, unplaced)         0.186     2.229    u_tlp_layer/tracker_inst/remaining_r[0][7]_i_159_n_0
                         LUT6 (Prop_LUT6_I1_O)        0.038     2.267 f  u_tlp_layer/tracker_inst/remaining_r[0][7]_i_60/O
                         net (fo=1, unplaced)         0.105     2.372    u_tlp_layer/tracker_inst/remaining_r[0][7]_i_60_n_0
                         LUT6 (Prop_LUT6_I0_O)        0.150     2.522 f  u_tlp_layer/tracker_inst/remaining_r[0][7]_i_13/O
                         net (fo=7, unplaced)         0.211     2.733    u_tlp_layer/tracker_inst/remaining_r[1]
                         LUT4 (Prop_LUT4_I2_O)        0.038     2.771 r  u_tlp_layer/tracker_inst/result_last_r_i_11/O
                         net (fo=2, unplaced)         0.233     3.004    u_tlp_layer/tracker_inst/result_last_r_i_11_n_0
                         CARRY8 (Prop_CARRY8_DI[0]_CO[6])
                                                      0.186     3.190 r  u_tlp_layer/tracker_inst/result_context_r_reg[12]_i_55/CO[6]
                         net (fo=1, unplaced)         0.138     3.328    u_tlp_layer/tracker_inst/active_r6
                         LUT4 (Prop_LUT4_I3_O)        0.070     3.398 r  u_tlp_layer/tracker_inst/result_context_r[12]_i_37/O
                         net (fo=2, unplaced)         0.186     3.584    u_tlp_layer/tracker_inst/result_context_r[12]_i_37_n_0
                         LUT5 (Prop_LUT5_I1_O)        0.038     3.622 r  u_tlp_layer/tracker_inst/result_context_r[12]_i_12/O
                         net (fo=3, unplaced)         0.192     3.814    u_tlp_layer/tracker_inst/result_context_r[12]_i_12_n_0
                         LUT6 (Prop_LUT6_I2_O)        0.038     3.852 r  u_tlp_layer/tracker_inst/next_lower_address_r[0][6]_i_3/O
                         net (fo=84, unplaced)        0.267     4.119    u_tlp_layer/tracker_inst/next_lower_address_r[0][6]_i_3_n_0
                         LUT4 (Prop_LUT4_I0_O)        0.038     4.157 f  u_tlp_layer/tracker_inst/next_lower_address_r[1][6]_i_1/O
                         net (fo=8, unplaced)         0.214     4.371    u_tlp_layer/tracker_inst/next_lower_address_r[1][6]_i_1_n_0
                         LUT2 (Prop_LUT2_I1_O)        0.038     4.409 f  u_tlp_layer/tracker_inst/next_lower_address_r[1][4]_i_1/O
                         net (fo=4, unplaced)         0.198     4.607    u_tlp_layer/tracker_inst/next_lower_address_r[1][4]_i_1_n_0
                         FDRE                                         f  u_tlp_layer/tracker_inst/next_lower_address_r_reg[1][3]/R
  -------------------------------------------------------------------    -------------------

                         (clock clk_placeholder rise edge)
                                                      4.000     4.000 r  
                                                      0.000     4.000 r  clk_i (IN)
                         net (fo=8091, unset)         0.021     4.021    u_tlp_layer/tracker_inst/clk_i
                         FDRE                                         r  u_tlp_layer/tracker_inst/next_lower_address_r_reg[1][3]/C
                         clock pessimism              0.000     4.021    
                         clock uncertainty           -0.035     3.986    
                         FDRE (Setup_FDRE_C_R)       -0.074     3.912    u_tlp_layer/tracker_inst/next_lower_address_r_reg[1][3]
  -------------------------------------------------------------------
                         required time                          3.912    
                         arrival time                          -4.607    
  -------------------------------------------------------------------
                         slack                                 -0.695    

Slack (VIOLATED) :        -0.695ns  (required time - arrival time)
  Source:                 u_tlp_layer/parser_inst/header_r_reg[requester_id][11]/C
                            (rising edge-triggered cell FDRE clocked by clk_placeholder  {rise@0.000ns fall@2.000ns period=4.000ns})
  Destination:            u_tlp_layer/tracker_inst/next_lower_address_r_reg[1][4]/R
                            (rising edge-triggered cell FDRE clocked by clk_placeholder  {rise@0.000ns fall@2.000ns period=4.000ns})
  Path Group:             clk_placeholder
  Path Type:              Setup (Max at Slow Process Corner)
  Requirement:            4.000ns  (clk_placeholder rise@4.000ns - clk_placeholder rise@0.000ns)
  Data Path Delay:        4.577ns  (logic 1.213ns (26.502%)  route 3.364ns (73.498%))
  Logic Levels:           16  (CARRY8=1 LUT2=2 LUT4=4 LUT5=2 LUT6=7)
  Clock Path Skew:        -0.009ns (DCD - SCD + CPR)
    Destination Clock Delay (DCD):    0.021ns = ( 4.021 - 4.000 ) 
    Source Clock Delay      (SCD):    0.030ns
    Clock Pessimism Removal (CPR):    0.000ns
  Clock Uncertainty:      0.035ns  ((TSJ^2 + TIJ^2)^1/2 + DJ) / 2 + PE
    Total System Jitter     (TSJ):    0.071ns
    Total Input Jitter      (TIJ):    0.000ns
    Discrete Jitter          (DJ):    0.000ns
    Phase Error              (PE):    0.000ns

    Location             Delay type                Incr(ns)  Path(ns)    Netlist Resource(s)
  -------------------------------------------------------------------    -------------------
                         (clock clk_placeholder rise edge)
                                                      0.000     0.000 r  
                                                      0.000     0.000 r  clk_i (IN)
                         net (fo=8091, unset)         0.030     0.030    u_tlp_layer/parser_inst/clk_i
                         FDRE                                         r  u_tlp_layer/parser_inst/header_r_reg[requester_id][11]/C
  -------------------------------------------------------------------    -------------------
                         FDRE (Prop_FDRE_C_Q)         0.077     0.107 f  u_tlp_layer/parser_inst/header_r_reg[requester_id][11]/Q
                         net (fo=55, unplaced)        0.226     0.333    u_tlp_layer/tracker_inst/completion_header_i[requester_id][11]
                         LUT6 (Prop_LUT6_I0_O)        0.150     0.483 f  u_tlp_layer/tracker_inst/remaining_r[21][8]_i_9/O
                         net (fo=1, unplaced)         0.186     0.669    u_tlp_layer/tracker_inst/remaining_r[21][8]_i_9_n_0
                         LUT6 (Prop_LUT6_I5_O)        0.038     0.707 f  u_tlp_layer/tracker_inst/remaining_r[21][8]_i_3/O
                         net (fo=1, unplaced)         0.141     0.848    u_tlp_layer/tracker_inst/remaining_r[21][8]_i_3_n_0
                         LUT6 (Prop_LUT6_I0_O)        0.100     0.948 r  u_tlp_layer/tracker_inst/remaining_r[21][8]_i_2/O
                         net (fo=15, unplaced)        0.183     1.131    u_tlp_layer/tracker_inst/remaining_r[21][8]_i_2_n_0
                         LUT5 (Prop_LUT5_I1_O)        0.100     1.231 r  u_tlp_layer/tracker_inst/cpl_timeout_valid_o_i_25/O
                         net (fo=1, unplaced)         0.186     1.417    u_tlp_layer/tracker_inst/cpl_timeout_valid_o_i_25_n_0
                         LUT6 (Prop_LUT6_I5_O)        0.038     1.455 r  u_tlp_layer/tracker_inst/cpl_timeout_valid_o_i_8/O
                         net (fo=14, unplaced)        0.227     1.682    u_tlp_layer/tracker_inst/cpl_timeout_valid_o_i_8_n_0
                         LUT2 (Prop_LUT2_I1_O)        0.038     1.720 f  u_tlp_layer/tracker_inst/remaining_r[3][12]_i_6/O
                         net (fo=180, unplaced)       0.285     2.005    u_tlp_layer/tracker_inst/remaining_r[3][12]_i_6_n_0
                         LUT4 (Prop_LUT4_I2_O)        0.038     2.043 r  u_tlp_layer/tracker_inst/remaining_r[0][7]_i_159/O
                         net (fo=1, unplaced)         0.186     2.229    u_tlp_layer/tracker_inst/remaining_r[0][7]_i_159_n_0
                         LUT6 (Prop_LUT6_I1_O)        0.038     2.267 r  u_tlp_layer/tracker_inst/remaining_r[0][7]_i_60/O
                         net (fo=1, unplaced)         0.105     2.372    u_tlp_layer/tracker_inst/remaining_r[0][7]_i_60_n_0
                         LUT6 (Prop_LUT6_I0_O)        0.150     2.522 r  u_tlp_layer/tracker_inst/remaining_r[0][7]_i_13/O
                         net (fo=7, unplaced)         0.211     2.733    u_tlp_layer/tracker_inst/remaining_r[1]
                         LUT4 (Prop_LUT4_I2_O)        0.038     2.771 f  u_tlp_layer/tracker_inst/result_last_r_i_11/O
                         net (fo=2, unplaced)         0.233     3.004    u_tlp_layer/tracker_inst/result_last_r_i_11_n_0
                         CARRY8 (Prop_CARRY8_DI[0]_CO[6])
                                                      0.186     3.190 f  u_tlp_layer/tracker_inst/result_context_r_reg[12]_i_55/CO[6]
                         net (fo=1, unplaced)         0.138     3.328    u_tlp_layer/tracker_inst/active_r6
                         LUT4 (Prop_LUT4_I3_O)        0.070     3.398 f  u_tlp_layer/tracker_inst/result_context_r[12]_i_37/O
                         net (fo=2, unplaced)         0.186     3.584    u_tlp_layer/tracker_inst/result_context_r[12]_i_37_n_0
                         LUT5 (Prop_LUT5_I1_O)        0.038     3.622 f  u_tlp_layer/tracker_inst/result_context_r[12]_i_12/O
                         net (fo=3, unplaced)         0.192     3.814    u_tlp_layer/tracker_inst/result_context_r[12]_i_12_n_0
                         LUT6 (Prop_LUT6_I2_O)        0.038     3.852 f  u_tlp_layer/tracker_inst/next_lower_address_r[0][6]_i_3/O
                         net (fo=84, unplaced)        0.267     4.119    u_tlp_layer/tracker_inst/next_lower_address_r[0][6]_i_3_n_0
                         LUT4 (Prop_LUT4_I0_O)        0.038     4.157 r  u_tlp_layer/tracker_inst/next_lower_address_r[1][6]_i_1/O
                         net (fo=8, unplaced)         0.214     4.371    u_tlp_layer/tracker_inst/next_lower_address_r[1][6]_i_1_n_0
                         LUT2 (Prop_LUT2_I1_O)        0.038     4.409 r  u_tlp_layer/tracker_inst/next_lower_address_r[1][4]_i_1/O
                         net (fo=4, unplaced)         0.198     4.607    u_tlp_layer/tracker_inst/next_lower_address_r[1][4]_i_1_n_0
                         FDRE                                         r  u_tlp_layer/tracker_inst/next_lower_address_r_reg[1][4]/R
  -------------------------------------------------------------------    -------------------

                         (clock clk_placeholder rise edge)
                                                      4.000     4.000 r  
                                                      0.000     4.000 r  clk_i (IN)
                         net (fo=8091, unset)         0.021     4.021    u_tlp_layer/tracker_inst/clk_i
                         FDRE                                         r  u_tlp_layer/tracker_inst/next_lower_address_r_reg[1][4]/C
                         clock pessimism              0.000     4.021    
                         clock uncertainty           -0.035     3.986    
                         FDRE (Setup_FDRE_C_R)       -0.074     3.912    u_tlp_layer/tracker_inst/next_lower_address_r_reg[1][4]
  -------------------------------------------------------------------
                         required time                          3.912    
                         arrival time                          -4.607    
  -------------------------------------------------------------------
                         slack                                 -0.695    

Slack (VIOLATED) :        -0.695ns  (required time - arrival time)
  Source:                 u_tlp_layer/parser_inst/header_r_reg[requester_id][11]/C
                            (rising edge-triggered cell FDRE clocked by clk_placeholder  {rise@0.000ns fall@2.000ns period=4.000ns})
  Destination:            u_tlp_layer/tracker_inst/next_lower_address_r_reg[1][4]/R
                            (rising edge-triggered cell FDRE clocked by clk_placeholder  {rise@0.000ns fall@2.000ns period=4.000ns})
  Path Group:             clk_placeholder
  Path Type:              Setup (Max at Slow Process Corner)
  Requirement:            4.000ns  (clk_placeholder rise@4.000ns - clk_placeholder rise@0.000ns)
  Data Path Delay:        4.577ns  (logic 1.213ns (26.502%)  route 3.364ns (73.498%))
  Logic Levels:           16  (CARRY8=1 LUT2=2 LUT4=4 LUT5=2 LUT6=7)
  Clock Path Skew:        -0.009ns (DCD - SCD + CPR)
    Destination Clock Delay (DCD):    0.021ns = ( 4.021 - 4.000 ) 
    Source Clock Delay      (SCD):    0.030ns
    Clock Pessimism Removal (CPR):    0.000ns
  Clock Uncertainty:      0.035ns  ((TSJ^2 + TIJ^2)^1/2 + DJ) / 2 + PE
    Total System Jitter     (TSJ):    0.071ns
    Total Input Jitter      (TIJ):    0.000ns
    Discrete Jitter          (DJ):    0.000ns
    Phase Error              (PE):    0.000ns

    Location             Delay type                Incr(ns)  Path(ns)    Netlist Resource(s)
  -------------------------------------------------------------------    -------------------
                         (clock clk_placeholder rise edge)
                                                      0.000     0.000 r  
                                                      0.000     0.000 r  clk_i (IN)
                         net (fo=8091, unset)         0.030     0.030    u_tlp_layer/parser_inst/clk_i
                         FDRE                                         r  u_tlp_layer/parser_inst/header_r_reg[requester_id][11]/C
  -------------------------------------------------------------------    -------------------
                         FDRE (Prop_FDRE_C_Q)         0.077     0.107 r  u_tlp_layer/parser_inst/header_r_reg[requester_id][11]/Q
                         net (fo=55, unplaced)        0.226     0.333    u_tlp_layer/tracker_inst/completion_header_i[requester_id][11]
                         LUT6 (Prop_LUT6_I0_O)        0.150     0.483 r  u_tlp_layer/tracker_inst/remaining_r[21][8]_i_9/O
                         net (fo=1, unplaced)         0.186     0.669    u_tlp_layer/tracker_inst/remaining_r[21][8]_i_9_n_0
                         LUT6 (Prop_LUT6_I5_O)        0.038     0.707 r  u_tlp_layer/tracker_inst/remaining_r[21][8]_i_3/O
                         net (fo=1, unplaced)         0.141     0.848    u_tlp_layer/tracker_inst/remaining_r[21][8]_i_3_n_0
                         LUT6 (Prop_LUT6_I0_O)        0.100     0.948 f  u_tlp_layer/tracker_inst/remaining_r[21][8]_i_2/O
                         net (fo=15, unplaced)        0.183     1.131    u_tlp_layer/tracker_inst/remaining_r[21][8]_i_2_n_0
                         LUT5 (Prop_LUT5_I1_O)        0.100     1.231 f  u_tlp_layer/tracker_inst/cpl_timeout_valid_o_i_25/O
                         net (fo=1, unplaced)         0.186     1.417    u_tlp_layer/tracker_inst/cpl_timeout_valid_o_i_25_n_0
                         LUT6 (Prop_LUT6_I5_O)        0.038     1.455 f  u_tlp_layer/tracker_inst/cpl_timeout_valid_o_i_8/O
                         net (fo=14, unplaced)        0.227     1.682    u_tlp_layer/tracker_inst/cpl_timeout_valid_o_i_8_n_0
                         LUT2 (Prop_LUT2_I1_O)        0.038     1.720 r  u_tlp_layer/tracker_inst/remaining_r[3][12]_i_6/O
                         net (fo=180, unplaced)       0.285     2.005    u_tlp_layer/tracker_inst/remaining_r[3][12]_i_6_n_0
                         LUT4 (Prop_LUT4_I2_O)        0.038     2.043 f  u_tlp_layer/tracker_inst/remaining_r[0][7]_i_159/O
                         net (fo=1, unplaced)         0.186     2.229    u_tlp_layer/tracker_inst/remaining_r[0][7]_i_159_n_0
                         LUT6 (Prop_LUT6_I1_O)        0.038     2.267 f  u_tlp_layer/tracker_inst/remaining_r[0][7]_i_60/O
                         net (fo=1, unplaced)         0.105     2.372    u_tlp_layer/tracker_inst/remaining_r[0][7]_i_60_n_0
                         LUT6 (Prop_LUT6_I0_O)        0.150     2.522 f  u_tlp_layer/tracker_inst/remaining_r[0][7]_i_13/O
                         net (fo=7, unplaced)         0.211     2.733    u_tlp_layer/tracker_inst/remaining_r[1]
                         LUT4 (Prop_LUT4_I2_O)        0.038     2.771 r  u_tlp_layer/tracker_inst/result_last_r_i_11/O
                         net (fo=2, unplaced)         0.233     3.004    u_tlp_layer/tracker_inst/result_last_r_i_11_n_0
                         CARRY8 (Prop_CARRY8_DI[0]_CO[6])
                                                      0.186     3.190 r  u_tlp_layer/tracker_inst/result_context_r_reg[12]_i_55/CO[6]
                         net (fo=1, unplaced)         0.138     3.328    u_tlp_layer/tracker_inst/active_r6
                         LUT4 (Prop_LUT4_I3_O)        0.070     3.398 r  u_tlp_layer/tracker_inst/result_context_r[12]_i_37/O
                         net (fo=2, unplaced)         0.186     3.584    u_tlp_layer/tracker_inst/result_context_r[12]_i_37_n_0
                         LUT5 (Prop_LUT5_I1_O)        0.038     3.622 r  u_tlp_layer/tracker_inst/result_context_r[12]_i_12/O
                         net (fo=3, unplaced)         0.192     3.814    u_tlp_layer/tracker_inst/result_context_r[12]_i_12_n_0
                         LUT6 (Prop_LUT6_I2_O)        0.038     3.852 r  u_tlp_layer/tracker_inst/next_lower_address_r[0][6]_i_3/O
                         net (fo=84, unplaced)        0.267     4.119    u_tlp_layer/tracker_inst/next_lower_address_r[0][6]_i_3_n_0
                         LUT4 (Prop_LUT4_I0_O)        0.038     4.157 f  u_tlp_layer/tracker_inst/next_lower_address_r[1][6]_i_1/O
                         net (fo=8, unplaced)         0.214     4.371    u_tlp_layer/tracker_inst/next_lower_address_r[1][6]_i_1_n_0
                         LUT2 (Prop_LUT2_I1_O)        0.038     4.409 f  u_tlp_layer/tracker_inst/next_lower_address_r[1][4]_i_1/O
                         net (fo=4, unplaced)         0.198     4.607    u_tlp_layer/tracker_inst/next_lower_address_r[1][4]_i_1_n_0
                         FDRE                                         f  u_tlp_layer/tracker_inst/next_lower_address_r_reg[1][4]/R
  -------------------------------------------------------------------    -------------------

                         (clock clk_placeholder rise edge)
                                                      4.000     4.000 r  
                                                      0.000     4.000 r  clk_i (IN)
                         net (fo=8091, unset)         0.021     4.021    u_tlp_layer/tracker_inst/clk_i
                         FDRE                                         r  u_tlp_layer/tracker_inst/next_lower_address_r_reg[1][4]/C
                         clock pessimism              0.000     4.021    
                         clock uncertainty           -0.035     3.986    
                         FDRE (Setup_FDRE_C_R)       -0.074     3.912    u_tlp_layer/tracker_inst/next_lower_address_r_reg[1][4]
  -------------------------------------------------------------------
                         required time                          3.912    
                         arrival time                          -4.607    
  -------------------------------------------------------------------
                         slack                                 -0.695    

Slack (VIOLATED) :        -0.690ns  (required time - arrival time)
  Source:                 u_tlp_layer/parser_inst/header_r_reg[requester_id][11]/C
                            (rising edge-triggered cell FDRE clocked by clk_placeholder  {rise@0.000ns fall@2.000ns period=4.000ns})
  Destination:            u_tlp_layer/tracker_inst/next_lower_address_r_reg[1][0]/R
                            (rising edge-triggered cell FDRE clocked by clk_placeholder  {rise@0.000ns fall@2.000ns period=4.000ns})
  Path Group:             clk_placeholder
  Path Type:              Setup (Max at Slow Process Corner)
  Requirement:            4.000ns  (clk_placeholder rise@4.000ns - clk_placeholder rise@0.000ns)
  Data Path Delay:        4.572ns  (logic 1.255ns (27.450%)  route 3.317ns (72.550%))
  Logic Levels:           16  (CARRY8=1 LUT2=2 LUT4=4 LUT5=1 LUT6=8)
  Clock Path Skew:        -0.009ns (DCD - SCD + CPR)
    Destination Clock Delay (DCD):    0.021ns = ( 4.021 - 4.000 ) 
    Source Clock Delay      (SCD):    0.030ns
    Clock Pessimism Removal (CPR):    0.000ns
  Clock Uncertainty:      0.035ns  ((TSJ^2 + TIJ^2)^1/2 + DJ) / 2 + PE
    Total System Jitter     (TSJ):    0.071ns
    Total Input Jitter      (TIJ):    0.000ns
    Discrete Jitter          (DJ):    0.000ns
    Phase Error              (PE):    0.000ns

    Location             Delay type                Incr(ns)  Path(ns)    Netlist Resource(s)
  -------------------------------------------------------------------    -------------------
                         (clock clk_placeholder rise edge)
                                                      0.000     0.000 r  
                                                      0.000     0.000 r  clk_i (IN)
                         net (fo=8091, unset)         0.030     0.030    u_tlp_layer/parser_inst/clk_i
                         FDRE                                         r  u_tlp_layer/parser_inst/header_r_reg[requester_id][11]/C
  -------------------------------------------------------------------    -------------------
                         FDRE (Prop_FDRE_C_Q)         0.077     0.107 f  u_tlp_layer/parser_inst/header_r_reg[requester_id][11]/Q
                         net (fo=55, unplaced)        0.226     0.333    u_tlp_layer/tracker_inst/completion_header_i[requester_id][11]
                         LUT6 (Prop_LUT6_I0_O)        0.150     0.483 f  u_tlp_layer/tracker_inst/remaining_r[21][8]_i_9/O
                         net (fo=1, unplaced)         0.186     0.669    u_tlp_layer/tracker_inst/remaining_r[21][8]_i_9_n_0
                         LUT6 (Prop_LUT6_I5_O)        0.038     0.707 f  u_tlp_layer/tracker_inst/remaining_r[21][8]_i_3/O
                         net (fo=1, unplaced)         0.141     0.848    u_tlp_layer/tracker_inst/remaining_r[21][8]_i_3_n_0
                         LUT6 (Prop_LUT6_I0_O)        0.100     0.948 r  u_tlp_layer/tracker_inst/remaining_r[21][8]_i_2/O
                         net (fo=15, unplaced)        0.182     1.130    u_tlp_layer/tracker_inst/remaining_r[21][8]_i_2_n_0
                         LUT6 (Prop_LUT6_I3_O)        0.090     1.220 r  u_tlp_layer/tracker_inst/cpl_timeout_valid_o_i_24/O
                         net (fo=1, unplaced)         0.140     1.360    u_tlp_layer/tracker_inst/cpl_timeout_valid_o_i_24_n_0
                         LUT6 (Prop_LUT6_I3_O)        0.090     1.450 r  u_tlp_layer/tracker_inst/cpl_timeout_valid_o_i_8/O
                         net (fo=14, unplaced)        0.227     1.677    u_tlp_layer/tracker_inst/cpl_timeout_valid_o_i_8_n_0
                         LUT2 (Prop_LUT2_I1_O)        0.038     1.715 f  u_tlp_layer/tracker_inst/remaining_r[3][12]_i_6/O
                         net (fo=180, unplaced)       0.285     2.000    u_tlp_layer/tracker_inst/remaining_r[3][12]_i_6_n_0
                         LUT4 (Prop_LUT4_I2_O)        0.038     2.038 r  u_tlp_layer/tracker_inst/remaining_r[0][7]_i_159/O
                         net (fo=1, unplaced)         0.186     2.224    u_tlp_layer/tracker_inst/remaining_r[0][7]_i_159_n_0
                         LUT6 (Prop_LUT6_I1_O)        0.038     2.262 r  u_tlp_layer/tracker_inst/remaining_r[0][7]_i_60/O
                         net (fo=1, unplaced)         0.105     2.367    u_tlp_layer/tracker_inst/remaining_r[0][7]_i_60_n_0
                         LUT6 (Prop_LUT6_I0_O)        0.150     2.517 r  u_tlp_layer/tracker_inst/remaining_r[0][7]_i_13/O
                         net (fo=7, unplaced)         0.211     2.728    u_tlp_layer/tracker_inst/remaining_r[1]
                         LUT4 (Prop_LUT4_I2_O)        0.038     2.766 f  u_tlp_layer/tracker_inst/result_last_r_i_11/O
                         net (fo=2, unplaced)         0.233     2.999    u_tlp_layer/tracker_inst/result_last_r_i_11_n_0
                         CARRY8 (Prop_CARRY8_DI[0]_CO[6])
                                                      0.186     3.185 f  u_tlp_layer/tracker_inst/result_context_r_reg[12]_i_55/CO[6]
                         net (fo=1, unplaced)         0.138     3.323    u_tlp_layer/tracker_inst/active_r6
                         LUT4 (Prop_LUT4_I3_O)        0.070     3.393 f  u_tlp_layer/tracker_inst/result_context_r[12]_i_37/O
                         net (fo=2, unplaced)         0.186     3.579    u_tlp_layer/tracker_inst/result_context_r[12]_i_37_n_0
                         LUT5 (Prop_LUT5_I1_O)        0.038     3.617 f  u_tlp_layer/tracker_inst/result_context_r[12]_i_12/O
                         net (fo=3, unplaced)         0.192     3.809    u_tlp_layer/tracker_inst/result_context_r[12]_i_12_n_0
                         LUT6 (Prop_LUT6_I2_O)        0.038     3.847 f  u_tlp_layer/tracker_inst/next_lower_address_r[0][6]_i_3/O
                         net (fo=84, unplaced)        0.267     4.114    u_tlp_layer/tracker_inst/next_lower_address_r[0][6]_i_3_n_0
                         LUT4 (Prop_LUT4_I0_O)        0.038     4.152 r  u_tlp_layer/tracker_inst/next_lower_address_r[1][6]_i_1/O
                         net (fo=8, unplaced)         0.214     4.366    u_tlp_layer/tracker_inst/next_lower_address_r[1][6]_i_1_n_0
                         LUT2 (Prop_LUT2_I1_O)        0.038     4.404 r  u_tlp_layer/tracker_inst/next_lower_address_r[1][4]_i_1/O
                         net (fo=4, unplaced)         0.198     4.602    u_tlp_layer/tracker_inst/next_lower_address_r[1][4]_i_1_n_0
                         FDRE                                         r  u_tlp_layer/tracker_inst/next_lower_address_r_reg[1][0]/R
  -------------------------------------------------------------------    -------------------

                         (clock clk_placeholder rise edge)
                                                      4.000     4.000 r  
                                                      0.000     4.000 r  clk_i (IN)
                         net (fo=8091, unset)         0.021     4.021    u_tlp_layer/tracker_inst/clk_i
                         FDRE                                         r  u_tlp_layer/tracker_inst/next_lower_address_r_reg[1][0]/C
                         clock pessimism              0.000     4.021    
                         clock uncertainty           -0.035     3.986    
                         FDRE (Setup_FDRE_C_R)       -0.074     3.912    u_tlp_layer/tracker_inst/next_lower_address_r_reg[1][0]
  -------------------------------------------------------------------
                         required time                          3.912    
                         arrival time                          -4.602    
  -------------------------------------------------------------------
                         slack                                 -0.690    

Slack (VIOLATED) :        -0.690ns  (required time - arrival time)
  Source:                 u_tlp_layer/parser_inst/header_r_reg[requester_id][11]/C
                            (rising edge-triggered cell FDRE clocked by clk_placeholder  {rise@0.000ns fall@2.000ns period=4.000ns})
  Destination:            u_tlp_layer/tracker_inst/next_lower_address_r_reg[1][0]/R
                            (rising edge-triggered cell FDRE clocked by clk_placeholder  {rise@0.000ns fall@2.000ns period=4.000ns})
  Path Group:             clk_placeholder
  Path Type:              Setup (Max at Slow Process Corner)
  Requirement:            4.000ns  (clk_placeholder rise@4.000ns - clk_placeholder rise@0.000ns)
  Data Path Delay:        4.572ns  (logic 1.255ns (27.450%)  route 3.317ns (72.550%))
  Logic Levels:           16  (CARRY8=1 LUT2=2 LUT4=4 LUT5=1 LUT6=8)
  Clock Path Skew:        -0.009ns (DCD - SCD + CPR)
    Destination Clock Delay (DCD):    0.021ns = ( 4.021 - 4.000 ) 
    Source Clock Delay      (SCD):    0.030ns
    Clock Pessimism Removal (CPR):    0.000ns
  Clock Uncertainty:      0.035ns  ((TSJ^2 + TIJ^2)^1/2 + DJ) / 2 + PE
    Total System Jitter     (TSJ):    0.071ns
    Total Input Jitter      (TIJ):    0.000ns
    Discrete Jitter          (DJ):    0.000ns
    Phase Error              (PE):    0.000ns

    Location             Delay type                Incr(ns)  Path(ns)    Netlist Resource(s)
  -------------------------------------------------------------------    -------------------
                         (clock clk_placeholder rise edge)
                                                      0.000     0.000 r  
                                                      0.000     0.000 r  clk_i (IN)
                         net (fo=8091, unset)         0.030     0.030    u_tlp_layer/parser_inst/clk_i
                         FDRE                                         r  u_tlp_layer/parser_inst/header_r_reg[requester_id][11]/C
  -------------------------------------------------------------------    -------------------
                         FDRE (Prop_FDRE_C_Q)         0.077     0.107 r  u_tlp_layer/parser_inst/header_r_reg[requester_id][11]/Q
                         net (fo=55, unplaced)        0.226     0.333    u_tlp_layer/tracker_inst/completion_header_i[requester_id][11]
                         LUT6 (Prop_LUT6_I0_O)        0.150     0.483 r  u_tlp_layer/tracker_inst/remaining_r[21][8]_i_9/O
                         net (fo=1, unplaced)         0.186     0.669    u_tlp_layer/tracker_inst/remaining_r[21][8]_i_9_n_0
                         LUT6 (Prop_LUT6_I5_O)        0.038     0.707 r  u_tlp_layer/tracker_inst/remaining_r[21][8]_i_3/O
                         net (fo=1, unplaced)         0.141     0.848    u_tlp_layer/tracker_inst/remaining_r[21][8]_i_3_n_0
                         LUT6 (Prop_LUT6_I0_O)        0.100     0.948 f  u_tlp_layer/tracker_inst/remaining_r[21][8]_i_2/O
                         net (fo=15, unplaced)        0.182     1.130    u_tlp_layer/tracker_inst/remaining_r[21][8]_i_2_n_0
                         LUT6 (Prop_LUT6_I3_O)        0.090     1.220 f  u_tlp_layer/tracker_inst/cpl_timeout_valid_o_i_24/O
                         net (fo=1, unplaced)         0.140     1.360    u_tlp_layer/tracker_inst/cpl_timeout_valid_o_i_24_n_0
                         LUT6 (Prop_LUT6_I3_O)        0.090     1.450 r  u_tlp_layer/tracker_inst/cpl_timeout_valid_o_i_8/O
                         net (fo=14, unplaced)        0.227     1.677    u_tlp_layer/tracker_inst/cpl_timeout_valid_o_i_8_n_0
                         LUT2 (Prop_LUT2_I1_O)        0.038     1.715 f  u_tlp_layer/tracker_inst/remaining_r[3][12]_i_6/O
                         net (fo=180, unplaced)       0.285     2.000    u_tlp_layer/tracker_inst/remaining_r[3][12]_i_6_n_0
                         LUT4 (Prop_LUT4_I2_O)        0.038     2.038 r  u_tlp_layer/tracker_inst/remaining_r[0][7]_i_159/O
                         net (fo=1, unplaced)         0.186     2.224    u_tlp_layer/tracker_inst/remaining_r[0][7]_i_159_n_0
                         LUT6 (Prop_LUT6_I1_O)        0.038     2.262 r  u_tlp_layer/tracker_inst/remaining_r[0][7]_i_60/O
                         net (fo=1, unplaced)         0.105     2.367    u_tlp_layer/tracker_inst/remaining_r[0][7]_i_60_n_0
                         LUT6 (Prop_LUT6_I0_O)        0.150     2.517 r  u_tlp_layer/tracker_inst/remaining_r[0][7]_i_13/O
                         net (fo=7, unplaced)         0.211     2.728    u_tlp_layer/tracker_inst/remaining_r[1]
                         LUT4 (Prop_LUT4_I2_O)        0.038     2.766 f  u_tlp_layer/tracker_inst/result_last_r_i_11/O
                         net (fo=2, unplaced)         0.233     2.999    u_tlp_layer/tracker_inst/result_last_r_i_11_n_0
                         CARRY8 (Prop_CARRY8_DI[0]_CO[6])
                                                      0.186     3.185 f  u_tlp_layer/tracker_inst/result_context_r_reg[12]_i_55/CO[6]
                         net (fo=1, unplaced)         0.138     3.323    u_tlp_layer/tracker_inst/active_r6
                         LUT4 (Prop_LUT4_I3_O)        0.070     3.393 f  u_tlp_layer/tracker_inst/result_context_r[12]_i_37/O
                         net (fo=2, unplaced)         0.186     3.579    u_tlp_layer/tracker_inst/result_context_r[12]_i_37_n_0
                         LUT5 (Prop_LUT5_I1_O)        0.038     3.617 f  u_tlp_layer/tracker_inst/result_context_r[12]_i_12/O
                         net (fo=3, unplaced)         0.192     3.809    u_tlp_layer/tracker_inst/result_context_r[12]_i_12_n_0
                         LUT6 (Prop_LUT6_I2_O)        0.038     3.847 f  u_tlp_layer/tracker_inst/next_lower_address_r[0][6]_i_3/O
                         net (fo=84, unplaced)        0.267     4.114    u_tlp_layer/tracker_inst/next_lower_address_r[0][6]_i_3_n_0
                         LUT4 (Prop_LUT4_I0_O)        0.038     4.152 r  u_tlp_layer/tracker_inst/next_lower_address_r[1][6]_i_1/O
                         net (fo=8, unplaced)         0.214     4.366    u_tlp_layer/tracker_inst/next_lower_address_r[1][6]_i_1_n_0
                         LUT2 (Prop_LUT2_I1_O)        0.038     4.404 r  u_tlp_layer/tracker_inst/next_lower_address_r[1][4]_i_1/O
                         net (fo=4, unplaced)         0.198     4.602    u_tlp_layer/tracker_inst/next_lower_address_r[1][4]_i_1_n_0
                         FDRE                                         r  u_tlp_layer/tracker_inst/next_lower_address_r_reg[1][0]/R
  -------------------------------------------------------------------    -------------------

                         (clock clk_placeholder rise edge)
                                                      4.000     4.000 r  
                                                      0.000     4.000 r  clk_i (IN)
                         net (fo=8091, unset)         0.021     4.021    u_tlp_layer/tracker_inst/clk_i
                         FDRE                                         r  u_tlp_layer/tracker_inst/next_lower_address_r_reg[1][0]/C
                         clock pessimism              0.000     4.021    
                         clock uncertainty           -0.035     3.986    
                         FDRE (Setup_FDRE_C_R)       -0.074     3.912    u_tlp_layer/tracker_inst/next_lower_address_r_reg[1][0]
  -------------------------------------------------------------------
                         required time                          3.912    
                         arrival time                          -4.602    
  -------------------------------------------------------------------
                         slack                                 -0.690    

Slack (VIOLATED) :        -0.690ns  (required time - arrival time)
  Source:                 u_tlp_layer/parser_inst/header_r_reg[requester_id][11]/C
                            (rising edge-triggered cell FDRE clocked by clk_placeholder  {rise@0.000ns fall@2.000ns period=4.000ns})
  Destination:            u_tlp_layer/tracker_inst/next_lower_address_r_reg[1][0]/R
                            (rising edge-triggered cell FDRE clocked by clk_placeholder  {rise@0.000ns fall@2.000ns period=4.000ns})
  Path Group:             clk_placeholder
  Path Type:              Setup (Max at Slow Process Corner)
  Requirement:            4.000ns  (clk_placeholder rise@4.000ns - clk_placeholder rise@0.000ns)
  Data Path Delay:        4.572ns  (logic 1.255ns (27.450%)  route 3.317ns (72.550%))
  Logic Levels:           16  (CARRY8=1 LUT2=2 LUT4=4 LUT5=1 LUT6=8)
  Clock Path Skew:        -0.009ns (DCD - SCD + CPR)
    Destination Clock Delay (DCD):    0.021ns = ( 4.021 - 4.000 ) 
    Source Clock Delay      (SCD):    0.030ns
    Clock Pessimism Removal (CPR):    0.000ns
  Clock Uncertainty:      0.035ns  ((TSJ^2 + TIJ^2)^1/2 + DJ) / 2 + PE
    Total System Jitter     (TSJ):    0.071ns
    Total Input Jitter      (TIJ):    0.000ns
    Discrete Jitter          (DJ):    0.000ns
    Phase Error              (PE):    0.000ns

    Location             Delay type                Incr(ns)  Path(ns)    Netlist Resource(s)
  -------------------------------------------------------------------    -------------------
                         (clock clk_placeholder rise edge)
                                                      0.000     0.000 r  
                                                      0.000     0.000 r  clk_i (IN)
                         net (fo=8091, unset)         0.030     0.030    u_tlp_layer/parser_inst/clk_i
                         FDRE                                         r  u_tlp_layer/parser_inst/header_r_reg[requester_id][11]/C
  -------------------------------------------------------------------    -------------------
                         FDRE (Prop_FDRE_C_Q)         0.077     0.107 f  u_tlp_layer/parser_inst/header_r_reg[requester_id][11]/Q
                         net (fo=55, unplaced)        0.226     0.333    u_tlp_layer/tracker_inst/completion_header_i[requester_id][11]
                         LUT6 (Prop_LUT6_I0_O)        0.150     0.483 f  u_tlp_layer/tracker_inst/remaining_r[21][8]_i_9/O
                         net (fo=1, unplaced)         0.186     0.669    u_tlp_layer/tracker_inst/remaining_r[21][8]_i_9_n_0
                         LUT6 (Prop_LUT6_I5_O)        0.038     0.707 f  u_tlp_layer/tracker_inst/remaining_r[21][8]_i_3/O
                         net (fo=1, unplaced)         0.141     0.848    u_tlp_layer/tracker_inst/remaining_r[21][8]_i_3_n_0
                         LUT6 (Prop_LUT6_I0_O)        0.100     0.948 r  u_tlp_layer/tracker_inst/remaining_r[21][8]_i_2/O
                         net (fo=15, unplaced)        0.182     1.130    u_tlp_layer/tracker_inst/remaining_r[21][8]_i_2_n_0
                         LUT6 (Prop_LUT6_I3_O)        0.090     1.220 r  u_tlp_layer/tracker_inst/cpl_timeout_valid_o_i_24/O
                         net (fo=1, unplaced)         0.140     1.360    u_tlp_layer/tracker_inst/cpl_timeout_valid_o_i_24_n_0
                         LUT6 (Prop_LUT6_I3_O)        0.090     1.450 f  u_tlp_layer/tracker_inst/cpl_timeout_valid_o_i_8/O
                         net (fo=14, unplaced)        0.227     1.677    u_tlp_layer/tracker_inst/cpl_timeout_valid_o_i_8_n_0
                         LUT2 (Prop_LUT2_I1_O)        0.038     1.715 r  u_tlp_layer/tracker_inst/remaining_r[3][12]_i_6/O
                         net (fo=180, unplaced)       0.285     2.000    u_tlp_layer/tracker_inst/remaining_r[3][12]_i_6_n_0
                         LUT4 (Prop_LUT4_I2_O)        0.038     2.038 f  u_tlp_layer/tracker_inst/remaining_r[0][7]_i_159/O
                         net (fo=1, unplaced)         0.186     2.224    u_tlp_layer/tracker_inst/remaining_r[0][7]_i_159_n_0
                         LUT6 (Prop_LUT6_I1_O)        0.038     2.262 f  u_tlp_layer/tracker_inst/remaining_r[0][7]_i_60/O
                         net (fo=1, unplaced)         0.105     2.367    u_tlp_layer/tracker_inst/remaining_r[0][7]_i_60_n_0
                         LUT6 (Prop_LUT6_I0_O)        0.150     2.517 f  u_tlp_layer/tracker_inst/remaining_r[0][7]_i_13/O
                         net (fo=7, unplaced)         0.211     2.728    u_tlp_layer/tracker_inst/remaining_r[1]
                         LUT4 (Prop_LUT4_I2_O)        0.038     2.766 r  u_tlp_layer/tracker_inst/result_last_r_i_11/O
                         net (fo=2, unplaced)         0.233     2.999    u_tlp_layer/tracker_inst/result_last_r_i_11_n_0
                         CARRY8 (Prop_CARRY8_DI[0]_CO[6])
                                                      0.186     3.185 r  u_tlp_layer/tracker_inst/result_context_r_reg[12]_i_55/CO[6]
                         net (fo=1, unplaced)         0.138     3.323    u_tlp_layer/tracker_inst/active_r6
                         LUT4 (Prop_LUT4_I3_O)        0.070     3.393 r  u_tlp_layer/tracker_inst/result_context_r[12]_i_37/O
                         net (fo=2, unplaced)         0.186     3.579    u_tlp_layer/tracker_inst/result_context_r[12]_i_37_n_0
                         LUT5 (Prop_LUT5_I1_O)        0.038     3.617 r  u_tlp_layer/tracker_inst/result_context_r[12]_i_12/O
                         net (fo=3, unplaced)         0.192     3.809    u_tlp_layer/tracker_inst/result_context_r[12]_i_12_n_0
                         LUT6 (Prop_LUT6_I2_O)        0.038     3.847 r  u_tlp_layer/tracker_inst/next_lower_address_r[0][6]_i_3/O
                         net (fo=84, unplaced)        0.267     4.114    u_tlp_layer/tracker_inst/next_lower_address_r[0][6]_i_3_n_0
                         LUT4 (Prop_LUT4_I0_O)        0.038     4.152 f  u_tlp_layer/tracker_inst/next_lower_address_r[1][6]_i_1/O
                         net (fo=8, unplaced)         0.214     4.366    u_tlp_layer/tracker_inst/next_lower_address_r[1][6]_i_1_n_0
                         LUT2 (Prop_LUT2_I1_O)        0.038     4.404 f  u_tlp_layer/tracker_inst/next_lower_address_r[1][4]_i_1/O
                         net (fo=4, unplaced)         0.198     4.602    u_tlp_layer/tracker_inst/next_lower_address_r[1][4]_i_1_n_0
                         FDRE                                         f  u_tlp_layer/tracker_inst/next_lower_address_r_reg[1][0]/R
  -------------------------------------------------------------------    -------------------

                         (clock clk_placeholder rise edge)
                                                      4.000     4.000 r  
                                                      0.000     4.000 r  clk_i (IN)
                         net (fo=8091, unset)         0.021     4.021    u_tlp_layer/tracker_inst/clk_i
                         FDRE                                         r  u_tlp_layer/tracker_inst/next_lower_address_r_reg[1][0]/C
                         clock pessimism              0.000     4.021    
                         clock uncertainty           -0.035     3.986    
                         FDRE (Setup_FDRE_C_R)       -0.074     3.912    u_tlp_layer/tracker_inst/next_lower_address_r_reg[1][0]
  -------------------------------------------------------------------
                         required time                          3.912    
                         arrival time                          -4.602    
  -------------------------------------------------------------------
                         slack                                 -0.690    

Slack (VIOLATED) :        -0.690ns  (required time - arrival time)
  Source:                 u_tlp_layer/parser_inst/header_r_reg[requester_id][11]/C
                            (rising edge-triggered cell FDRE clocked by clk_placeholder  {rise@0.000ns fall@2.000ns period=4.000ns})
  Destination:            u_tlp_layer/tracker_inst/next_lower_address_r_reg[1][0]/R
                            (rising edge-triggered cell FDRE clocked by clk_placeholder  {rise@0.000ns fall@2.000ns period=4.000ns})
  Path Group:             clk_placeholder
  Path Type:              Setup (Max at Slow Process Corner)
  Requirement:            4.000ns  (clk_placeholder rise@4.000ns - clk_placeholder rise@0.000ns)
  Data Path Delay:        4.572ns  (logic 1.255ns (27.450%)  route 3.317ns (72.550%))
  Logic Levels:           16  (CARRY8=1 LUT2=2 LUT4=4 LUT5=1 LUT6=8)
  Clock Path Skew:        -0.009ns (DCD - SCD + CPR)
    Destination Clock Delay (DCD):    0.021ns = ( 4.021 - 4.000 ) 
    Source Clock Delay      (SCD):    0.030ns
    Clock Pessimism Removal (CPR):    0.000ns
  Clock Uncertainty:      0.035ns  ((TSJ^2 + TIJ^2)^1/2 + DJ) / 2 + PE
    Total System Jitter     (TSJ):    0.071ns
    Total Input Jitter      (TIJ):    0.000ns
    Discrete Jitter          (DJ):    0.000ns
    Phase Error              (PE):    0.000ns

    Location             Delay type                Incr(ns)  Path(ns)    Netlist Resource(s)
  -------------------------------------------------------------------    -------------------
                         (clock clk_placeholder rise edge)
                                                      0.000     0.000 r  
                                                      0.000     0.000 r  clk_i (IN)
                         net (fo=8091, unset)         0.030     0.030    u_tlp_layer/parser_inst/clk_i
                         FDRE                                         r  u_tlp_layer/parser_inst/header_r_reg[requester_id][11]/C
  -------------------------------------------------------------------    -------------------
                         FDRE (Prop_FDRE_C_Q)         0.077     0.107 r  u_tlp_layer/parser_inst/header_r_reg[requester_id][11]/Q
                         net (fo=55, unplaced)        0.226     0.333    u_tlp_layer/tracker_inst/completion_header_i[requester_id][11]
                         LUT6 (Prop_LUT6_I0_O)        0.150     0.483 r  u_tlp_layer/tracker_inst/remaining_r[21][8]_i_9/O
                         net (fo=1, unplaced)         0.186     0.669    u_tlp_layer/tracker_inst/remaining_r[21][8]_i_9_n_0
                         LUT6 (Prop_LUT6_I5_O)        0.038     0.707 r  u_tlp_layer/tracker_inst/remaining_r[21][8]_i_3/O
                         net (fo=1, unplaced)         0.141     0.848    u_tlp_layer/tracker_inst/remaining_r[21][8]_i_3_n_0
                         LUT6 (Prop_LUT6_I0_O)        0.100     0.948 f  u_tlp_layer/tracker_inst/remaining_r[21][8]_i_2/O
                         net (fo=15, unplaced)        0.182     1.130    u_tlp_layer/tracker_inst/remaining_r[21][8]_i_2_n_0
                         LUT6 (Prop_LUT6_I3_O)        0.090     1.220 f  u_tlp_layer/tracker_inst/cpl_timeout_valid_o_i_24/O
                         net (fo=1, unplaced)         0.140     1.360    u_tlp_layer/tracker_inst/cpl_timeout_valid_o_i_24_n_0
                         LUT6 (Prop_LUT6_I3_O)        0.090     1.450 f  u_tlp_layer/tracker_inst/cpl_timeout_valid_o_i_8/O
                         net (fo=14, unplaced)        0.227     1.677    u_tlp_layer/tracker_inst/cpl_timeout_valid_o_i_8_n_0
                         LUT2 (Prop_LUT2_I1_O)        0.038     1.715 r  u_tlp_layer/tracker_inst/remaining_r[3][12]_i_6/O
                         net (fo=180, unplaced)       0.285     2.000    u_tlp_layer/tracker_inst/remaining_r[3][12]_i_6_n_0
                         LUT4 (Prop_LUT4_I2_O)        0.038     2.038 f  u_tlp_layer/tracker_inst/remaining_r[0][7]_i_159/O
                         net (fo=1, unplaced)         0.186     2.224    u_tlp_layer/tracker_inst/remaining_r[0][7]_i_159_n_0
                         LUT6 (Prop_LUT6_I1_O)        0.038     2.262 f  u_tlp_layer/tracker_inst/remaining_r[0][7]_i_60/O
                         net (fo=1, unplaced)         0.105     2.367    u_tlp_layer/tracker_inst/remaining_r[0][7]_i_60_n_0
                         LUT6 (Prop_LUT6_I0_O)        0.150     2.517 f  u_tlp_layer/tracker_inst/remaining_r[0][7]_i_13/O
                         net (fo=7, unplaced)         0.211     2.728    u_tlp_layer/tracker_inst/remaining_r[1]
                         LUT4 (Prop_LUT4_I2_O)        0.038     2.766 r  u_tlp_layer/tracker_inst/result_last_r_i_11/O
                         net (fo=2, unplaced)         0.233     2.999    u_tlp_layer/tracker_inst/result_last_r_i_11_n_0
                         CARRY8 (Prop_CARRY8_DI[0]_CO[6])
                                                      0.186     3.185 r  u_tlp_layer/tracker_inst/result_context_r_reg[12]_i_55/CO[6]
                         net (fo=1, unplaced)         0.138     3.323    u_tlp_layer/tracker_inst/active_r6
                         LUT4 (Prop_LUT4_I3_O)        0.070     3.393 r  u_tlp_layer/tracker_inst/result_context_r[12]_i_37/O
                         net (fo=2, unplaced)         0.186     3.579    u_tlp_layer/tracker_inst/result_context_r[12]_i_37_n_0
                         LUT5 (Prop_LUT5_I1_O)        0.038     3.617 r  u_tlp_layer/tracker_inst/result_context_r[12]_i_12/O
                         net (fo=3, unplaced)         0.192     3.809    u_tlp_layer/tracker_inst/result_context_r[12]_i_12_n_0
                         LUT6 (Prop_LUT6_I2_O)        0.038     3.847 r  u_tlp_layer/tracker_inst/next_lower_address_r[0][6]_i_3/O
                         net (fo=84, unplaced)        0.267     4.114    u_tlp_layer/tracker_inst/next_lower_address_r[0][6]_i_3_n_0
                         LUT4 (Prop_LUT4_I0_O)        0.038     4.152 f  u_tlp_layer/tracker_inst/next_lower_address_r[1][6]_i_1/O
                         net (fo=8, unplaced)         0.214     4.366    u_tlp_layer/tracker_inst/next_lower_address_r[1][6]_i_1_n_0
                         LUT2 (Prop_LUT2_I1_O)        0.038     4.404 f  u_tlp_layer/tracker_inst/next_lower_address_r[1][4]_i_1/O
                         net (fo=4, unplaced)         0.198     4.602    u_tlp_layer/tracker_inst/next_lower_address_r[1][4]_i_1_n_0
                         FDRE                                         f  u_tlp_layer/tracker_inst/next_lower_address_r_reg[1][0]/R
  -------------------------------------------------------------------    -------------------

                         (clock clk_placeholder rise edge)
                                                      4.000     4.000 r  
                                                      0.000     4.000 r  clk_i (IN)
                         net (fo=8091, unset)         0.021     4.021    u_tlp_layer/tracker_inst/clk_i
                         FDRE                                         r  u_tlp_layer/tracker_inst/next_lower_address_r_reg[1][0]/C
                         clock pessimism              0.000     4.021    
                         clock uncertainty           -0.035     3.986    
                         FDRE (Setup_FDRE_C_R)       -0.074     3.912    u_tlp_layer/tracker_inst/next_lower_address_r_reg[1][0]
  -------------------------------------------------------------------
                         required time                          3.912    
                         arrival time                          -4.602    
  -------------------------------------------------------------------
                         slack                                 -0.690    

Slack (VIOLATED) :        -0.690ns  (required time - arrival time)
  Source:                 u_tlp_layer/parser_inst/header_r_reg[requester_id][11]/C
                            (rising edge-triggered cell FDRE clocked by clk_placeholder  {rise@0.000ns fall@2.000ns period=4.000ns})
  Destination:            u_tlp_layer/tracker_inst/next_lower_address_r_reg[1][1]/R
                            (rising edge-triggered cell FDRE clocked by clk_placeholder  {rise@0.000ns fall@2.000ns period=4.000ns})
  Path Group:             clk_placeholder
  Path Type:              Setup (Max at Slow Process Corner)
  Requirement:            4.000ns  (clk_placeholder rise@4.000ns - clk_placeholder rise@0.000ns)
  Data Path Delay:        4.572ns  (logic 1.255ns (27.450%)  route 3.317ns (72.550%))
  Logic Levels:           16  (CARRY8=1 LUT2=2 LUT4=4 LUT5=1 LUT6=8)
  Clock Path Skew:        -0.009ns (DCD - SCD + CPR)
    Destination Clock Delay (DCD):    0.021ns = ( 4.021 - 4.000 ) 
    Source Clock Delay      (SCD):    0.030ns
    Clock Pessimism Removal (CPR):    0.000ns
  Clock Uncertainty:      0.035ns  ((TSJ^2 + TIJ^2)^1/2 + DJ) / 2 + PE
    Total System Jitter     (TSJ):    0.071ns
    Total Input Jitter      (TIJ):    0.000ns
    Discrete Jitter          (DJ):    0.000ns
    Phase Error              (PE):    0.000ns

    Location             Delay type                Incr(ns)  Path(ns)    Netlist Resource(s)
  -------------------------------------------------------------------    -------------------
                         (clock clk_placeholder rise edge)
                                                      0.000     0.000 r  
                                                      0.000     0.000 r  clk_i (IN)
                         net (fo=8091, unset)         0.030     0.030    u_tlp_layer/parser_inst/clk_i
                         FDRE                                         r  u_tlp_layer/parser_inst/header_r_reg[requester_id][11]/C
  -------------------------------------------------------------------    -------------------
                         FDRE (Prop_FDRE_C_Q)         0.077     0.107 f  u_tlp_layer/parser_inst/header_r_reg[requester_id][11]/Q
                         net (fo=55, unplaced)        0.226     0.333    u_tlp_layer/tracker_inst/completion_header_i[requester_id][11]
                         LUT6 (Prop_LUT6_I0_O)        0.150     0.483 f  u_tlp_layer/tracker_inst/remaining_r[21][8]_i_9/O
                         net (fo=1, unplaced)         0.186     0.669    u_tlp_layer/tracker_inst/remaining_r[21][8]_i_9_n_0
                         LUT6 (Prop_LUT6_I5_O)        0.038     0.707 f  u_tlp_layer/tracker_inst/remaining_r[21][8]_i_3/O
                         net (fo=1, unplaced)         0.141     0.848    u_tlp_layer/tracker_inst/remaining_r[21][8]_i_3_n_0
                         LUT6 (Prop_LUT6_I0_O)        0.100     0.948 r  u_tlp_layer/tracker_inst/remaining_r[21][8]_i_2/O
                         net (fo=15, unplaced)        0.182     1.130    u_tlp_layer/tracker_inst/remaining_r[21][8]_i_2_n_0
                         LUT6 (Prop_LUT6_I3_O)        0.090     1.220 r  u_tlp_layer/tracker_inst/cpl_timeout_valid_o_i_24/O
                         net (fo=1, unplaced)         0.140     1.360    u_tlp_layer/tracker_inst/cpl_timeout_valid_o_i_24_n_0
                         LUT6 (Prop_LUT6_I3_O)        0.090     1.450 r  u_tlp_layer/tracker_inst/cpl_timeout_valid_o_i_8/O
                         net (fo=14, unplaced)        0.227     1.677    u_tlp_layer/tracker_inst/cpl_timeout_valid_o_i_8_n_0
                         LUT2 (Prop_LUT2_I1_O)        0.038     1.715 f  u_tlp_layer/tracker_inst/remaining_r[3][12]_i_6/O
                         net (fo=180, unplaced)       0.285     2.000    u_tlp_layer/tracker_inst/remaining_r[3][12]_i_6_n_0
                         LUT4 (Prop_LUT4_I2_O)        0.038     2.038 r  u_tlp_layer/tracker_inst/remaining_r[0][7]_i_159/O
                         net (fo=1, unplaced)         0.186     2.224    u_tlp_layer/tracker_inst/remaining_r[0][7]_i_159_n_0
                         LUT6 (Prop_LUT6_I1_O)        0.038     2.262 r  u_tlp_layer/tracker_inst/remaining_r[0][7]_i_60/O
                         net (fo=1, unplaced)         0.105     2.367    u_tlp_layer/tracker_inst/remaining_r[0][7]_i_60_n_0
                         LUT6 (Prop_LUT6_I0_O)        0.150     2.517 r  u_tlp_layer/tracker_inst/remaining_r[0][7]_i_13/O
                         net (fo=7, unplaced)         0.211     2.728    u_tlp_layer/tracker_inst/remaining_r[1]
                         LUT4 (Prop_LUT4_I2_O)        0.038     2.766 f  u_tlp_layer/tracker_inst/result_last_r_i_11/O
                         net (fo=2, unplaced)         0.233     2.999    u_tlp_layer/tracker_inst/result_last_r_i_11_n_0
                         CARRY8 (Prop_CARRY8_DI[0]_CO[6])
                                                      0.186     3.185 f  u_tlp_layer/tracker_inst/result_context_r_reg[12]_i_55/CO[6]
                         net (fo=1, unplaced)         0.138     3.323    u_tlp_layer/tracker_inst/active_r6
                         LUT4 (Prop_LUT4_I3_O)        0.070     3.393 f  u_tlp_layer/tracker_inst/result_context_r[12]_i_37/O
                         net (fo=2, unplaced)         0.186     3.579    u_tlp_layer/tracker_inst/result_context_r[12]_i_37_n_0
                         LUT5 (Prop_LUT5_I1_O)        0.038     3.617 f  u_tlp_layer/tracker_inst/result_context_r[12]_i_12/O
                         net (fo=3, unplaced)         0.192     3.809    u_tlp_layer/tracker_inst/result_context_r[12]_i_12_n_0
                         LUT6 (Prop_LUT6_I2_O)        0.038     3.847 f  u_tlp_layer/tracker_inst/next_lower_address_r[0][6]_i_3/O
                         net (fo=84, unplaced)        0.267     4.114    u_tlp_layer/tracker_inst/next_lower_address_r[0][6]_i_3_n_0
                         LUT4 (Prop_LUT4_I0_O)        0.038     4.152 r  u_tlp_layer/tracker_inst/next_lower_address_r[1][6]_i_1/O
                         net (fo=8, unplaced)         0.214     4.366    u_tlp_layer/tracker_inst/next_lower_address_r[1][6]_i_1_n_0
                         LUT2 (Prop_LUT2_I1_O)        0.038     4.404 r  u_tlp_layer/tracker_inst/next_lower_address_r[1][4]_i_1/O
                         net (fo=4, unplaced)         0.198     4.602    u_tlp_layer/tracker_inst/next_lower_address_r[1][4]_i_1_n_0
                         FDRE                                         r  u_tlp_layer/tracker_inst/next_lower_address_r_reg[1][1]/R
  -------------------------------------------------------------------    -------------------

                         (clock clk_placeholder rise edge)
                                                      4.000     4.000 r  
                                                      0.000     4.000 r  clk_i (IN)
                         net (fo=8091, unset)         0.021     4.021    u_tlp_layer/tracker_inst/clk_i
                         FDRE                                         r  u_tlp_layer/tracker_inst/next_lower_address_r_reg[1][1]/C
                         clock pessimism              0.000     4.021    
                         clock uncertainty           -0.035     3.986    
                         FDRE (Setup_FDRE_C_R)       -0.074     3.912    u_tlp_layer/tracker_inst/next_lower_address_r_reg[1][1]
  -------------------------------------------------------------------
                         required time                          3.912    
                         arrival time                          -4.602    
  -------------------------------------------------------------------
                         slack                                 -0.690    

Slack (VIOLATED) :        -0.690ns  (required time - arrival time)
  Source:                 u_tlp_layer/parser_inst/header_r_reg[requester_id][11]/C
                            (rising edge-triggered cell FDRE clocked by clk_placeholder  {rise@0.000ns fall@2.000ns period=4.000ns})
  Destination:            u_tlp_layer/tracker_inst/next_lower_address_r_reg[1][1]/R
                            (rising edge-triggered cell FDRE clocked by clk_placeholder  {rise@0.000ns fall@2.000ns period=4.000ns})
  Path Group:             clk_placeholder
  Path Type:              Setup (Max at Slow Process Corner)
  Requirement:            4.000ns  (clk_placeholder rise@4.000ns - clk_placeholder rise@0.000ns)
  Data Path Delay:        4.572ns  (logic 1.255ns (27.450%)  route 3.317ns (72.550%))
  Logic Levels:           16  (CARRY8=1 LUT2=2 LUT4=4 LUT5=1 LUT6=8)
  Clock Path Skew:        -0.009ns (DCD - SCD + CPR)
    Destination Clock Delay (DCD):    0.021ns = ( 4.021 - 4.000 ) 
    Source Clock Delay      (SCD):    0.030ns
    Clock Pessimism Removal (CPR):    0.000ns
  Clock Uncertainty:      0.035ns  ((TSJ^2 + TIJ^2)^1/2 + DJ) / 2 + PE
    Total System Jitter     (TSJ):    0.071ns
    Total Input Jitter      (TIJ):    0.000ns
    Discrete Jitter          (DJ):    0.000ns
    Phase Error              (PE):    0.000ns

    Location             Delay type                Incr(ns)  Path(ns)    Netlist Resource(s)
  -------------------------------------------------------------------    -------------------
                         (clock clk_placeholder rise edge)
                                                      0.000     0.000 r  
                                                      0.000     0.000 r  clk_i (IN)
                         net (fo=8091, unset)         0.030     0.030    u_tlp_layer/parser_inst/clk_i
                         FDRE                                         r  u_tlp_layer/parser_inst/header_r_reg[requester_id][11]/C
  -------------------------------------------------------------------    -------------------
                         FDRE (Prop_FDRE_C_Q)         0.077     0.107 r  u_tlp_layer/parser_inst/header_r_reg[requester_id][11]/Q
                         net (fo=55, unplaced)        0.226     0.333    u_tlp_layer/tracker_inst/completion_header_i[requester_id][11]
                         LUT6 (Prop_LUT6_I0_O)        0.150     0.483 r  u_tlp_layer/tracker_inst/remaining_r[21][8]_i_9/O
                         net (fo=1, unplaced)         0.186     0.669    u_tlp_layer/tracker_inst/remaining_r[21][8]_i_9_n_0
                         LUT6 (Prop_LUT6_I5_O)        0.038     0.707 r  u_tlp_layer/tracker_inst/remaining_r[21][8]_i_3/O
                         net (fo=1, unplaced)         0.141     0.848    u_tlp_layer/tracker_inst/remaining_r[21][8]_i_3_n_0
                         LUT6 (Prop_LUT6_I0_O)        0.100     0.948 f  u_tlp_layer/tracker_inst/remaining_r[21][8]_i_2/O
                         net (fo=15, unplaced)        0.182     1.130    u_tlp_layer/tracker_inst/remaining_r[21][8]_i_2_n_0
                         LUT6 (Prop_LUT6_I3_O)        0.090     1.220 f  u_tlp_layer/tracker_inst/cpl_timeout_valid_o_i_24/O
                         net (fo=1, unplaced)         0.140     1.360    u_tlp_layer/tracker_inst/cpl_timeout_valid_o_i_24_n_0
                         LUT6 (Prop_LUT6_I3_O)        0.090     1.450 r  u_tlp_layer/tracker_inst/cpl_timeout_valid_o_i_8/O
                         net (fo=14, unplaced)        0.227     1.677    u_tlp_layer/tracker_inst/cpl_timeout_valid_o_i_8_n_0
                         LUT2 (Prop_LUT2_I1_O)        0.038     1.715 f  u_tlp_layer/tracker_inst/remaining_r[3][12]_i_6/O
                         net (fo=180, unplaced)       0.285     2.000    u_tlp_layer/tracker_inst/remaining_r[3][12]_i_6_n_0
                         LUT4 (Prop_LUT4_I2_O)        0.038     2.038 r  u_tlp_layer/tracker_inst/remaining_r[0][7]_i_159/O
                         net (fo=1, unplaced)         0.186     2.224    u_tlp_layer/tracker_inst/remaining_r[0][7]_i_159_n_0
                         LUT6 (Prop_LUT6_I1_O)        0.038     2.262 r  u_tlp_layer/tracker_inst/remaining_r[0][7]_i_60/O
                         net (fo=1, unplaced)         0.105     2.367    u_tlp_layer/tracker_inst/remaining_r[0][7]_i_60_n_0
                         LUT6 (Prop_LUT6_I0_O)        0.150     2.517 r  u_tlp_layer/tracker_inst/remaining_r[0][7]_i_13/O
                         net (fo=7, unplaced)         0.211     2.728    u_tlp_layer/tracker_inst/remaining_r[1]
                         LUT4 (Prop_LUT4_I2_O)        0.038     2.766 f  u_tlp_layer/tracker_inst/result_last_r_i_11/O
                         net (fo=2, unplaced)         0.233     2.999    u_tlp_layer/tracker_inst/result_last_r_i_11_n_0
                         CARRY8 (Prop_CARRY8_DI[0]_CO[6])
                                                      0.186     3.185 f  u_tlp_layer/tracker_inst/result_context_r_reg[12]_i_55/CO[6]
                         net (fo=1, unplaced)         0.138     3.323    u_tlp_layer/tracker_inst/active_r6
                         LUT4 (Prop_LUT4_I3_O)        0.070     3.393 f  u_tlp_layer/tracker_inst/result_context_r[12]_i_37/O
                         net (fo=2, unplaced)         0.186     3.579    u_tlp_layer/tracker_inst/result_context_r[12]_i_37_n_0
                         LUT5 (Prop_LUT5_I1_O)        0.038     3.617 f  u_tlp_layer/tracker_inst/result_context_r[12]_i_12/O
                         net (fo=3, unplaced)         0.192     3.809    u_tlp_layer/tracker_inst/result_context_r[12]_i_12_n_0
                         LUT6 (Prop_LUT6_I2_O)        0.038     3.847 f  u_tlp_layer/tracker_inst/next_lower_address_r[0][6]_i_3/O
                         net (fo=84, unplaced)        0.267     4.114    u_tlp_layer/tracker_inst/next_lower_address_r[0][6]_i_3_n_0
                         LUT4 (Prop_LUT4_I0_O)        0.038     4.152 r  u_tlp_layer/tracker_inst/next_lower_address_r[1][6]_i_1/O
                         net (fo=8, unplaced)         0.214     4.366    u_tlp_layer/tracker_inst/next_lower_address_r[1][6]_i_1_n_0
                         LUT2 (Prop_LUT2_I1_O)        0.038     4.404 r  u_tlp_layer/tracker_inst/next_lower_address_r[1][4]_i_1/O
                         net (fo=4, unplaced)         0.198     4.602    u_tlp_layer/tracker_inst/next_lower_address_r[1][4]_i_1_n_0
                         FDRE                                         r  u_tlp_layer/tracker_inst/next_lower_address_r_reg[1][1]/R
  -------------------------------------------------------------------    -------------------

                         (clock clk_placeholder rise edge)
                                                      4.000     4.000 r  
                                                      0.000     4.000 r  clk_i (IN)
                         net (fo=8091, unset)         0.021     4.021    u_tlp_layer/tracker_inst/clk_i
                         FDRE                                         r  u_tlp_layer/tracker_inst/next_lower_address_r_reg[1][1]/C
                         clock pessimism              0.000     4.021    
                         clock uncertainty           -0.035     3.986    
                         FDRE (Setup_FDRE_C_R)       -0.074     3.912    u_tlp_layer/tracker_inst/next_lower_address_r_reg[1][1]
  -------------------------------------------------------------------
                         required time                          3.912    
                         arrival time                          -4.602    
  -------------------------------------------------------------------
                         slack                                 -0.690    

Slack (VIOLATED) :        -0.690ns  (required time - arrival time)
  Source:                 u_tlp_layer/parser_inst/header_r_reg[requester_id][11]/C
                            (rising edge-triggered cell FDRE clocked by clk_placeholder  {rise@0.000ns fall@2.000ns period=4.000ns})
  Destination:            u_tlp_layer/tracker_inst/next_lower_address_r_reg[1][1]/R
                            (rising edge-triggered cell FDRE clocked by clk_placeholder  {rise@0.000ns fall@2.000ns period=4.000ns})
  Path Group:             clk_placeholder
  Path Type:              Setup (Max at Slow Process Corner)
  Requirement:            4.000ns  (clk_placeholder rise@4.000ns - clk_placeholder rise@0.000ns)
  Data Path Delay:        4.572ns  (logic 1.255ns (27.450%)  route 3.317ns (72.550%))
  Logic Levels:           16  (CARRY8=1 LUT2=2 LUT4=4 LUT5=1 LUT6=8)
  Clock Path Skew:        -0.009ns (DCD - SCD + CPR)
    Destination Clock Delay (DCD):    0.021ns = ( 4.021 - 4.000 ) 
    Source Clock Delay      (SCD):    0.030ns
    Clock Pessimism Removal (CPR):    0.000ns
  Clock Uncertainty:      0.035ns  ((TSJ^2 + TIJ^2)^1/2 + DJ) / 2 + PE
    Total System Jitter     (TSJ):    0.071ns
    Total Input Jitter      (TIJ):    0.000ns
    Discrete Jitter          (DJ):    0.000ns
    Phase Error              (PE):    0.000ns

    Location             Delay type                Incr(ns)  Path(ns)    Netlist Resource(s)
  -------------------------------------------------------------------    -------------------
                         (clock clk_placeholder rise edge)
                                                      0.000     0.000 r  
                                                      0.000     0.000 r  clk_i (IN)
                         net (fo=8091, unset)         0.030     0.030    u_tlp_layer/parser_inst/clk_i
                         FDRE                                         r  u_tlp_layer/parser_inst/header_r_reg[requester_id][11]/C
  -------------------------------------------------------------------    -------------------
                         FDRE (Prop_FDRE_C_Q)         0.077     0.107 f  u_tlp_layer/parser_inst/header_r_reg[requester_id][11]/Q
                         net (fo=55, unplaced)        0.226     0.333    u_tlp_layer/tracker_inst/completion_header_i[requester_id][11]
                         LUT6 (Prop_LUT6_I0_O)        0.150     0.483 f  u_tlp_layer/tracker_inst/remaining_r[21][8]_i_9/O
                         net (fo=1, unplaced)         0.186     0.669    u_tlp_layer/tracker_inst/remaining_r[21][8]_i_9_n_0
                         LUT6 (Prop_LUT6_I5_O)        0.038     0.707 f  u_tlp_layer/tracker_inst/remaining_r[21][8]_i_3/O
                         net (fo=1, unplaced)         0.141     0.848    u_tlp_layer/tracker_inst/remaining_r[21][8]_i_3_n_0
                         LUT6 (Prop_LUT6_I0_O)        0.100     0.948 r  u_tlp_layer/tracker_inst/remaining_r[21][8]_i_2/O
                         net (fo=15, unplaced)        0.182     1.130    u_tlp_layer/tracker_inst/remaining_r[21][8]_i_2_n_0
                         LUT6 (Prop_LUT6_I3_O)        0.090     1.220 r  u_tlp_layer/tracker_inst/cpl_timeout_valid_o_i_24/O
                         net (fo=1, unplaced)         0.140     1.360    u_tlp_layer/tracker_inst/cpl_timeout_valid_o_i_24_n_0
                         LUT6 (Prop_LUT6_I3_O)        0.090     1.450 f  u_tlp_layer/tracker_inst/cpl_timeout_valid_o_i_8/O
                         net (fo=14, unplaced)        0.227     1.677    u_tlp_layer/tracker_inst/cpl_timeout_valid_o_i_8_n_0
                         LUT2 (Prop_LUT2_I1_O)        0.038     1.715 r  u_tlp_layer/tracker_inst/remaining_r[3][12]_i_6/O
                         net (fo=180, unplaced)       0.285     2.000    u_tlp_layer/tracker_inst/remaining_r[3][12]_i_6_n_0
                         LUT4 (Prop_LUT4_I2_O)        0.038     2.038 f  u_tlp_layer/tracker_inst/remaining_r[0][7]_i_159/O
                         net (fo=1, unplaced)         0.186     2.224    u_tlp_layer/tracker_inst/remaining_r[0][7]_i_159_n_0
                         LUT6 (Prop_LUT6_I1_O)        0.038     2.262 f  u_tlp_layer/tracker_inst/remaining_r[0][7]_i_60/O
                         net (fo=1, unplaced)         0.105     2.367    u_tlp_layer/tracker_inst/remaining_r[0][7]_i_60_n_0
                         LUT6 (Prop_LUT6_I0_O)        0.150     2.517 f  u_tlp_layer/tracker_inst/remaining_r[0][7]_i_13/O
                         net (fo=7, unplaced)         0.211     2.728    u_tlp_layer/tracker_inst/remaining_r[1]
                         LUT4 (Prop_LUT4_I2_O)        0.038     2.766 r  u_tlp_layer/tracker_inst/result_last_r_i_11/O
                         net (fo=2, unplaced)         0.233     2.999    u_tlp_layer/tracker_inst/result_last_r_i_11_n_0
                         CARRY8 (Prop_CARRY8_DI[0]_CO[6])
                                                      0.186     3.185 r  u_tlp_layer/tracker_inst/result_context_r_reg[12]_i_55/CO[6]
                         net (fo=1, unplaced)         0.138     3.323    u_tlp_layer/tracker_inst/active_r6
                         LUT4 (Prop_LUT4_I3_O)        0.070     3.393 r  u_tlp_layer/tracker_inst/result_context_r[12]_i_37/O
                         net (fo=2, unplaced)         0.186     3.579    u_tlp_layer/tracker_inst/result_context_r[12]_i_37_n_0
                         LUT5 (Prop_LUT5_I1_O)        0.038     3.617 r  u_tlp_layer/tracker_inst/result_context_r[12]_i_12/O
                         net (fo=3, unplaced)         0.192     3.809    u_tlp_layer/tracker_inst/result_context_r[12]_i_12_n_0
                         LUT6 (Prop_LUT6_I2_O)        0.038     3.847 r  u_tlp_layer/tracker_inst/next_lower_address_r[0][6]_i_3/O
                         net (fo=84, unplaced)        0.267     4.114    u_tlp_layer/tracker_inst/next_lower_address_r[0][6]_i_3_n_0
                         LUT4 (Prop_LUT4_I0_O)        0.038     4.152 f  u_tlp_layer/tracker_inst/next_lower_address_r[1][6]_i_1/O
                         net (fo=8, unplaced)         0.214     4.366    u_tlp_layer/tracker_inst/next_lower_address_r[1][6]_i_1_n_0
                         LUT2 (Prop_LUT2_I1_O)        0.038     4.404 f  u_tlp_layer/tracker_inst/next_lower_address_r[1][4]_i_1/O
                         net (fo=4, unplaced)         0.198     4.602    u_tlp_layer/tracker_inst/next_lower_address_r[1][4]_i_1_n_0
                         FDRE                                         f  u_tlp_layer/tracker_inst/next_lower_address_r_reg[1][1]/R
  -------------------------------------------------------------------    -------------------

                         (clock clk_placeholder rise edge)
                                                      4.000     4.000 r  
                                                      0.000     4.000 r  clk_i (IN)
                         net (fo=8091, unset)         0.021     4.021    u_tlp_layer/tracker_inst/clk_i
                         FDRE                                         r  u_tlp_layer/tracker_inst/next_lower_address_r_reg[1][1]/C
                         clock pessimism              0.000     4.021    
                         clock uncertainty           -0.035     3.986    
                         FDRE (Setup_FDRE_C_R)       -0.074     3.912    u_tlp_layer/tracker_inst/next_lower_address_r_reg[1][1]
  -------------------------------------------------------------------
                         required time                          3.912    
                         arrival time                          -4.602    
  -------------------------------------------------------------------
                         slack                                 -0.690    

Slack (VIOLATED) :        -0.690ns  (required time - arrival time)
  Source:                 u_tlp_layer/parser_inst/header_r_reg[requester_id][11]/C
                            (rising edge-triggered cell FDRE clocked by clk_placeholder  {rise@0.000ns fall@2.000ns period=4.000ns})
  Destination:            u_tlp_layer/tracker_inst/next_lower_address_r_reg[1][1]/R
                            (rising edge-triggered cell FDRE clocked by clk_placeholder  {rise@0.000ns fall@2.000ns period=4.000ns})
  Path Group:             clk_placeholder
  Path Type:              Setup (Max at Slow Process Corner)
  Requirement:            4.000ns  (clk_placeholder rise@4.000ns - clk_placeholder rise@0.000ns)
  Data Path Delay:        4.572ns  (logic 1.255ns (27.450%)  route 3.317ns (72.550%))
  Logic Levels:           16  (CARRY8=1 LUT2=2 LUT4=4 LUT5=1 LUT6=8)
  Clock Path Skew:        -0.009ns (DCD - SCD + CPR)
    Destination Clock Delay (DCD):    0.021ns = ( 4.021 - 4.000 ) 
    Source Clock Delay      (SCD):    0.030ns
    Clock Pessimism Removal (CPR):    0.000ns
  Clock Uncertainty:      0.035ns  ((TSJ^2 + TIJ^2)^1/2 + DJ) / 2 + PE
    Total System Jitter     (TSJ):    0.071ns
    Total Input Jitter      (TIJ):    0.000ns
    Discrete Jitter          (DJ):    0.000ns
    Phase Error              (PE):    0.000ns

    Location             Delay type                Incr(ns)  Path(ns)    Netlist Resource(s)
  -------------------------------------------------------------------    -------------------
                         (clock clk_placeholder rise edge)
                                                      0.000     0.000 r  
                                                      0.000     0.000 r  clk_i (IN)
                         net (fo=8091, unset)         0.030     0.030    u_tlp_layer/parser_inst/clk_i
                         FDRE                                         r  u_tlp_layer/parser_inst/header_r_reg[requester_id][11]/C
  -------------------------------------------------------------------    -------------------
                         FDRE (Prop_FDRE_C_Q)         0.077     0.107 r  u_tlp_layer/parser_inst/header_r_reg[requester_id][11]/Q
                         net (fo=55, unplaced)        0.226     0.333    u_tlp_layer/tracker_inst/completion_header_i[requester_id][11]
                         LUT6 (Prop_LUT6_I0_O)        0.150     0.483 r  u_tlp_layer/tracker_inst/remaining_r[21][8]_i_9/O
                         net (fo=1, unplaced)         0.186     0.669    u_tlp_layer/tracker_inst/remaining_r[21][8]_i_9_n_0
                         LUT6 (Prop_LUT6_I5_O)        0.038     0.707 r  u_tlp_layer/tracker_inst/remaining_r[21][8]_i_3/O
                         net (fo=1, unplaced)         0.141     0.848    u_tlp_layer/tracker_inst/remaining_r[21][8]_i_3_n_0
                         LUT6 (Prop_LUT6_I0_O)        0.100     0.948 f  u_tlp_layer/tracker_inst/remaining_r[21][8]_i_2/O
                         net (fo=15, unplaced)        0.182     1.130    u_tlp_layer/tracker_inst/remaining_r[21][8]_i_2_n_0
                         LUT6 (Prop_LUT6_I3_O)        0.090     1.220 f  u_tlp_layer/tracker_inst/cpl_timeout_valid_o_i_24/O
                         net (fo=1, unplaced)         0.140     1.360    u_tlp_layer/tracker_inst/cpl_timeout_valid_o_i_24_n_0
                         LUT6 (Prop_LUT6_I3_O)        0.090     1.450 f  u_tlp_layer/tracker_inst/cpl_timeout_valid_o_i_8/O
                         net (fo=14, unplaced)        0.227     1.677    u_tlp_layer/tracker_inst/cpl_timeout_valid_o_i_8_n_0
                         LUT2 (Prop_LUT2_I1_O)        0.038     1.715 r  u_tlp_layer/tracker_inst/remaining_r[3][12]_i_6/O
                         net (fo=180, unplaced)       0.285     2.000    u_tlp_layer/tracker_inst/remaining_r[3][12]_i_6_n_0
                         LUT4 (Prop_LUT4_I2_O)        0.038     2.038 f  u_tlp_layer/tracker_inst/remaining_r[0][7]_i_159/O
                         net (fo=1, unplaced)         0.186     2.224    u_tlp_layer/tracker_inst/remaining_r[0][7]_i_159_n_0
                         LUT6 (Prop_LUT6_I1_O)        0.038     2.262 f  u_tlp_layer/tracker_inst/remaining_r[0][7]_i_60/O
                         net (fo=1, unplaced)         0.105     2.367    u_tlp_layer/tracker_inst/remaining_r[0][7]_i_60_n_0
                         LUT6 (Prop_LUT6_I0_O)        0.150     2.517 f  u_tlp_layer/tracker_inst/remaining_r[0][7]_i_13/O
                         net (fo=7, unplaced)         0.211     2.728    u_tlp_layer/tracker_inst/remaining_r[1]
                         LUT4 (Prop_LUT4_I2_O)        0.038     2.766 r  u_tlp_layer/tracker_inst/result_last_r_i_11/O
                         net (fo=2, unplaced)         0.233     2.999    u_tlp_layer/tracker_inst/result_last_r_i_11_n_0
                         CARRY8 (Prop_CARRY8_DI[0]_CO[6])
                                                      0.186     3.185 r  u_tlp_layer/tracker_inst/result_context_r_reg[12]_i_55/CO[6]
                         net (fo=1, unplaced)         0.138     3.323    u_tlp_layer/tracker_inst/active_r6
                         LUT4 (Prop_LUT4_I3_O)        0.070     3.393 r  u_tlp_layer/tracker_inst/result_context_r[12]_i_37/O
                         net (fo=2, unplaced)         0.186     3.579    u_tlp_layer/tracker_inst/result_context_r[12]_i_37_n_0
                         LUT5 (Prop_LUT5_I1_O)        0.038     3.617 r  u_tlp_layer/tracker_inst/result_context_r[12]_i_12/O
                         net (fo=3, unplaced)         0.192     3.809    u_tlp_layer/tracker_inst/result_context_r[12]_i_12_n_0
                         LUT6 (Prop_LUT6_I2_O)        0.038     3.847 r  u_tlp_layer/tracker_inst/next_lower_address_r[0][6]_i_3/O
                         net (fo=84, unplaced)        0.267     4.114    u_tlp_layer/tracker_inst/next_lower_address_r[0][6]_i_3_n_0
                         LUT4 (Prop_LUT4_I0_O)        0.038     4.152 f  u_tlp_layer/tracker_inst/next_lower_address_r[1][6]_i_1/O
                         net (fo=8, unplaced)         0.214     4.366    u_tlp_layer/tracker_inst/next_lower_address_r[1][6]_i_1_n_0
                         LUT2 (Prop_LUT2_I1_O)        0.038     4.404 f  u_tlp_layer/tracker_inst/next_lower_address_r[1][4]_i_1/O
                         net (fo=4, unplaced)         0.198     4.602    u_tlp_layer/tracker_inst/next_lower_address_r[1][4]_i_1_n_0
                         FDRE                                         f  u_tlp_layer/tracker_inst/next_lower_address_r_reg[1][1]/R
  -------------------------------------------------------------------    -------------------

                         (clock clk_placeholder rise edge)
                                                      4.000     4.000 r  
                                                      0.000     4.000 r  clk_i (IN)
                         net (fo=8091, unset)         0.021     4.021    u_tlp_layer/tracker_inst/clk_i
                         FDRE                                         r  u_tlp_layer/tracker_inst/next_lower_address_r_reg[1][1]/C
                         clock pessimism              0.000     4.021    
                         clock uncertainty           -0.035     3.986    
                         FDRE (Setup_FDRE_C_R)       -0.074     3.912    u_tlp_layer/tracker_inst/next_lower_address_r_reg[1][1]
  -------------------------------------------------------------------
                         required time                          3.912    
                         arrival time                          -4.602    
  -------------------------------------------------------------------
                         slack                                 -0.690    

Slack (VIOLATED) :        -0.690ns  (required time - arrival time)
  Source:                 u_tlp_layer/parser_inst/header_r_reg[requester_id][11]/C
                            (rising edge-triggered cell FDRE clocked by clk_placeholder  {rise@0.000ns fall@2.000ns period=4.000ns})
  Destination:            u_tlp_layer/tracker_inst/next_lower_address_r_reg[1][3]/R
                            (rising edge-triggered cell FDRE clocked by clk_placeholder  {rise@0.000ns fall@2.000ns period=4.000ns})
  Path Group:             clk_placeholder
  Path Type:              Setup (Max at Slow Process Corner)
  Requirement:            4.000ns  (clk_placeholder rise@4.000ns - clk_placeholder rise@0.000ns)
  Data Path Delay:        4.572ns  (logic 1.255ns (27.450%)  route 3.317ns (72.550%))
  Logic Levels:           16  (CARRY8=1 LUT2=2 LUT4=4 LUT5=1 LUT6=8)
  Clock Path Skew:        -0.009ns (DCD - SCD + CPR)
    Destination Clock Delay (DCD):    0.021ns = ( 4.021 - 4.000 ) 
    Source Clock Delay      (SCD):    0.030ns
    Clock Pessimism Removal (CPR):    0.000ns
  Clock Uncertainty:      0.035ns  ((TSJ^2 + TIJ^2)^1/2 + DJ) / 2 + PE
    Total System Jitter     (TSJ):    0.071ns
    Total Input Jitter      (TIJ):    0.000ns
    Discrete Jitter          (DJ):    0.000ns
    Phase Error              (PE):    0.000ns

    Location             Delay type                Incr(ns)  Path(ns)    Netlist Resource(s)
  -------------------------------------------------------------------    -------------------
                         (clock clk_placeholder rise edge)
                                                      0.000     0.000 r  
                                                      0.000     0.000 r  clk_i (IN)
                         net (fo=8091, unset)         0.030     0.030    u_tlp_layer/parser_inst/clk_i
                         FDRE                                         r  u_tlp_layer/parser_inst/header_r_reg[requester_id][11]/C
  -------------------------------------------------------------------    -------------------
                         FDRE (Prop_FDRE_C_Q)         0.077     0.107 f  u_tlp_layer/parser_inst/header_r_reg[requester_id][11]/Q
                         net (fo=55, unplaced)        0.226     0.333    u_tlp_layer/tracker_inst/completion_header_i[requester_id][11]
                         LUT6 (Prop_LUT6_I0_O)        0.150     0.483 f  u_tlp_layer/tracker_inst/remaining_r[21][8]_i_9/O
                         net (fo=1, unplaced)         0.186     0.669    u_tlp_layer/tracker_inst/remaining_r[21][8]_i_9_n_0
                         LUT6 (Prop_LUT6_I5_O)        0.038     0.707 f  u_tlp_layer/tracker_inst/remaining_r[21][8]_i_3/O
                         net (fo=1, unplaced)         0.141     0.848    u_tlp_layer/tracker_inst/remaining_r[21][8]_i_3_n_0
                         LUT6 (Prop_LUT6_I0_O)        0.100     0.948 r  u_tlp_layer/tracker_inst/remaining_r[21][8]_i_2/O
                         net (fo=15, unplaced)        0.182     1.130    u_tlp_layer/tracker_inst/remaining_r[21][8]_i_2_n_0
                         LUT6 (Prop_LUT6_I3_O)        0.090     1.220 r  u_tlp_layer/tracker_inst/cpl_timeout_valid_o_i_24/O
                         net (fo=1, unplaced)         0.140     1.360    u_tlp_layer/tracker_inst/cpl_timeout_valid_o_i_24_n_0
                         LUT6 (Prop_LUT6_I3_O)        0.090     1.450 r  u_tlp_layer/tracker_inst/cpl_timeout_valid_o_i_8/O
                         net (fo=14, unplaced)        0.227     1.677    u_tlp_layer/tracker_inst/cpl_timeout_valid_o_i_8_n_0
                         LUT2 (Prop_LUT2_I1_O)        0.038     1.715 f  u_tlp_layer/tracker_inst/remaining_r[3][12]_i_6/O
                         net (fo=180, unplaced)       0.285     2.000    u_tlp_layer/tracker_inst/remaining_r[3][12]_i_6_n_0
                         LUT4 (Prop_LUT4_I2_O)        0.038     2.038 r  u_tlp_layer/tracker_inst/remaining_r[0][7]_i_159/O
                         net (fo=1, unplaced)         0.186     2.224    u_tlp_layer/tracker_inst/remaining_r[0][7]_i_159_n_0
                         LUT6 (Prop_LUT6_I1_O)        0.038     2.262 r  u_tlp_layer/tracker_inst/remaining_r[0][7]_i_60/O
                         net (fo=1, unplaced)         0.105     2.367    u_tlp_layer/tracker_inst/remaining_r[0][7]_i_60_n_0
                         LUT6 (Prop_LUT6_I0_O)        0.150     2.517 r  u_tlp_layer/tracker_inst/remaining_r[0][7]_i_13/O
                         net (fo=7, unplaced)         0.211     2.728    u_tlp_layer/tracker_inst/remaining_r[1]
                         LUT4 (Prop_LUT4_I2_O)        0.038     2.766 f  u_tlp_layer/tracker_inst/result_last_r_i_11/O
                         net (fo=2, unplaced)         0.233     2.999    u_tlp_layer/tracker_inst/result_last_r_i_11_n_0
                         CARRY8 (Prop_CARRY8_DI[0]_CO[6])
                                                      0.186     3.185 f  u_tlp_layer/tracker_inst/result_context_r_reg[12]_i_55/CO[6]
                         net (fo=1, unplaced)         0.138     3.323    u_tlp_layer/tracker_inst/active_r6
                         LUT4 (Prop_LUT4_I3_O)        0.070     3.393 f  u_tlp_layer/tracker_inst/result_context_r[12]_i_37/O
                         net (fo=2, unplaced)         0.186     3.579    u_tlp_layer/tracker_inst/result_context_r[12]_i_37_n_0
                         LUT5 (Prop_LUT5_I1_O)        0.038     3.617 f  u_tlp_layer/tracker_inst/result_context_r[12]_i_12/O
                         net (fo=3, unplaced)         0.192     3.809    u_tlp_layer/tracker_inst/result_context_r[12]_i_12_n_0
                         LUT6 (Prop_LUT6_I2_O)        0.038     3.847 f  u_tlp_layer/tracker_inst/next_lower_address_r[0][6]_i_3/O
                         net (fo=84, unplaced)        0.267     4.114    u_tlp_layer/tracker_inst/next_lower_address_r[0][6]_i_3_n_0
                         LUT4 (Prop_LUT4_I0_O)        0.038     4.152 r  u_tlp_layer/tracker_inst/next_lower_address_r[1][6]_i_1/O
                         net (fo=8, unplaced)         0.214     4.366    u_tlp_layer/tracker_inst/next_lower_address_r[1][6]_i_1_n_0
                         LUT2 (Prop_LUT2_I1_O)        0.038     4.404 r  u_tlp_layer/tracker_inst/next_lower_address_r[1][4]_i_1/O
                         net (fo=4, unplaced)         0.198     4.602    u_tlp_layer/tracker_inst/next_lower_address_r[1][4]_i_1_n_0
                         FDRE                                         r  u_tlp_layer/tracker_inst/next_lower_address_r_reg[1][3]/R
  -------------------------------------------------------------------    -------------------

                         (clock clk_placeholder rise edge)
                                                      4.000     4.000 r  
                                                      0.000     4.000 r  clk_i (IN)
                         net (fo=8091, unset)         0.021     4.021    u_tlp_layer/tracker_inst/clk_i
                         FDRE                                         r  u_tlp_layer/tracker_inst/next_lower_address_r_reg[1][3]/C
                         clock pessimism              0.000     4.021    
                         clock uncertainty           -0.035     3.986    
                         FDRE (Setup_FDRE_C_R)       -0.074     3.912    u_tlp_layer/tracker_inst/next_lower_address_r_reg[1][3]
  -------------------------------------------------------------------
                         required time                          3.912    
                         arrival time                          -4.602    
  -------------------------------------------------------------------
                         slack                                 -0.690    

Slack (VIOLATED) :        -0.690ns  (required time - arrival time)
  Source:                 u_tlp_layer/parser_inst/header_r_reg[requester_id][11]/C
                            (rising edge-triggered cell FDRE clocked by clk_placeholder  {rise@0.000ns fall@2.000ns period=4.000ns})
  Destination:            u_tlp_layer/tracker_inst/next_lower_address_r_reg[1][3]/R
                            (rising edge-triggered cell FDRE clocked by clk_placeholder  {rise@0.000ns fall@2.000ns period=4.000ns})
  Path Group:             clk_placeholder
  Path Type:              Setup (Max at Slow Process Corner)
  Requirement:            4.000ns  (clk_placeholder rise@4.000ns - clk_placeholder rise@0.000ns)
  Data Path Delay:        4.572ns  (logic 1.255ns (27.450%)  route 3.317ns (72.550%))
  Logic Levels:           16  (CARRY8=1 LUT2=2 LUT4=4 LUT5=1 LUT6=8)
  Clock Path Skew:        -0.009ns (DCD - SCD + CPR)
    Destination Clock Delay (DCD):    0.021ns = ( 4.021 - 4.000 ) 
    Source Clock Delay      (SCD):    0.030ns
    Clock Pessimism Removal (CPR):    0.000ns
  Clock Uncertainty:      0.035ns  ((TSJ^2 + TIJ^2)^1/2 + DJ) / 2 + PE
    Total System Jitter     (TSJ):    0.071ns
    Total Input Jitter      (TIJ):    0.000ns
    Discrete Jitter          (DJ):    0.000ns
    Phase Error              (PE):    0.000ns

    Location             Delay type                Incr(ns)  Path(ns)    Netlist Resource(s)
  -------------------------------------------------------------------    -------------------
                         (clock clk_placeholder rise edge)
                                                      0.000     0.000 r  
                                                      0.000     0.000 r  clk_i (IN)
                         net (fo=8091, unset)         0.030     0.030    u_tlp_layer/parser_inst/clk_i
                         FDRE                                         r  u_tlp_layer/parser_inst/header_r_reg[requester_id][11]/C
  -------------------------------------------------------------------    -------------------
                         FDRE (Prop_FDRE_C_Q)         0.077     0.107 r  u_tlp_layer/parser_inst/header_r_reg[requester_id][11]/Q
                         net (fo=55, unplaced)        0.226     0.333    u_tlp_layer/tracker_inst/completion_header_i[requester_id][11]
                         LUT6 (Prop_LUT6_I0_O)        0.150     0.483 r  u_tlp_layer/tracker_inst/remaining_r[21][8]_i_9/O
                         net (fo=1, unplaced)         0.186     0.669    u_tlp_layer/tracker_inst/remaining_r[21][8]_i_9_n_0
                         LUT6 (Prop_LUT6_I5_O)        0.038     0.707 r  u_tlp_layer/tracker_inst/remaining_r[21][8]_i_3/O
                         net (fo=1, unplaced)         0.141     0.848    u_tlp_layer/tracker_inst/remaining_r[21][8]_i_3_n_0
                         LUT6 (Prop_LUT6_I0_O)        0.100     0.948 f  u_tlp_layer/tracker_inst/remaining_r[21][8]_i_2/O
                         net (fo=15, unplaced)        0.182     1.130    u_tlp_layer/tracker_inst/remaining_r[21][8]_i_2_n_0
                         LUT6 (Prop_LUT6_I3_O)        0.090     1.220 f  u_tlp_layer/tracker_inst/cpl_timeout_valid_o_i_24/O
                         net (fo=1, unplaced)         0.140     1.360    u_tlp_layer/tracker_inst/cpl_timeout_valid_o_i_24_n_0
                         LUT6 (Prop_LUT6_I3_O)        0.090     1.450 r  u_tlp_layer/tracker_inst/cpl_timeout_valid_o_i_8/O
                         net (fo=14, unplaced)        0.227     1.677    u_tlp_layer/tracker_inst/cpl_timeout_valid_o_i_8_n_0
                         LUT2 (Prop_LUT2_I1_O)        0.038     1.715 f  u_tlp_layer/tracker_inst/remaining_r[3][12]_i_6/O
                         net (fo=180, unplaced)       0.285     2.000    u_tlp_layer/tracker_inst/remaining_r[3][12]_i_6_n_0
                         LUT4 (Prop_LUT4_I2_O)        0.038     2.038 r  u_tlp_layer/tracker_inst/remaining_r[0][7]_i_159/O
                         net (fo=1, unplaced)         0.186     2.224    u_tlp_layer/tracker_inst/remaining_r[0][7]_i_159_n_0
                         LUT6 (Prop_LUT6_I1_O)        0.038     2.262 r  u_tlp_layer/tracker_inst/remaining_r[0][7]_i_60/O
                         net (fo=1, unplaced)         0.105     2.367    u_tlp_layer/tracker_inst/remaining_r[0][7]_i_60_n_0
                         LUT6 (Prop_LUT6_I0_O)        0.150     2.517 r  u_tlp_layer/tracker_inst/remaining_r[0][7]_i_13/O
                         net (fo=7, unplaced)         0.211     2.728    u_tlp_layer/tracker_inst/remaining_r[1]
                         LUT4 (Prop_LUT4_I2_O)        0.038     2.766 f  u_tlp_layer/tracker_inst/result_last_r_i_11/O
                         net (fo=2, unplaced)         0.233     2.999    u_tlp_layer/tracker_inst/result_last_r_i_11_n_0
                         CARRY8 (Prop_CARRY8_DI[0]_CO[6])
                                                      0.186     3.185 f  u_tlp_layer/tracker_inst/result_context_r_reg[12]_i_55/CO[6]
                         net (fo=1, unplaced)         0.138     3.323    u_tlp_layer/tracker_inst/active_r6
                         LUT4 (Prop_LUT4_I3_O)        0.070     3.393 f  u_tlp_layer/tracker_inst/result_context_r[12]_i_37/O
                         net (fo=2, unplaced)         0.186     3.579    u_tlp_layer/tracker_inst/result_context_r[12]_i_37_n_0
                         LUT5 (Prop_LUT5_I1_O)        0.038     3.617 f  u_tlp_layer/tracker_inst/result_context_r[12]_i_12/O
                         net (fo=3, unplaced)         0.192     3.809    u_tlp_layer/tracker_inst/result_context_r[12]_i_12_n_0
                         LUT6 (Prop_LUT6_I2_O)        0.038     3.847 f  u_tlp_layer/tracker_inst/next_lower_address_r[0][6]_i_3/O
                         net (fo=84, unplaced)        0.267     4.114    u_tlp_layer/tracker_inst/next_lower_address_r[0][6]_i_3_n_0
                         LUT4 (Prop_LUT4_I0_O)        0.038     4.152 r  u_tlp_layer/tracker_inst/next_lower_address_r[1][6]_i_1/O
                         net (fo=8, unplaced)         0.214     4.366    u_tlp_layer/tracker_inst/next_lower_address_r[1][6]_i_1_n_0
                         LUT2 (Prop_LUT2_I1_O)        0.038     4.404 r  u_tlp_layer/tracker_inst/next_lower_address_r[1][4]_i_1/O
                         net (fo=4, unplaced)         0.198     4.602    u_tlp_layer/tracker_inst/next_lower_address_r[1][4]_i_1_n_0
                         FDRE                                         r  u_tlp_layer/tracker_inst/next_lower_address_r_reg[1][3]/R
  -------------------------------------------------------------------    -------------------

                         (clock clk_placeholder rise edge)
                                                      4.000     4.000 r  
                                                      0.000     4.000 r  clk_i (IN)
                         net (fo=8091, unset)         0.021     4.021    u_tlp_layer/tracker_inst/clk_i
                         FDRE                                         r  u_tlp_layer/tracker_inst/next_lower_address_r_reg[1][3]/C
                         clock pessimism              0.000     4.021    
                         clock uncertainty           -0.035     3.986    
                         FDRE (Setup_FDRE_C_R)       -0.074     3.912    u_tlp_layer/tracker_inst/next_lower_address_r_reg[1][3]
  -------------------------------------------------------------------
                         required time                          3.912    
                         arrival time                          -4.602    
  -------------------------------------------------------------------
                         slack                                 -0.690    

Slack (VIOLATED) :        -0.690ns  (required time - arrival time)
  Source:                 u_tlp_layer/parser_inst/header_r_reg[requester_id][11]/C
                            (rising edge-triggered cell FDRE clocked by clk_placeholder  {rise@0.000ns fall@2.000ns period=4.000ns})
  Destination:            u_tlp_layer/tracker_inst/next_lower_address_r_reg[1][3]/R
                            (rising edge-triggered cell FDRE clocked by clk_placeholder  {rise@0.000ns fall@2.000ns period=4.000ns})
  Path Group:             clk_placeholder
  Path Type:              Setup (Max at Slow Process Corner)
  Requirement:            4.000ns  (clk_placeholder rise@4.000ns - clk_placeholder rise@0.000ns)
  Data Path Delay:        4.572ns  (logic 1.255ns (27.450%)  route 3.317ns (72.550%))
  Logic Levels:           16  (CARRY8=1 LUT2=2 LUT4=4 LUT5=1 LUT6=8)
  Clock Path Skew:        -0.009ns (DCD - SCD + CPR)
    Destination Clock Delay (DCD):    0.021ns = ( 4.021 - 4.000 ) 
    Source Clock Delay      (SCD):    0.030ns
    Clock Pessimism Removal (CPR):    0.000ns
  Clock Uncertainty:      0.035ns  ((TSJ^2 + TIJ^2)^1/2 + DJ) / 2 + PE
    Total System Jitter     (TSJ):    0.071ns
    Total Input Jitter      (TIJ):    0.000ns
    Discrete Jitter          (DJ):    0.000ns
    Phase Error              (PE):    0.000ns

    Location             Delay type                Incr(ns)  Path(ns)    Netlist Resource(s)
  -------------------------------------------------------------------    -------------------
                         (clock clk_placeholder rise edge)
                                                      0.000     0.000 r  
                                                      0.000     0.000 r  clk_i (IN)
                         net (fo=8091, unset)         0.030     0.030    u_tlp_layer/parser_inst/clk_i
                         FDRE                                         r  u_tlp_layer/parser_inst/header_r_reg[requester_id][11]/C
  -------------------------------------------------------------------    -------------------
                         FDRE (Prop_FDRE_C_Q)         0.077     0.107 f  u_tlp_layer/parser_inst/header_r_reg[requester_id][11]/Q
                         net (fo=55, unplaced)        0.226     0.333    u_tlp_layer/tracker_inst/completion_header_i[requester_id][11]
                         LUT6 (Prop_LUT6_I0_O)        0.150     0.483 f  u_tlp_layer/tracker_inst/remaining_r[21][8]_i_9/O
                         net (fo=1, unplaced)         0.186     0.669    u_tlp_layer/tracker_inst/remaining_r[21][8]_i_9_n_0
                         LUT6 (Prop_LUT6_I5_O)        0.038     0.707 f  u_tlp_layer/tracker_inst/remaining_r[21][8]_i_3/O
                         net (fo=1, unplaced)         0.141     0.848    u_tlp_layer/tracker_inst/remaining_r[21][8]_i_3_n_0
                         LUT6 (Prop_LUT6_I0_O)        0.100     0.948 r  u_tlp_layer/tracker_inst/remaining_r[21][8]_i_2/O
                         net (fo=15, unplaced)        0.182     1.130    u_tlp_layer/tracker_inst/remaining_r[21][8]_i_2_n_0
                         LUT6 (Prop_LUT6_I3_O)        0.090     1.220 r  u_tlp_layer/tracker_inst/cpl_timeout_valid_o_i_24/O
                         net (fo=1, unplaced)         0.140     1.360    u_tlp_layer/tracker_inst/cpl_timeout_valid_o_i_24_n_0
                         LUT6 (Prop_LUT6_I3_O)        0.090     1.450 f  u_tlp_layer/tracker_inst/cpl_timeout_valid_o_i_8/O
                         net (fo=14, unplaced)        0.227     1.677    u_tlp_layer/tracker_inst/cpl_timeout_valid_o_i_8_n_0
                         LUT2 (Prop_LUT2_I1_O)        0.038     1.715 r  u_tlp_layer/tracker_inst/remaining_r[3][12]_i_6/O
                         net (fo=180, unplaced)       0.285     2.000    u_tlp_layer/tracker_inst/remaining_r[3][12]_i_6_n_0
                         LUT4 (Prop_LUT4_I2_O)        0.038     2.038 f  u_tlp_layer/tracker_inst/remaining_r[0][7]_i_159/O
                         net (fo=1, unplaced)         0.186     2.224    u_tlp_layer/tracker_inst/remaining_r[0][7]_i_159_n_0
                         LUT6 (Prop_LUT6_I1_O)        0.038     2.262 f  u_tlp_layer/tracker_inst/remaining_r[0][7]_i_60/O
                         net (fo=1, unplaced)         0.105     2.367    u_tlp_layer/tracker_inst/remaining_r[0][7]_i_60_n_0
                         LUT6 (Prop_LUT6_I0_O)        0.150     2.517 f  u_tlp_layer/tracker_inst/remaining_r[0][7]_i_13/O
                         net (fo=7, unplaced)         0.211     2.728    u_tlp_layer/tracker_inst/remaining_r[1]
                         LUT4 (Prop_LUT4_I2_O)        0.038     2.766 r  u_tlp_layer/tracker_inst/result_last_r_i_11/O
                         net (fo=2, unplaced)         0.233     2.999    u_tlp_layer/tracker_inst/result_last_r_i_11_n_0
                         CARRY8 (Prop_CARRY8_DI[0]_CO[6])
                                                      0.186     3.185 r  u_tlp_layer/tracker_inst/result_context_r_reg[12]_i_55/CO[6]
                         net (fo=1, unplaced)         0.138     3.323    u_tlp_layer/tracker_inst/active_r6
                         LUT4 (Prop_LUT4_I3_O)        0.070     3.393 r  u_tlp_layer/tracker_inst/result_context_r[12]_i_37/O
                         net (fo=2, unplaced)         0.186     3.579    u_tlp_layer/tracker_inst/result_context_r[12]_i_37_n_0
                         LUT5 (Prop_LUT5_I1_O)        0.038     3.617 r  u_tlp_layer/tracker_inst/result_context_r[12]_i_12/O
                         net (fo=3, unplaced)         0.192     3.809    u_tlp_layer/tracker_inst/result_context_r[12]_i_12_n_0
                         LUT6 (Prop_LUT6_I2_O)        0.038     3.847 r  u_tlp_layer/tracker_inst/next_lower_address_r[0][6]_i_3/O
                         net (fo=84, unplaced)        0.267     4.114    u_tlp_layer/tracker_inst/next_lower_address_r[0][6]_i_3_n_0
                         LUT4 (Prop_LUT4_I0_O)        0.038     4.152 f  u_tlp_layer/tracker_inst/next_lower_address_r[1][6]_i_1/O
                         net (fo=8, unplaced)         0.214     4.366    u_tlp_layer/tracker_inst/next_lower_address_r[1][6]_i_1_n_0
                         LUT2 (Prop_LUT2_I1_O)        0.038     4.404 f  u_tlp_layer/tracker_inst/next_lower_address_r[1][4]_i_1/O
                         net (fo=4, unplaced)         0.198     4.602    u_tlp_layer/tracker_inst/next_lower_address_r[1][4]_i_1_n_0
                         FDRE                                         f  u_tlp_layer/tracker_inst/next_lower_address_r_reg[1][3]/R
  -------------------------------------------------------------------    -------------------

                         (clock clk_placeholder rise edge)
                                                      4.000     4.000 r  
                                                      0.000     4.000 r  clk_i (IN)
                         net (fo=8091, unset)         0.021     4.021    u_tlp_layer/tracker_inst/clk_i
                         FDRE                                         r  u_tlp_layer/tracker_inst/next_lower_address_r_reg[1][3]/C
                         clock pessimism              0.000     4.021    
                         clock uncertainty           -0.035     3.986    
                         FDRE (Setup_FDRE_C_R)       -0.074     3.912    u_tlp_layer/tracker_inst/next_lower_address_r_reg[1][3]
  -------------------------------------------------------------------
                         required time                          3.912    
                         arrival time                          -4.602    
  -------------------------------------------------------------------
                         slack                                 -0.690    

Slack (VIOLATED) :        -0.690ns  (required time - arrival time)
  Source:                 u_tlp_layer/parser_inst/header_r_reg[requester_id][11]/C
                            (rising edge-triggered cell FDRE clocked by clk_placeholder  {rise@0.000ns fall@2.000ns period=4.000ns})
  Destination:            u_tlp_layer/tracker_inst/next_lower_address_r_reg[1][3]/R
                            (rising edge-triggered cell FDRE clocked by clk_placeholder  {rise@0.000ns fall@2.000ns period=4.000ns})
  Path Group:             clk_placeholder
  Path Type:              Setup (Max at Slow Process Corner)
  Requirement:            4.000ns  (clk_placeholder rise@4.000ns - clk_placeholder rise@0.000ns)
  Data Path Delay:        4.572ns  (logic 1.255ns (27.450%)  route 3.317ns (72.550%))
  Logic Levels:           16  (CARRY8=1 LUT2=2 LUT4=4 LUT5=1 LUT6=8)
  Clock Path Skew:        -0.009ns (DCD - SCD + CPR)
    Destination Clock Delay (DCD):    0.021ns = ( 4.021 - 4.000 ) 
    Source Clock Delay      (SCD):    0.030ns
    Clock Pessimism Removal (CPR):    0.000ns
  Clock Uncertainty:      0.035ns  ((TSJ^2 + TIJ^2)^1/2 + DJ) / 2 + PE
    Total System Jitter     (TSJ):    0.071ns
    Total Input Jitter      (TIJ):    0.000ns
    Discrete Jitter          (DJ):    0.000ns
    Phase Error              (PE):    0.000ns

    Location             Delay type                Incr(ns)  Path(ns)    Netlist Resource(s)
  -------------------------------------------------------------------    -------------------
                         (clock clk_placeholder rise edge)
                                                      0.000     0.000 r  
                                                      0.000     0.000 r  clk_i (IN)
                         net (fo=8091, unset)         0.030     0.030    u_tlp_layer/parser_inst/clk_i
                         FDRE                                         r  u_tlp_layer/parser_inst/header_r_reg[requester_id][11]/C
  -------------------------------------------------------------------    -------------------
                         FDRE (Prop_FDRE_C_Q)         0.077     0.107 r  u_tlp_layer/parser_inst/header_r_reg[requester_id][11]/Q
                         net (fo=55, unplaced)        0.226     0.333    u_tlp_layer/tracker_inst/completion_header_i[requester_id][11]
                         LUT6 (Prop_LUT6_I0_O)        0.150     0.483 r  u_tlp_layer/tracker_inst/remaining_r[21][8]_i_9/O
                         net (fo=1, unplaced)         0.186     0.669    u_tlp_layer/tracker_inst/remaining_r[21][8]_i_9_n_0
                         LUT6 (Prop_LUT6_I5_O)        0.038     0.707 r  u_tlp_layer/tracker_inst/remaining_r[21][8]_i_3/O
                         net (fo=1, unplaced)         0.141     0.848    u_tlp_layer/tracker_inst/remaining_r[21][8]_i_3_n_0
                         LUT6 (Prop_LUT6_I0_O)        0.100     0.948 f  u_tlp_layer/tracker_inst/remaining_r[21][8]_i_2/O
                         net (fo=15, unplaced)        0.182     1.130    u_tlp_layer/tracker_inst/remaining_r[21][8]_i_2_n_0
                         LUT6 (Prop_LUT6_I3_O)        0.090     1.220 f  u_tlp_layer/tracker_inst/cpl_timeout_valid_o_i_24/O
                         net (fo=1, unplaced)         0.140     1.360    u_tlp_layer/tracker_inst/cpl_timeout_valid_o_i_24_n_0
                         LUT6 (Prop_LUT6_I3_O)        0.090     1.450 f  u_tlp_layer/tracker_inst/cpl_timeout_valid_o_i_8/O
                         net (fo=14, unplaced)        0.227     1.677    u_tlp_layer/tracker_inst/cpl_timeout_valid_o_i_8_n_0
                         LUT2 (Prop_LUT2_I1_O)        0.038     1.715 r  u_tlp_layer/tracker_inst/remaining_r[3][12]_i_6/O
                         net (fo=180, unplaced)       0.285     2.000    u_tlp_layer/tracker_inst/remaining_r[3][12]_i_6_n_0
                         LUT4 (Prop_LUT4_I2_O)        0.038     2.038 f  u_tlp_layer/tracker_inst/remaining_r[0][7]_i_159/O
                         net (fo=1, unplaced)         0.186     2.224    u_tlp_layer/tracker_inst/remaining_r[0][7]_i_159_n_0
                         LUT6 (Prop_LUT6_I1_O)        0.038     2.262 f  u_tlp_layer/tracker_inst/remaining_r[0][7]_i_60/O
                         net (fo=1, unplaced)         0.105     2.367    u_tlp_layer/tracker_inst/remaining_r[0][7]_i_60_n_0
                         LUT6 (Prop_LUT6_I0_O)        0.150     2.517 f  u_tlp_layer/tracker_inst/remaining_r[0][7]_i_13/O
                         net (fo=7, unplaced)         0.211     2.728    u_tlp_layer/tracker_inst/remaining_r[1]
                         LUT4 (Prop_LUT4_I2_O)        0.038     2.766 r  u_tlp_layer/tracker_inst/result_last_r_i_11/O
                         net (fo=2, unplaced)         0.233     2.999    u_tlp_layer/tracker_inst/result_last_r_i_11_n_0
                         CARRY8 (Prop_CARRY8_DI[0]_CO[6])
                                                      0.186     3.185 r  u_tlp_layer/tracker_inst/result_context_r_reg[12]_i_55/CO[6]
                         net (fo=1, unplaced)         0.138     3.323    u_tlp_layer/tracker_inst/active_r6
                         LUT4 (Prop_LUT4_I3_O)        0.070     3.393 r  u_tlp_layer/tracker_inst/result_context_r[12]_i_37/O
                         net (fo=2, unplaced)         0.186     3.579    u_tlp_layer/tracker_inst/result_context_r[12]_i_37_n_0
                         LUT5 (Prop_LUT5_I1_O)        0.038     3.617 r  u_tlp_layer/tracker_inst/result_context_r[12]_i_12/O
                         net (fo=3, unplaced)         0.192     3.809    u_tlp_layer/tracker_inst/result_context_r[12]_i_12_n_0
                         LUT6 (Prop_LUT6_I2_O)        0.038     3.847 r  u_tlp_layer/tracker_inst/next_lower_address_r[0][6]_i_3/O
                         net (fo=84, unplaced)        0.267     4.114    u_tlp_layer/tracker_inst/next_lower_address_r[0][6]_i_3_n_0
                         LUT4 (Prop_LUT4_I0_O)        0.038     4.152 f  u_tlp_layer/tracker_inst/next_lower_address_r[1][6]_i_1/O
                         net (fo=8, unplaced)         0.214     4.366    u_tlp_layer/tracker_inst/next_lower_address_r[1][6]_i_1_n_0
                         LUT2 (Prop_LUT2_I1_O)        0.038     4.404 f  u_tlp_layer/tracker_inst/next_lower_address_r[1][4]_i_1/O
                         net (fo=4, unplaced)         0.198     4.602    u_tlp_layer/tracker_inst/next_lower_address_r[1][4]_i_1_n_0
                         FDRE                                         f  u_tlp_layer/tracker_inst/next_lower_address_r_reg[1][3]/R
  -------------------------------------------------------------------    -------------------

                         (clock clk_placeholder rise edge)
                                                      4.000     4.000 r  
                                                      0.000     4.000 r  clk_i (IN)
                         net (fo=8091, unset)         0.021     4.021    u_tlp_layer/tracker_inst/clk_i
                         FDRE                                         r  u_tlp_layer/tracker_inst/next_lower_address_r_reg[1][3]/C
                         clock pessimism              0.000     4.021    
                         clock uncertainty           -0.035     3.986    
                         FDRE (Setup_FDRE_C_R)       -0.074     3.912    u_tlp_layer/tracker_inst/next_lower_address_r_reg[1][3]
  -------------------------------------------------------------------
                         required time                          3.912    
                         arrival time                          -4.602    
  -------------------------------------------------------------------
                         slack                                 -0.690    




