Copyright 1986-2022 Xilinx, Inc. All Rights Reserved. Copyright 2022-2023 Advanced Micro Devices, Inc. All Rights Reserved.
----------------------------------------------------------------------------------------------------------------------------------------------------
| Tool Version      : Vivado v.2023.2 (lin64) Build 4029153 Fri Oct 13 20:13:54 MDT 2023
| Date              : Fri Aug  7 06:45:36 2026
| Host              : vlsi031.ee.washington.edu running 64-bit CentOS Linux release 7.9.2009 (Core)
| Command           : report_timing_summary -delay_type max -max_paths 20 -input_pins -file /home/kourosh/synth_s1/pcie_enum_top/timing_summary.rpt
| Design            : pcie_enum_top
| Device            : xczu7ev-ffvc1156
| Speed File        : -2  PRODUCTION 1.30 05-15-2022
| Design State      : Synthesized
| Temperature Grade : E
----------------------------------------------------------------------------------------------------------------------------------------------------

Timing Summary Report

------------------------------------------------------------------------------------------------
| Timer Settings
| --------------
------------------------------------------------------------------------------------------------

  Enable Multi Corner Analysis               :  Yes
  Enable Pessimism Removal                   :  Yes
  Pessimism Removal Resolution               :  Nearest Common Node
  Enable Input Delay Default Clock           :  No
  Enable Preset / Clear Arcs                 :  No
  Disable Flight Delays                      :  No
  Ignore I/O Paths                           :  No
  Timing Early Launch at Borrowing Latches   :  No
  Borrow Time for Max Delay Exceptions       :  Yes
  Merge Timing Exceptions                    :  Yes
  Inter-SLR Compensation                     :  Conservative

  Corner  Analyze    Analyze    
  Name    Max Paths  Min Paths  
  ------  ---------  ---------  
  Slow    Yes        Yes        
  Fast    Yes        Yes        


------------------------------------------------------------------------------------------------
| Report Methodology
| ------------------
------------------------------------------------------------------------------------------------

No report available as report_methodology has not been run prior. Run report_methodology on the current design for the summary of methodology violations.



check_timing report

Table of Contents
-----------------
1. checking no_clock (0)
2. checking constant_clock (0)
3. checking pulse_width_clock (0)
4. checking unconstrained_internal_endpoints (0)
5. checking no_input_delay (78)
6. checking no_output_delay (1653)
7. checking multiple_clock (0)
8. checking generated_clocks (0)
9. checking loops (0)
10. checking partial_input_delay (0)
11. checking partial_output_delay (0)
12. checking latch_loops (0)

1. checking no_clock (0)
------------------------
 There are 0 register/latch pins with no clock.


2. checking constant_clock (0)
------------------------------
 There are 0 register/latch pins with constant_clock.


3. checking pulse_width_clock (0)
---------------------------------
 There are 0 register/latch pins which need pulse_width check


4. checking unconstrained_internal_endpoints (0)
------------------------------------------------
 There are 0 pins that are not constrained for maximum delay.

 There are 0 pins that are not constrained for maximum delay due to constant clock.


5. checking no_input_delay (78)
-------------------------------
 There are 78 input ports with no input delay specified. (HIGH)

 There are 0 input ports with no input delay but user has a false path constraint.


6. checking no_output_delay (1653)
----------------------------------
 There are 1653 ports with no output delay specified. (HIGH)

 There are 0 ports with no output delay but user has a false path constraint

 There are 0 ports with no output delay but with a timing clock defined on it or propagating through it


7. checking multiple_clock (0)
------------------------------
 There are 0 register/latch pins with multiple clocks.


8. checking generated_clocks (0)
--------------------------------
 There are 0 generated clocks that are not connected to a clock source.


9. checking loops (0)
---------------------
 There are 0 combinational loops in the design.


10. checking partial_input_delay (0)
------------------------------------
 There are 0 input ports with partial input delay specified.


11. checking partial_output_delay (0)
-------------------------------------
 There are 0 ports with partial output delay specified.


12. checking latch_loops (0)
----------------------------
 There are 0 combinational latch loops in the design through latch input



------------------------------------------------------------------------------------------------
| Design Timing Summary
| ---------------------
------------------------------------------------------------------------------------------------

    WNS(ns)      TNS(ns)  TNS Failing Endpoints  TNS Total Endpoints     WPWS(ns)     TPWS(ns)  TPWS Failing Endpoints  TPWS Total Endpoints  
    -------      -------  ---------------------  -------------------     --------     --------  ----------------------  --------------------  
     -0.317      -44.501                    256                 4379        1.725        0.000                       0                  2207  


Timing constraints are not met.


------------------------------------------------------------------------------------------------
| Clock Summary
| -------------
------------------------------------------------------------------------------------------------

Clock            Waveform(ns)         Period(ns)      Frequency(MHz)
-----            ------------         ----------      --------------
clk_placeholder  {0.000 2.000}        4.000           250.000         


------------------------------------------------------------------------------------------------
| Intra Clock Table
| -----------------
------------------------------------------------------------------------------------------------

Clock                WNS(ns)      TNS(ns)  TNS Failing Endpoints  TNS Total Endpoints     WPWS(ns)     TPWS(ns)  TPWS Failing Endpoints  TPWS Total Endpoints  
-----                -------      -------  ---------------------  -------------------     --------     --------  ----------------------  --------------------  
clk_placeholder       -0.317      -44.501                    256                 4379        1.725        0.000                       0                  2207  


------------------------------------------------------------------------------------------------
| Inter Clock Table
| -----------------
------------------------------------------------------------------------------------------------

From Clock    To Clock          WNS(ns)      TNS(ns)  TNS Failing Endpoints  TNS Total Endpoints  
----------    --------          -------      -------  ---------------------  -------------------  


------------------------------------------------------------------------------------------------
| Other Path Groups Table
| -----------------------
------------------------------------------------------------------------------------------------

Path Group    From Clock    To Clock          WNS(ns)      TNS(ns)  TNS Failing Endpoints  TNS Total Endpoints  
----------    ----------    --------          -------      -------  ---------------------  -------------------  


------------------------------------------------------------------------------------------------
| Timing Details
| --------------
------------------------------------------------------------------------------------------------


---------------------------------------------------------------------------------------------------
From Clock:  clk_placeholder
  To Clock:  clk_placeholder

Setup :          256  Failing Endpoints,  Worst Slack       -0.317ns,  Total Violation      -44.501ns
Hold  :           NA  Failing Endpoints,  Worst Slack           NA  ,  Total Violation           NA
PW    :            0  Failing Endpoints,  Worst Slack        1.725ns,  Total Violation        0.000ns
---------------------------------------------------------------------------------------------------


Max Delay Paths
--------------------------------------------------------------------------------------
Slack (VIOLATED) :        -0.317ns  (required time - arrival time)
  Source:                 u_txn/rdata_r_reg[5]/C
                            (rising edge-triggered cell FDRE clocked by clk_placeholder  {rise@0.000ns fall@2.000ns period=4.000ns})
  Destination:            u_bar/error_code_r_reg[0]/CE
                            (rising edge-triggered cell FDRE clocked by clk_placeholder  {rise@0.000ns fall@2.000ns period=4.000ns})
  Path Group:             clk_placeholder
  Path Type:              Setup (Max at Slow Process Corner)
  Requirement:            4.000ns  (clk_placeholder rise@4.000ns - clk_placeholder rise@0.000ns)
  Data Path Delay:        4.212ns  (logic 1.674ns (39.744%)  route 2.538ns (60.256%))
  Logic Levels:           19  (CARRY8=11 LUT1=1 LUT2=3 LUT3=2 LUT6=2)
  Clock Path Skew:        -0.009ns (DCD - SCD + CPR)
    Destination Clock Delay (DCD):    0.021ns = ( 4.021 - 4.000 ) 
    Source Clock Delay      (SCD):    0.030ns
    Clock Pessimism Removal (CPR):    0.000ns
  Clock Uncertainty:      0.035ns  ((TSJ^2 + TIJ^2)^1/2 + DJ) / 2 + PE
    Total System Jitter     (TSJ):    0.071ns
    Total Input Jitter      (TIJ):    0.000ns
    Discrete Jitter          (DJ):    0.000ns
    Phase Error              (PE):    0.000ns

    Location             Delay type                Incr(ns)  Path(ns)    Netlist Resource(s)
  -------------------------------------------------------------------    -------------------
                         (clock clk_placeholder rise edge)
                                                      0.000     0.000 r  
                                                      0.000     0.000 r  clk_i (IN)
                         net (fo=2206, unset)         0.030     0.030    u_txn/clk_i
                         FDRE                                         r  u_txn/rdata_r_reg[5]/C
  -------------------------------------------------------------------    -------------------
                         FDRE (Prop_FDRE_C_Q)         0.077     0.107 f  u_txn/rdata_r_reg[5]/Q
                         net (fo=10, unplaced)        0.170     0.277    u_bar/rsp_rdata_i[5]
                                                                      f  u_bar/size_r[11]_i_9/I0
                         LUT1 (Prop_LUT1_I0_O)        0.037     0.314 r  u_bar/size_r[11]_i_9/O
                         net (fo=1, unplaced)         0.023     0.337    u_bar/size_r[11]_i_9_n_0
                                                                      r  u_bar/size_r_reg[11]_i_2/S[1]
                         CARRY8 (Prop_CARRY8_S[1]_CO[7])
                                                      0.197     0.534 r  u_bar/size_r_reg[11]_i_2/CO[7]
                         net (fo=1, unplaced)         0.005     0.539    u_bar/size_r_reg[11]_i_2_n_0
                                                                      r  u_bar/size_r_reg[19]_i_2/CI
                         CARRY8 (Prop_CARRY8_CI_CO[7])
                                                      0.022     0.561 r  u_bar/size_r_reg[19]_i_2/CO[7]
                         net (fo=1, unplaced)         0.005     0.566    u_bar/size_r_reg[19]_i_2_n_0
                                                                      r  u_bar/size_r_reg[27]_i_2/CI
                         CARRY8 (Prop_CARRY8_CI_CO[7])
                                                      0.022     0.588 r  u_bar/size_r_reg[27]_i_2/CO[7]
                         net (fo=1, unplaced)         0.005     0.593    u_bar/size_r_reg[27]_i_2_n_0
                                                                      r  u_bar/size_r_reg[31]_i_2/CI
                         CARRY8 (Prop_CARRY8_CI_O[1])
                                                      0.076     0.669 r  u_bar/size_r_reg[31]_i_2/O[1]
                         net (fo=10, unplaced)        0.217     0.886    u_bar/size32[29]
                                                                      r  u_bar/addr_r[36]_i_10/I2
                         LUT3 (Prop_LUT3_I2_O)        0.070     0.956 r  u_bar/addr_r[36]_i_10/O
                         net (fo=1, unplaced)         0.260     1.216    u_bar/addr_r[36]_i_10_n_0
                                                                      r  u_bar/addr_r_reg[36]_i_2/DI[0]
                         CARRY8 (Prop_CARRY8_DI[0]_CO[7])
                                                      0.140     1.356 r  u_bar/addr_r_reg[36]_i_2/CO[7]
                         net (fo=1, unplaced)         0.005     1.361    u_bar/addr_r_reg[36]_i_2_n_0
                                                                      r  u_bar/addr_r_reg[44]_i_2/CI
                         CARRY8 (Prop_CARRY8_CI_O[4])
                                                      0.086     1.447 r  u_bar/addr_r_reg[44]_i_2/O[4]
                         net (fo=4, unplaced)         0.196     1.643    u_bar/align_mask65[41]
                                                                      r  u_bar/addr_r[43]_i_5/I1
                         LUT2 (Prop_LUT2_I1_O)        0.037     1.680 r  u_bar/addr_r[43]_i_5/O
                         net (fo=1, unplaced)         0.029     1.709    u_bar/addr_r[43]_i_5_n_0
                                                                      r  u_bar/addr_r_reg[43]_i_2/S[5]
                         CARRY8 (Prop_CARRY8_S[5]_CO[7])
                                                      0.166     1.875 r  u_bar/addr_r_reg[43]_i_2/CO[7]
                         net (fo=1, unplaced)         0.005     1.880    u_bar/addr_r_reg[43]_i_2_n_0
                                                                      r  u_bar/addr_r_reg[51]_i_2/CI
                         CARRY8 (Prop_CARRY8_CI_O[0])
                                                      0.056     1.936 r  u_bar/addr_r_reg[51]_i_2/O[0]
                         net (fo=3, unplaced)         0.192     2.128    u_bar/addr_r_reg[51]_i_2_n_15
                                                                      r  u_bar/error_code_r[3]_i_273/I0
                         LUT2 (Prop_LUT2_I0_O)        0.070     2.198 r  u_bar/error_code_r[3]_i_273/O
                         net (fo=1, unplaced)         0.260     2.458    u_bar/error_code_r[3]_i_273_n_0
                                                                      r  u_bar/error_code_r_reg[3]_i_157/DI[0]
                         CARRY8 (Prop_CARRY8_DI[0]_CO[7])
                                                      0.140     2.598 r  u_bar/error_code_r_reg[3]_i_157/CO[7]
                         net (fo=1, unplaced)         0.005     2.603    u_bar/error_code_r_reg[3]_i_157_n_0
                                                                      r  u_bar/error_code_r_reg[3]_i_79/CI
                         CARRY8 (Prop_CARRY8_CI_O[1])
                                                      0.076     2.679 r  u_bar/error_code_r_reg[3]_i_79/O[1]
                         net (fo=4, unplaced)         0.196     2.875    u_bar/alloc_end65[53]
                                                                      r  u_bar/error_code_r[3]_i_54/I1
                         LUT2 (Prop_LUT2_I1_O)        0.070     2.945 r  u_bar/error_code_r[3]_i_54/O
                         net (fo=1, unplaced)         0.260     3.205    u_bar/error_code_r[3]_i_54_n_0
                                                                      r  u_bar/error_code_r_reg[3]_i_10/DI[0]
                         CARRY8 (Prop_CARRY8_DI[0]_CO[6])
                                                      0.186     3.391 r  u_bar/error_code_r_reg[3]_i_10/CO[6]
                         net (fo=5, unplaced)         0.156     3.547    u_bar/window_bad
                                                                      r  u_bar/error_code_r[3]_i_4/I2
                         LUT3 (Prop_LUT3_I2_O)        0.070     3.617 r  u_bar/error_code_r[3]_i_4/O
                         net (fo=7, unplaced)         0.211     3.828    u_bar/error_code_r[3]_i_4_n_0
                                                                      r  u_bar/error_code_r[3]_i_7/I3
                         LUT6 (Prop_LUT6_I3_O)        0.038     3.866 r  u_bar/error_code_r[3]_i_7/O
                         net (fo=1, unplaced)         0.186     4.052    u_bar/error_code_r[3]_i_7_n_0
                                                                      r  u_bar/error_code_r[3]_i_1/I5
                         LUT6 (Prop_LUT6_I5_O)        0.038     4.090 r  u_bar/error_code_r[3]_i_1/O
                         net (fo=4, unplaced)         0.152     4.242    u_bar/error_code_r[3]_i_1_n_0
                         FDRE                                         r  u_bar/error_code_r_reg[0]/CE
  -------------------------------------------------------------------    -------------------

                         (clock clk_placeholder rise edge)
                                                      4.000     4.000 r  
                                                      0.000     4.000 r  clk_i (IN)
                         net (fo=2206, unset)         0.021     4.021    u_bar/clk_i
                         FDRE                                         r  u_bar/error_code_r_reg[0]/C
                         clock pessimism              0.000     4.021    
                         clock uncertainty           -0.035     3.986    
                         FDRE (Setup_FDRE_C_CE)      -0.061     3.925    u_bar/error_code_r_reg[0]
  -------------------------------------------------------------------
                         required time                          3.925    
                         arrival time                          -4.242    
  -------------------------------------------------------------------
                         slack                                 -0.317    

Slack (VIOLATED) :        -0.317ns  (required time - arrival time)
  Source:                 u_txn/rdata_r_reg[5]/C
                            (rising edge-triggered cell FDRE clocked by clk_placeholder  {rise@0.000ns fall@2.000ns period=4.000ns})
  Destination:            u_bar/error_code_r_reg[1]/CE
                            (rising edge-triggered cell FDRE clocked by clk_placeholder  {rise@0.000ns fall@2.000ns period=4.000ns})
  Path Group:             clk_placeholder
  Path Type:              Setup (Max at Slow Process Corner)
  Requirement:            4.000ns  (clk_placeholder rise@4.000ns - clk_placeholder rise@0.000ns)
  Data Path Delay:        4.212ns  (logic 1.674ns (39.744%)  route 2.538ns (60.256%))
  Logic Levels:           19  (CARRY8=11 LUT1=1 LUT2=3 LUT3=2 LUT6=2)
  Clock Path Skew:        -0.009ns (DCD - SCD + CPR)
    Destination Clock Delay (DCD):    0.021ns = ( 4.021 - 4.000 ) 
    Source Clock Delay      (SCD):    0.030ns
    Clock Pessimism Removal (CPR):    0.000ns
  Clock Uncertainty:      0.035ns  ((TSJ^2 + TIJ^2)^1/2 + DJ) / 2 + PE
    Total System Jitter     (TSJ):    0.071ns
    Total Input Jitter      (TIJ):    0.000ns
    Discrete Jitter          (DJ):    0.000ns
    Phase Error              (PE):    0.000ns

    Location             Delay type                Incr(ns)  Path(ns)    Netlist Resource(s)
  -------------------------------------------------------------------    -------------------
                         (clock clk_placeholder rise edge)
                                                      0.000     0.000 r  
                                                      0.000     0.000 r  clk_i (IN)
                         net (fo=2206, unset)         0.030     0.030    u_txn/clk_i
                         FDRE                                         r  u_txn/rdata_r_reg[5]/C
  -------------------------------------------------------------------    -------------------
                         FDRE (Prop_FDRE_C_Q)         0.077     0.107 f  u_txn/rdata_r_reg[5]/Q
                         net (fo=10, unplaced)        0.170     0.277    u_bar/rsp_rdata_i[5]
                                                                      f  u_bar/size_r[11]_i_9/I0
                         LUT1 (Prop_LUT1_I0_O)        0.037     0.314 r  u_bar/size_r[11]_i_9/O
                         net (fo=1, unplaced)         0.023     0.337    u_bar/size_r[11]_i_9_n_0
                                                                      r  u_bar/size_r_reg[11]_i_2/S[1]
                         CARRY8 (Prop_CARRY8_S[1]_CO[7])
                                                      0.197     0.534 r  u_bar/size_r_reg[11]_i_2/CO[7]
                         net (fo=1, unplaced)         0.005     0.539    u_bar/size_r_reg[11]_i_2_n_0
                                                                      r  u_bar/size_r_reg[19]_i_2/CI
                         CARRY8 (Prop_CARRY8_CI_CO[7])
                                                      0.022     0.561 r  u_bar/size_r_reg[19]_i_2/CO[7]
                         net (fo=1, unplaced)         0.005     0.566    u_bar/size_r_reg[19]_i_2_n_0
                                                                      r  u_bar/size_r_reg[27]_i_2/CI
                         CARRY8 (Prop_CARRY8_CI_CO[7])
                                                      0.022     0.588 r  u_bar/size_r_reg[27]_i_2/CO[7]
                         net (fo=1, unplaced)         0.005     0.593    u_bar/size_r_reg[27]_i_2_n_0
                                                                      r  u_bar/size_r_reg[31]_i_2/CI
                         CARRY8 (Prop_CARRY8_CI_O[1])
                                                      0.076     0.669 r  u_bar/size_r_reg[31]_i_2/O[1]
                         net (fo=10, unplaced)        0.217     0.886    u_bar/size32[29]
                                                                      r  u_bar/addr_r[36]_i_10/I2
                         LUT3 (Prop_LUT3_I2_O)        0.070     0.956 r  u_bar/addr_r[36]_i_10/O
                         net (fo=1, unplaced)         0.260     1.216    u_bar/addr_r[36]_i_10_n_0
                                                                      r  u_bar/addr_r_reg[36]_i_2/DI[0]
                         CARRY8 (Prop_CARRY8_DI[0]_CO[7])
                                                      0.140     1.356 r  u_bar/addr_r_reg[36]_i_2/CO[7]
                         net (fo=1, unplaced)         0.005     1.361    u_bar/addr_r_reg[36]_i_2_n_0
                                                                      r  u_bar/addr_r_reg[44]_i_2/CI
                         CARRY8 (Prop_CARRY8_CI_O[4])
                                                      0.086     1.447 r  u_bar/addr_r_reg[44]_i_2/O[4]
                         net (fo=4, unplaced)         0.196     1.643    u_bar/align_mask65[41]
                                                                      r  u_bar/addr_r[43]_i_5/I1
                         LUT2 (Prop_LUT2_I1_O)        0.037     1.680 r  u_bar/addr_r[43]_i_5/O
                         net (fo=1, unplaced)         0.029     1.709    u_bar/addr_r[43]_i_5_n_0
                                                                      r  u_bar/addr_r_reg[43]_i_2/S[5]
                         CARRY8 (Prop_CARRY8_S[5]_CO[7])
                                                      0.166     1.875 r  u_bar/addr_r_reg[43]_i_2/CO[7]
                         net (fo=1, unplaced)         0.005     1.880    u_bar/addr_r_reg[43]_i_2_n_0
                                                                      r  u_bar/addr_r_reg[51]_i_2/CI
                         CARRY8 (Prop_CARRY8_CI_O[0])
                                                      0.056     1.936 r  u_bar/addr_r_reg[51]_i_2/O[0]
                         net (fo=3, unplaced)         0.192     2.128    u_bar/addr_r_reg[51]_i_2_n_15
                                                                      r  u_bar/error_code_r[3]_i_273/I0
                         LUT2 (Prop_LUT2_I0_O)        0.070     2.198 r  u_bar/error_code_r[3]_i_273/O
                         net (fo=1, unplaced)         0.260     2.458    u_bar/error_code_r[3]_i_273_n_0
                                                                      r  u_bar/error_code_r_reg[3]_i_157/DI[0]
                         CARRY8 (Prop_CARRY8_DI[0]_CO[7])
                                                      0.140     2.598 r  u_bar/error_code_r_reg[3]_i_157/CO[7]
                         net (fo=1, unplaced)         0.005     2.603    u_bar/error_code_r_reg[3]_i_157_n_0
                                                                      r  u_bar/error_code_r_reg[3]_i_79/CI
                         CARRY8 (Prop_CARRY8_CI_O[1])
                                                      0.076     2.679 r  u_bar/error_code_r_reg[3]_i_79/O[1]
                         net (fo=4, unplaced)         0.196     2.875    u_bar/alloc_end65[53]
                                                                      r  u_bar/error_code_r[3]_i_54/I1
                         LUT2 (Prop_LUT2_I1_O)        0.070     2.945 r  u_bar/error_code_r[3]_i_54/O
                         net (fo=1, unplaced)         0.260     3.205    u_bar/error_code_r[3]_i_54_n_0
                                                                      r  u_bar/error_code_r_reg[3]_i_10/DI[0]
                         CARRY8 (Prop_CARRY8_DI[0]_CO[6])
                                                      0.186     3.391 r  u_bar/error_code_r_reg[3]_i_10/CO[6]
                         net (fo=5, unplaced)         0.156     3.547    u_bar/window_bad
                                                                      r  u_bar/error_code_r[3]_i_4/I2
                         LUT3 (Prop_LUT3_I2_O)        0.070     3.617 r  u_bar/error_code_r[3]_i_4/O
                         net (fo=7, unplaced)         0.211     3.828    u_bar/error_code_r[3]_i_4_n_0
                                                                      r  u_bar/error_code_r[3]_i_7/I3
                         LUT6 (Prop_LUT6_I3_O)        0.038     3.866 r  u_bar/error_code_r[3]_i_7/O
                         net (fo=1, unplaced)         0.186     4.052    u_bar/error_code_r[3]_i_7_n_0
                                                                      r  u_bar/error_code_r[3]_i_1/I5
                         LUT6 (Prop_LUT6_I5_O)        0.038     4.090 r  u_bar/error_code_r[3]_i_1/O
                         net (fo=4, unplaced)         0.152     4.242    u_bar/error_code_r[3]_i_1_n_0
                         FDRE                                         r  u_bar/error_code_r_reg[1]/CE
  -------------------------------------------------------------------    -------------------

                         (clock clk_placeholder rise edge)
                                                      4.000     4.000 r  
                                                      0.000     4.000 r  clk_i (IN)
                         net (fo=2206, unset)         0.021     4.021    u_bar/clk_i
                         FDRE                                         r  u_bar/error_code_r_reg[1]/C
                         clock pessimism              0.000     4.021    
                         clock uncertainty           -0.035     3.986    
                         FDRE (Setup_FDRE_C_CE)      -0.061     3.925    u_bar/error_code_r_reg[1]
  -------------------------------------------------------------------
                         required time                          3.925    
                         arrival time                          -4.242    
  -------------------------------------------------------------------
                         slack                                 -0.317    

Slack (VIOLATED) :        -0.317ns  (required time - arrival time)
  Source:                 u_txn/rdata_r_reg[5]/C
                            (rising edge-triggered cell FDRE clocked by clk_placeholder  {rise@0.000ns fall@2.000ns period=4.000ns})
  Destination:            u_bar/error_code_r_reg[2]/CE
                            (rising edge-triggered cell FDRE clocked by clk_placeholder  {rise@0.000ns fall@2.000ns period=4.000ns})
  Path Group:             clk_placeholder
  Path Type:              Setup (Max at Slow Process Corner)
  Requirement:            4.000ns  (clk_placeholder rise@4.000ns - clk_placeholder rise@0.000ns)
  Data Path Delay:        4.212ns  (logic 1.674ns (39.744%)  route 2.538ns (60.256%))
  Logic Levels:           19  (CARRY8=11 LUT1=1 LUT2=3 LUT3=2 LUT6=2)
  Clock Path Skew:        -0.009ns (DCD - SCD + CPR)
    Destination Clock Delay (DCD):    0.021ns = ( 4.021 - 4.000 ) 
    Source Clock Delay      (SCD):    0.030ns
    Clock Pessimism Removal (CPR):    0.000ns
  Clock Uncertainty:      0.035ns  ((TSJ^2 + TIJ^2)^1/2 + DJ) / 2 + PE
    Total System Jitter     (TSJ):    0.071ns
    Total Input Jitter      (TIJ):    0.000ns
    Discrete Jitter          (DJ):    0.000ns
    Phase Error              (PE):    0.000ns

    Location             Delay type                Incr(ns)  Path(ns)    Netlist Resource(s)
  -------------------------------------------------------------------    -------------------
                         (clock clk_placeholder rise edge)
                                                      0.000     0.000 r  
                                                      0.000     0.000 r  clk_i (IN)
                         net (fo=2206, unset)         0.030     0.030    u_txn/clk_i
                         FDRE                                         r  u_txn/rdata_r_reg[5]/C
  -------------------------------------------------------------------    -------------------
                         FDRE (Prop_FDRE_C_Q)         0.077     0.107 f  u_txn/rdata_r_reg[5]/Q
                         net (fo=10, unplaced)        0.170     0.277    u_bar/rsp_rdata_i[5]
                                                                      f  u_bar/size_r[11]_i_9/I0
                         LUT1 (Prop_LUT1_I0_O)        0.037     0.314 r  u_bar/size_r[11]_i_9/O
                         net (fo=1, unplaced)         0.023     0.337    u_bar/size_r[11]_i_9_n_0
                                                                      r  u_bar/size_r_reg[11]_i_2/S[1]
                         CARRY8 (Prop_CARRY8_S[1]_CO[7])
                                                      0.197     0.534 r  u_bar/size_r_reg[11]_i_2/CO[7]
                         net (fo=1, unplaced)         0.005     0.539    u_bar/size_r_reg[11]_i_2_n_0
                                                                      r  u_bar/size_r_reg[19]_i_2/CI
                         CARRY8 (Prop_CARRY8_CI_CO[7])
                                                      0.022     0.561 r  u_bar/size_r_reg[19]_i_2/CO[7]
                         net (fo=1, unplaced)         0.005     0.566    u_bar/size_r_reg[19]_i_2_n_0
                                                                      r  u_bar/size_r_reg[27]_i_2/CI
                         CARRY8 (Prop_CARRY8_CI_CO[7])
                                                      0.022     0.588 r  u_bar/size_r_reg[27]_i_2/CO[7]
                         net (fo=1, unplaced)         0.005     0.593    u_bar/size_r_reg[27]_i_2_n_0
                                                                      r  u_bar/size_r_reg[31]_i_2/CI
                         CARRY8 (Prop_CARRY8_CI_O[1])
                                                      0.076     0.669 r  u_bar/size_r_reg[31]_i_2/O[1]
                         net (fo=10, unplaced)        0.217     0.886    u_bar/size32[29]
                                                                      r  u_bar/addr_r[36]_i_10/I2
                         LUT3 (Prop_LUT3_I2_O)        0.070     0.956 r  u_bar/addr_r[36]_i_10/O
                         net (fo=1, unplaced)         0.260     1.216    u_bar/addr_r[36]_i_10_n_0
                                                                      r  u_bar/addr_r_reg[36]_i_2/DI[0]
                         CARRY8 (Prop_CARRY8_DI[0]_CO[7])
                                                      0.140     1.356 r  u_bar/addr_r_reg[36]_i_2/CO[7]
                         net (fo=1, unplaced)         0.005     1.361    u_bar/addr_r_reg[36]_i_2_n_0
                                                                      r  u_bar/addr_r_reg[44]_i_2/CI
                         CARRY8 (Prop_CARRY8_CI_O[4])
                                                      0.086     1.447 r  u_bar/addr_r_reg[44]_i_2/O[4]
                         net (fo=4, unplaced)         0.196     1.643    u_bar/align_mask65[41]
                                                                      r  u_bar/addr_r[43]_i_5/I1
                         LUT2 (Prop_LUT2_I1_O)        0.037     1.680 r  u_bar/addr_r[43]_i_5/O
                         net (fo=1, unplaced)         0.029     1.709    u_bar/addr_r[43]_i_5_n_0
                                                                      r  u_bar/addr_r_reg[43]_i_2/S[5]
                         CARRY8 (Prop_CARRY8_S[5]_CO[7])
                                                      0.166     1.875 r  u_bar/addr_r_reg[43]_i_2/CO[7]
                         net (fo=1, unplaced)         0.005     1.880    u_bar/addr_r_reg[43]_i_2_n_0
                                                                      r  u_bar/addr_r_reg[51]_i_2/CI
                         CARRY8 (Prop_CARRY8_CI_O[0])
                                                      0.056     1.936 r  u_bar/addr_r_reg[51]_i_2/O[0]
                         net (fo=3, unplaced)         0.192     2.128    u_bar/addr_r_reg[51]_i_2_n_15
                                                                      r  u_bar/error_code_r[3]_i_273/I0
                         LUT2 (Prop_LUT2_I0_O)        0.070     2.198 r  u_bar/error_code_r[3]_i_273/O
                         net (fo=1, unplaced)         0.260     2.458    u_bar/error_code_r[3]_i_273_n_0
                                                                      r  u_bar/error_code_r_reg[3]_i_157/DI[0]
                         CARRY8 (Prop_CARRY8_DI[0]_CO[7])
                                                      0.140     2.598 r  u_bar/error_code_r_reg[3]_i_157/CO[7]
                         net (fo=1, unplaced)         0.005     2.603    u_bar/error_code_r_reg[3]_i_157_n_0
                                                                      r  u_bar/error_code_r_reg[3]_i_79/CI
                         CARRY8 (Prop_CARRY8_CI_O[1])
                                                      0.076     2.679 r  u_bar/error_code_r_reg[3]_i_79/O[1]
                         net (fo=4, unplaced)         0.196     2.875    u_bar/alloc_end65[53]
                                                                      r  u_bar/error_code_r[3]_i_54/I1
                         LUT2 (Prop_LUT2_I1_O)        0.070     2.945 r  u_bar/error_code_r[3]_i_54/O
                         net (fo=1, unplaced)         0.260     3.205    u_bar/error_code_r[3]_i_54_n_0
                                                                      r  u_bar/error_code_r_reg[3]_i_10/DI[0]
                         CARRY8 (Prop_CARRY8_DI[0]_CO[6])
                                                      0.186     3.391 r  u_bar/error_code_r_reg[3]_i_10/CO[6]
                         net (fo=5, unplaced)         0.156     3.547    u_bar/window_bad
                                                                      r  u_bar/error_code_r[3]_i_4/I2
                         LUT3 (Prop_LUT3_I2_O)        0.070     3.617 r  u_bar/error_code_r[3]_i_4/O
                         net (fo=7, unplaced)         0.211     3.828    u_bar/error_code_r[3]_i_4_n_0
                                                                      r  u_bar/error_code_r[3]_i_7/I3
                         LUT6 (Prop_LUT6_I3_O)        0.038     3.866 r  u_bar/error_code_r[3]_i_7/O
                         net (fo=1, unplaced)         0.186     4.052    u_bar/error_code_r[3]_i_7_n_0
                                                                      r  u_bar/error_code_r[3]_i_1/I5
                         LUT6 (Prop_LUT6_I5_O)        0.038     4.090 r  u_bar/error_code_r[3]_i_1/O
                         net (fo=4, unplaced)         0.152     4.242    u_bar/error_code_r[3]_i_1_n_0
                         FDRE                                         r  u_bar/error_code_r_reg[2]/CE
  -------------------------------------------------------------------    -------------------

                         (clock clk_placeholder rise edge)
                                                      4.000     4.000 r  
                                                      0.000     4.000 r  clk_i (IN)
                         net (fo=2206, unset)         0.021     4.021    u_bar/clk_i
                         FDRE                                         r  u_bar/error_code_r_reg[2]/C
                         clock pessimism              0.000     4.021    
                         clock uncertainty           -0.035     3.986    
                         FDRE (Setup_FDRE_C_CE)      -0.061     3.925    u_bar/error_code_r_reg[2]
  -------------------------------------------------------------------
                         required time                          3.925    
                         arrival time                          -4.242    
  -------------------------------------------------------------------
                         slack                                 -0.317    

Slack (VIOLATED) :        -0.317ns  (required time - arrival time)
  Source:                 u_txn/rdata_r_reg[5]/C
                            (rising edge-triggered cell FDRE clocked by clk_placeholder  {rise@0.000ns fall@2.000ns period=4.000ns})
  Destination:            u_bar/error_code_r_reg[3]/CE
                            (rising edge-triggered cell FDRE clocked by clk_placeholder  {rise@0.000ns fall@2.000ns period=4.000ns})
  Path Group:             clk_placeholder
  Path Type:              Setup (Max at Slow Process Corner)
  Requirement:            4.000ns  (clk_placeholder rise@4.000ns - clk_placeholder rise@0.000ns)
  Data Path Delay:        4.212ns  (logic 1.674ns (39.744%)  route 2.538ns (60.256%))
  Logic Levels:           19  (CARRY8=11 LUT1=1 LUT2=3 LUT3=2 LUT6=2)
  Clock Path Skew:        -0.009ns (DCD - SCD + CPR)
    Destination Clock Delay (DCD):    0.021ns = ( 4.021 - 4.000 ) 
    Source Clock Delay      (SCD):    0.030ns
    Clock Pessimism Removal (CPR):    0.000ns
  Clock Uncertainty:      0.035ns  ((TSJ^2 + TIJ^2)^1/2 + DJ) / 2 + PE
    Total System Jitter     (TSJ):    0.071ns
    Total Input Jitter      (TIJ):    0.000ns
    Discrete Jitter          (DJ):    0.000ns
    Phase Error              (PE):    0.000ns

    Location             Delay type                Incr(ns)  Path(ns)    Netlist Resource(s)
  -------------------------------------------------------------------    -------------------
                         (clock clk_placeholder rise edge)
                                                      0.000     0.000 r  
                                                      0.000     0.000 r  clk_i (IN)
                         net (fo=2206, unset)         0.030     0.030    u_txn/clk_i
                         FDRE                                         r  u_txn/rdata_r_reg[5]/C
  -------------------------------------------------------------------    -------------------
                         FDRE (Prop_FDRE_C_Q)         0.077     0.107 f  u_txn/rdata_r_reg[5]/Q
                         net (fo=10, unplaced)        0.170     0.277    u_bar/rsp_rdata_i[5]
                                                                      f  u_bar/size_r[11]_i_9/I0
                         LUT1 (Prop_LUT1_I0_O)        0.037     0.314 r  u_bar/size_r[11]_i_9/O
                         net (fo=1, unplaced)         0.023     0.337    u_bar/size_r[11]_i_9_n_0
                                                                      r  u_bar/size_r_reg[11]_i_2/S[1]
                         CARRY8 (Prop_CARRY8_S[1]_CO[7])
                                                      0.197     0.534 r  u_bar/size_r_reg[11]_i_2/CO[7]
                         net (fo=1, unplaced)         0.005     0.539    u_bar/size_r_reg[11]_i_2_n_0
                                                                      r  u_bar/size_r_reg[19]_i_2/CI
                         CARRY8 (Prop_CARRY8_CI_CO[7])
                                                      0.022     0.561 r  u_bar/size_r_reg[19]_i_2/CO[7]
                         net (fo=1, unplaced)         0.005     0.566    u_bar/size_r_reg[19]_i_2_n_0
                                                                      r  u_bar/size_r_reg[27]_i_2/CI
                         CARRY8 (Prop_CARRY8_CI_CO[7])
                                                      0.022     0.588 r  u_bar/size_r_reg[27]_i_2/CO[7]
                         net (fo=1, unplaced)         0.005     0.593    u_bar/size_r_reg[27]_i_2_n_0
                                                                      r  u_bar/size_r_reg[31]_i_2/CI
                         CARRY8 (Prop_CARRY8_CI_O[1])
                                                      0.076     0.669 r  u_bar/size_r_reg[31]_i_2/O[1]
                         net (fo=10, unplaced)        0.217     0.886    u_bar/size32[29]
                                                                      r  u_bar/addr_r[36]_i_10/I2
                         LUT3 (Prop_LUT3_I2_O)        0.070     0.956 r  u_bar/addr_r[36]_i_10/O
                         net (fo=1, unplaced)         0.260     1.216    u_bar/addr_r[36]_i_10_n_0
                                                                      r  u_bar/addr_r_reg[36]_i_2/DI[0]
                         CARRY8 (Prop_CARRY8_DI[0]_CO[7])
                                                      0.140     1.356 r  u_bar/addr_r_reg[36]_i_2/CO[7]
                         net (fo=1, unplaced)         0.005     1.361    u_bar/addr_r_reg[36]_i_2_n_0
                                                                      r  u_bar/addr_r_reg[44]_i_2/CI
                         CARRY8 (Prop_CARRY8_CI_O[4])
                                                      0.086     1.447 r  u_bar/addr_r_reg[44]_i_2/O[4]
                         net (fo=4, unplaced)         0.196     1.643    u_bar/align_mask65[41]
                                                                      r  u_bar/addr_r[43]_i_5/I1
                         LUT2 (Prop_LUT2_I1_O)        0.037     1.680 r  u_bar/addr_r[43]_i_5/O
                         net (fo=1, unplaced)         0.029     1.709    u_bar/addr_r[43]_i_5_n_0
                                                                      r  u_bar/addr_r_reg[43]_i_2/S[5]
                         CARRY8 (Prop_CARRY8_S[5]_CO[7])
                                                      0.166     1.875 r  u_bar/addr_r_reg[43]_i_2/CO[7]
                         net (fo=1, unplaced)         0.005     1.880    u_bar/addr_r_reg[43]_i_2_n_0
                                                                      r  u_bar/addr_r_reg[51]_i_2/CI
                         CARRY8 (Prop_CARRY8_CI_O[0])
                                                      0.056     1.936 r  u_bar/addr_r_reg[51]_i_2/O[0]
                         net (fo=3, unplaced)         0.192     2.128    u_bar/addr_r_reg[51]_i_2_n_15
                                                                      r  u_bar/error_code_r[3]_i_273/I0
                         LUT2 (Prop_LUT2_I0_O)        0.070     2.198 r  u_bar/error_code_r[3]_i_273/O
                         net (fo=1, unplaced)         0.260     2.458    u_bar/error_code_r[3]_i_273_n_0
                                                                      r  u_bar/error_code_r_reg[3]_i_157/DI[0]
                         CARRY8 (Prop_CARRY8_DI[0]_CO[7])
                                                      0.140     2.598 r  u_bar/error_code_r_reg[3]_i_157/CO[7]
                         net (fo=1, unplaced)         0.005     2.603    u_bar/error_code_r_reg[3]_i_157_n_0
                                                                      r  u_bar/error_code_r_reg[3]_i_79/CI
                         CARRY8 (Prop_CARRY8_CI_O[1])
                                                      0.076     2.679 r  u_bar/error_code_r_reg[3]_i_79/O[1]
                         net (fo=4, unplaced)         0.196     2.875    u_bar/alloc_end65[53]
                                                                      r  u_bar/error_code_r[3]_i_54/I1
                         LUT2 (Prop_LUT2_I1_O)        0.070     2.945 r  u_bar/error_code_r[3]_i_54/O
                         net (fo=1, unplaced)         0.260     3.205    u_bar/error_code_r[3]_i_54_n_0
                                                                      r  u_bar/error_code_r_reg[3]_i_10/DI[0]
                         CARRY8 (Prop_CARRY8_DI[0]_CO[6])
                                                      0.186     3.391 r  u_bar/error_code_r_reg[3]_i_10/CO[6]
                         net (fo=5, unplaced)         0.156     3.547    u_bar/window_bad
                                                                      r  u_bar/error_code_r[3]_i_4/I2
                         LUT3 (Prop_LUT3_I2_O)        0.070     3.617 r  u_bar/error_code_r[3]_i_4/O
                         net (fo=7, unplaced)         0.211     3.828    u_bar/error_code_r[3]_i_4_n_0
                                                                      r  u_bar/error_code_r[3]_i_7/I3
                         LUT6 (Prop_LUT6_I3_O)        0.038     3.866 r  u_bar/error_code_r[3]_i_7/O
                         net (fo=1, unplaced)         0.186     4.052    u_bar/error_code_r[3]_i_7_n_0
                                                                      r  u_bar/error_code_r[3]_i_1/I5
                         LUT6 (Prop_LUT6_I5_O)        0.038     4.090 r  u_bar/error_code_r[3]_i_1/O
                         net (fo=4, unplaced)         0.152     4.242    u_bar/error_code_r[3]_i_1_n_0
                         FDRE                                         r  u_bar/error_code_r_reg[3]/CE
  -------------------------------------------------------------------    -------------------

                         (clock clk_placeholder rise edge)
                                                      4.000     4.000 r  
                                                      0.000     4.000 r  clk_i (IN)
                         net (fo=2206, unset)         0.021     4.021    u_bar/clk_i
                         FDRE                                         r  u_bar/error_code_r_reg[3]/C
                         clock pessimism              0.000     4.021    
                         clock uncertainty           -0.035     3.986    
                         FDRE (Setup_FDRE_C_CE)      -0.061     3.925    u_bar/error_code_r_reg[3]
  -------------------------------------------------------------------
                         required time                          3.925    
                         arrival time                          -4.242    
  -------------------------------------------------------------------
                         slack                                 -0.317    

Slack (VIOLATED) :        -0.317ns  (required time - arrival time)
  Source:                 u_txn/rdata_r_reg[5]/C
                            (rising edge-triggered cell FDRE clocked by clk_placeholder  {rise@0.000ns fall@2.000ns period=4.000ns})
  Destination:            u_bar2/error_code_r_reg[0]/CE
                            (rising edge-triggered cell FDRE clocked by clk_placeholder  {rise@0.000ns fall@2.000ns period=4.000ns})
  Path Group:             clk_placeholder
  Path Type:              Setup (Max at Slow Process Corner)
  Requirement:            4.000ns  (clk_placeholder rise@4.000ns - clk_placeholder rise@0.000ns)
  Data Path Delay:        4.212ns  (logic 1.674ns (39.744%)  route 2.538ns (60.256%))
  Logic Levels:           19  (CARRY8=11 LUT1=1 LUT2=3 LUT3=2 LUT6=2)
  Clock Path Skew:        -0.009ns (DCD - SCD + CPR)
    Destination Clock Delay (DCD):    0.021ns = ( 4.021 - 4.000 ) 
    Source Clock Delay      (SCD):    0.030ns
    Clock Pessimism Removal (CPR):    0.000ns
  Clock Uncertainty:      0.035ns  ((TSJ^2 + TIJ^2)^1/2 + DJ) / 2 + PE
    Total System Jitter     (TSJ):    0.071ns
    Total Input Jitter      (TIJ):    0.000ns
    Discrete Jitter          (DJ):    0.000ns
    Phase Error              (PE):    0.000ns

    Location             Delay type                Incr(ns)  Path(ns)    Netlist Resource(s)
  -------------------------------------------------------------------    -------------------
                         (clock clk_placeholder rise edge)
                                                      0.000     0.000 r  
                                                      0.000     0.000 r  clk_i (IN)
                         net (fo=2206, unset)         0.030     0.030    u_txn/clk_i
                         FDRE                                         r  u_txn/rdata_r_reg[5]/C
  -------------------------------------------------------------------    -------------------
                         FDRE (Prop_FDRE_C_Q)         0.077     0.107 f  u_txn/rdata_r_reg[5]/Q
                         net (fo=10, unplaced)        0.170     0.277    u_bar2/rsp_rdata_i[5]
                                                                      f  u_bar2/size_r[11]_i_9/I0
                         LUT1 (Prop_LUT1_I0_O)        0.037     0.314 r  u_bar2/size_r[11]_i_9/O
                         net (fo=1, unplaced)         0.023     0.337    u_bar2/size_r[11]_i_9_n_0
                                                                      r  u_bar2/size_r_reg[11]_i_2/S[1]
                         CARRY8 (Prop_CARRY8_S[1]_CO[7])
                                                      0.197     0.534 r  u_bar2/size_r_reg[11]_i_2/CO[7]
                         net (fo=1, unplaced)         0.005     0.539    u_bar2/size_r_reg[11]_i_2_n_0
                                                                      r  u_bar2/size_r_reg[19]_i_2/CI
                         CARRY8 (Prop_CARRY8_CI_CO[7])
                                                      0.022     0.561 r  u_bar2/size_r_reg[19]_i_2/CO[7]
                         net (fo=1, unplaced)         0.005     0.566    u_bar2/size_r_reg[19]_i_2_n_0
                                                                      r  u_bar2/size_r_reg[27]_i_2/CI
                         CARRY8 (Prop_CARRY8_CI_CO[7])
                                                      0.022     0.588 r  u_bar2/size_r_reg[27]_i_2/CO[7]
                         net (fo=1, unplaced)         0.005     0.593    u_bar2/size_r_reg[27]_i_2_n_0
                                                                      r  u_bar2/size_r_reg[31]_i_2/CI
                         CARRY8 (Prop_CARRY8_CI_O[1])
                                                      0.076     0.669 r  u_bar2/size_r_reg[31]_i_2/O[1]
                         net (fo=10, unplaced)        0.217     0.886    u_bar2/size32[29]
                                                                      r  u_bar2/addr_r[36]_i_10/I2
                         LUT3 (Prop_LUT3_I2_O)        0.070     0.956 r  u_bar2/addr_r[36]_i_10/O
                         net (fo=1, unplaced)         0.260     1.216    u_bar2/addr_r[36]_i_10_n_0
                                                                      r  u_bar2/addr_r_reg[36]_i_2/DI[0]
                         CARRY8 (Prop_CARRY8_DI[0]_CO[7])
                                                      0.140     1.356 r  u_bar2/addr_r_reg[36]_i_2/CO[7]
                         net (fo=1, unplaced)         0.005     1.361    u_bar2/addr_r_reg[36]_i_2_n_0
                                                                      r  u_bar2/addr_r_reg[44]_i_2/CI
                         CARRY8 (Prop_CARRY8_CI_O[4])
                                                      0.086     1.447 r  u_bar2/addr_r_reg[44]_i_2/O[4]
                         net (fo=4, unplaced)         0.196     1.643    u_bar2/align_mask65[41]
                                                                      r  u_bar2/addr_r[43]_i_5/I1
                         LUT2 (Prop_LUT2_I1_O)        0.037     1.680 r  u_bar2/addr_r[43]_i_5/O
                         net (fo=1, unplaced)         0.029     1.709    u_bar2/addr_r[43]_i_5_n_0
                                                                      r  u_bar2/addr_r_reg[43]_i_2/S[5]
                         CARRY8 (Prop_CARRY8_S[5]_CO[7])
                                                      0.166     1.875 r  u_bar2/addr_r_reg[43]_i_2/CO[7]
                         net (fo=1, unplaced)         0.005     1.880    u_bar2/addr_r_reg[43]_i_2_n_0
                                                                      r  u_bar2/addr_r_reg[51]_i_2/CI
                         CARRY8 (Prop_CARRY8_CI_O[0])
                                                      0.056     1.936 r  u_bar2/addr_r_reg[51]_i_2/O[0]
                         net (fo=3, unplaced)         0.192     2.128    u_bar2/addr_r_reg[51]_i_2_n_15
                                                                      r  u_bar2/error_code_r[3]_i_273/I0
                         LUT2 (Prop_LUT2_I0_O)        0.070     2.198 r  u_bar2/error_code_r[3]_i_273/O
                         net (fo=1, unplaced)         0.260     2.458    u_bar2/error_code_r[3]_i_273_n_0
                                                                      r  u_bar2/error_code_r_reg[3]_i_157/DI[0]
                         CARRY8 (Prop_CARRY8_DI[0]_CO[7])
                                                      0.140     2.598 r  u_bar2/error_code_r_reg[3]_i_157/CO[7]
                         net (fo=1, unplaced)         0.005     2.603    u_bar2/error_code_r_reg[3]_i_157_n_0
                                                                      r  u_bar2/error_code_r_reg[3]_i_79/CI
                         CARRY8 (Prop_CARRY8_CI_O[1])
                                                      0.076     2.679 r  u_bar2/error_code_r_reg[3]_i_79/O[1]
                         net (fo=4, unplaced)         0.196     2.875    u_bar2/alloc_end65[53]
                                                                      r  u_bar2/error_code_r[3]_i_54/I1
                         LUT2 (Prop_LUT2_I1_O)        0.070     2.945 r  u_bar2/error_code_r[3]_i_54/O
                         net (fo=1, unplaced)         0.260     3.205    u_bar2/error_code_r[3]_i_54_n_0
                                                                      r  u_bar2/error_code_r_reg[3]_i_10/DI[0]
                         CARRY8 (Prop_CARRY8_DI[0]_CO[6])
                                                      0.186     3.391 r  u_bar2/error_code_r_reg[3]_i_10/CO[6]
                         net (fo=5, unplaced)         0.156     3.547    u_bar2/window_bad
                                                                      r  u_bar2/error_code_r[3]_i_4/I2
                         LUT3 (Prop_LUT3_I2_O)        0.070     3.617 r  u_bar2/error_code_r[3]_i_4/O
                         net (fo=7, unplaced)         0.211     3.828    u_bar2/error_code_r[3]_i_4_n_0
                                                                      r  u_bar2/error_code_r[3]_i_7/I3
                         LUT6 (Prop_LUT6_I3_O)        0.038     3.866 r  u_bar2/error_code_r[3]_i_7/O
                         net (fo=1, unplaced)         0.186     4.052    u_bar2/error_code_r[3]_i_7_n_0
                                                                      r  u_bar2/error_code_r[3]_i_1/I5
                         LUT6 (Prop_LUT6_I5_O)        0.038     4.090 r  u_bar2/error_code_r[3]_i_1/O
                         net (fo=4, unplaced)         0.152     4.242    u_bar2/error_code_r[3]_i_1_n_0
                         FDRE                                         r  u_bar2/error_code_r_reg[0]/CE
  -------------------------------------------------------------------    -------------------

                         (clock clk_placeholder rise edge)
                                                      4.000     4.000 r  
                                                      0.000     4.000 r  clk_i (IN)
                         net (fo=2206, unset)         0.021     4.021    u_bar2/clk_i
                         FDRE                                         r  u_bar2/error_code_r_reg[0]/C
                         clock pessimism              0.000     4.021    
                         clock uncertainty           -0.035     3.986    
                         FDRE (Setup_FDRE_C_CE)      -0.061     3.925    u_bar2/error_code_r_reg[0]
  -------------------------------------------------------------------
                         required time                          3.925    
                         arrival time                          -4.242    
  -------------------------------------------------------------------
                         slack                                 -0.317    

Slack (VIOLATED) :        -0.317ns  (required time - arrival time)
  Source:                 u_txn/rdata_r_reg[5]/C
                            (rising edge-triggered cell FDRE clocked by clk_placeholder  {rise@0.000ns fall@2.000ns period=4.000ns})
  Destination:            u_bar2/error_code_r_reg[1]/CE
                            (rising edge-triggered cell FDRE clocked by clk_placeholder  {rise@0.000ns fall@2.000ns period=4.000ns})
  Path Group:             clk_placeholder
  Path Type:              Setup (Max at Slow Process Corner)
  Requirement:            4.000ns  (clk_placeholder rise@4.000ns - clk_placeholder rise@0.000ns)
  Data Path Delay:        4.212ns  (logic 1.674ns (39.744%)  route 2.538ns (60.256%))
  Logic Levels:           19  (CARRY8=11 LUT1=1 LUT2=3 LUT3=2 LUT6=2)
  Clock Path Skew:        -0.009ns (DCD - SCD + CPR)
    Destination Clock Delay (DCD):    0.021ns = ( 4.021 - 4.000 ) 
    Source Clock Delay      (SCD):    0.030ns
    Clock Pessimism Removal (CPR):    0.000ns
  Clock Uncertainty:      0.035ns  ((TSJ^2 + TIJ^2)^1/2 + DJ) / 2 + PE
    Total System Jitter     (TSJ):    0.071ns
    Total Input Jitter      (TIJ):    0.000ns
    Discrete Jitter          (DJ):    0.000ns
    Phase Error              (PE):    0.000ns

    Location             Delay type                Incr(ns)  Path(ns)    Netlist Resource(s)
  -------------------------------------------------------------------    -------------------
                         (clock clk_placeholder rise edge)
                                                      0.000     0.000 r  
                                                      0.000     0.000 r  clk_i (IN)
                         net (fo=2206, unset)         0.030     0.030    u_txn/clk_i
                         FDRE                                         r  u_txn/rdata_r_reg[5]/C
  -------------------------------------------------------------------    -------------------
                         FDRE (Prop_FDRE_C_Q)         0.077     0.107 f  u_txn/rdata_r_reg[5]/Q
                         net (fo=10, unplaced)        0.170     0.277    u_bar2/rsp_rdata_i[5]
                                                                      f  u_bar2/size_r[11]_i_9/I0
                         LUT1 (Prop_LUT1_I0_O)        0.037     0.314 r  u_bar2/size_r[11]_i_9/O
                         net (fo=1, unplaced)         0.023     0.337    u_bar2/size_r[11]_i_9_n_0
                                                                      r  u_bar2/size_r_reg[11]_i_2/S[1]
                         CARRY8 (Prop_CARRY8_S[1]_CO[7])
                                                      0.197     0.534 r  u_bar2/size_r_reg[11]_i_2/CO[7]
                         net (fo=1, unplaced)         0.005     0.539    u_bar2/size_r_reg[11]_i_2_n_0
                                                                      r  u_bar2/size_r_reg[19]_i_2/CI
                         CARRY8 (Prop_CARRY8_CI_CO[7])
                                                      0.022     0.561 r  u_bar2/size_r_reg[19]_i_2/CO[7]
                         net (fo=1, unplaced)         0.005     0.566    u_bar2/size_r_reg[19]_i_2_n_0
                                                                      r  u_bar2/size_r_reg[27]_i_2/CI
                         CARRY8 (Prop_CARRY8_CI_CO[7])
                                                      0.022     0.588 r  u_bar2/size_r_reg[27]_i_2/CO[7]
                         net (fo=1, unplaced)         0.005     0.593    u_bar2/size_r_reg[27]_i_2_n_0
                                                                      r  u_bar2/size_r_reg[31]_i_2/CI
                         CARRY8 (Prop_CARRY8_CI_O[1])
                                                      0.076     0.669 r  u_bar2/size_r_reg[31]_i_2/O[1]
                         net (fo=10, unplaced)        0.217     0.886    u_bar2/size32[29]
                                                                      r  u_bar2/addr_r[36]_i_10/I2
                         LUT3 (Prop_LUT3_I2_O)        0.070     0.956 r  u_bar2/addr_r[36]_i_10/O
                         net (fo=1, unplaced)         0.260     1.216    u_bar2/addr_r[36]_i_10_n_0
                                                                      r  u_bar2/addr_r_reg[36]_i_2/DI[0]
                         CARRY8 (Prop_CARRY8_DI[0]_CO[7])
                                                      0.140     1.356 r  u_bar2/addr_r_reg[36]_i_2/CO[7]
                         net (fo=1, unplaced)         0.005     1.361    u_bar2/addr_r_reg[36]_i_2_n_0
                                                                      r  u_bar2/addr_r_reg[44]_i_2/CI
                         CARRY8 (Prop_CARRY8_CI_O[4])
                                                      0.086     1.447 r  u_bar2/addr_r_reg[44]_i_2/O[4]
                         net (fo=4, unplaced)         0.196     1.643    u_bar2/align_mask65[41]
                                                                      r  u_bar2/addr_r[43]_i_5/I1
                         LUT2 (Prop_LUT2_I1_O)        0.037     1.680 r  u_bar2/addr_r[43]_i_5/O
                         net (fo=1, unplaced)         0.029     1.709    u_bar2/addr_r[43]_i_5_n_0
                                                                      r  u_bar2/addr_r_reg[43]_i_2/S[5]
                         CARRY8 (Prop_CARRY8_S[5]_CO[7])
                                                      0.166     1.875 r  u_bar2/addr_r_reg[43]_i_2/CO[7]
                         net (fo=1, unplaced)         0.005     1.880    u_bar2/addr_r_reg[43]_i_2_n_0
                                                                      r  u_bar2/addr_r_reg[51]_i_2/CI
                         CARRY8 (Prop_CARRY8_CI_O[0])
                                                      0.056     1.936 r  u_bar2/addr_r_reg[51]_i_2/O[0]
                         net (fo=3, unplaced)         0.192     2.128    u_bar2/addr_r_reg[51]_i_2_n_15
                                                                      r  u_bar2/error_code_r[3]_i_273/I0
                         LUT2 (Prop_LUT2_I0_O)        0.070     2.198 r  u_bar2/error_code_r[3]_i_273/O
                         net (fo=1, unplaced)         0.260     2.458    u_bar2/error_code_r[3]_i_273_n_0
                                                                      r  u_bar2/error_code_r_reg[3]_i_157/DI[0]
                         CARRY8 (Prop_CARRY8_DI[0]_CO[7])
                                                      0.140     2.598 r  u_bar2/error_code_r_reg[3]_i_157/CO[7]
                         net (fo=1, unplaced)         0.005     2.603    u_bar2/error_code_r_reg[3]_i_157_n_0
                                                                      r  u_bar2/error_code_r_reg[3]_i_79/CI
                         CARRY8 (Prop_CARRY8_CI_O[1])
                                                      0.076     2.679 r  u_bar2/error_code_r_reg[3]_i_79/O[1]
                         net (fo=4, unplaced)         0.196     2.875    u_bar2/alloc_end65[53]
                                                                      r  u_bar2/error_code_r[3]_i_54/I1
                         LUT2 (Prop_LUT2_I1_O)        0.070     2.945 r  u_bar2/error_code_r[3]_i_54/O
                         net (fo=1, unplaced)         0.260     3.205    u_bar2/error_code_r[3]_i_54_n_0
                                                                      r  u_bar2/error_code_r_reg[3]_i_10/DI[0]
                         CARRY8 (Prop_CARRY8_DI[0]_CO[6])
                                                      0.186     3.391 r  u_bar2/error_code_r_reg[3]_i_10/CO[6]
                         net (fo=5, unplaced)         0.156     3.547    u_bar2/window_bad
                                                                      r  u_bar2/error_code_r[3]_i_4/I2
                         LUT3 (Prop_LUT3_I2_O)        0.070     3.617 r  u_bar2/error_code_r[3]_i_4/O
                         net (fo=7, unplaced)         0.211     3.828    u_bar2/error_code_r[3]_i_4_n_0
                                                                      r  u_bar2/error_code_r[3]_i_7/I3
                         LUT6 (Prop_LUT6_I3_O)        0.038     3.866 r  u_bar2/error_code_r[3]_i_7/O
                         net (fo=1, unplaced)         0.186     4.052    u_bar2/error_code_r[3]_i_7_n_0
                                                                      r  u_bar2/error_code_r[3]_i_1/I5
                         LUT6 (Prop_LUT6_I5_O)        0.038     4.090 r  u_bar2/error_code_r[3]_i_1/O
                         net (fo=4, unplaced)         0.152     4.242    u_bar2/error_code_r[3]_i_1_n_0
                         FDRE                                         r  u_bar2/error_code_r_reg[1]/CE
  -------------------------------------------------------------------    -------------------

                         (clock clk_placeholder rise edge)
                                                      4.000     4.000 r  
                                                      0.000     4.000 r  clk_i (IN)
                         net (fo=2206, unset)         0.021     4.021    u_bar2/clk_i
                         FDRE                                         r  u_bar2/error_code_r_reg[1]/C
                         clock pessimism              0.000     4.021    
                         clock uncertainty           -0.035     3.986    
                         FDRE (Setup_FDRE_C_CE)      -0.061     3.925    u_bar2/error_code_r_reg[1]
  -------------------------------------------------------------------
                         required time                          3.925    
                         arrival time                          -4.242    
  -------------------------------------------------------------------
                         slack                                 -0.317    

Slack (VIOLATED) :        -0.317ns  (required time - arrival time)
  Source:                 u_txn/rdata_r_reg[5]/C
                            (rising edge-triggered cell FDRE clocked by clk_placeholder  {rise@0.000ns fall@2.000ns period=4.000ns})
  Destination:            u_bar2/error_code_r_reg[2]/CE
                            (rising edge-triggered cell FDRE clocked by clk_placeholder  {rise@0.000ns fall@2.000ns period=4.000ns})
  Path Group:             clk_placeholder
  Path Type:              Setup (Max at Slow Process Corner)
  Requirement:            4.000ns  (clk_placeholder rise@4.000ns - clk_placeholder rise@0.000ns)
  Data Path Delay:        4.212ns  (logic 1.674ns (39.744%)  route 2.538ns (60.256%))
  Logic Levels:           19  (CARRY8=11 LUT1=1 LUT2=3 LUT3=2 LUT6=2)
  Clock Path Skew:        -0.009ns (DCD - SCD + CPR)
    Destination Clock Delay (DCD):    0.021ns = ( 4.021 - 4.000 ) 
    Source Clock Delay      (SCD):    0.030ns
    Clock Pessimism Removal (CPR):    0.000ns
  Clock Uncertainty:      0.035ns  ((TSJ^2 + TIJ^2)^1/2 + DJ) / 2 + PE
    Total System Jitter     (TSJ):    0.071ns
    Total Input Jitter      (TIJ):    0.000ns
    Discrete Jitter          (DJ):    0.000ns
    Phase Error              (PE):    0.000ns

    Location             Delay type                Incr(ns)  Path(ns)    Netlist Resource(s)
  -------------------------------------------------------------------    -------------------
                         (clock clk_placeholder rise edge)
                                                      0.000     0.000 r  
                                                      0.000     0.000 r  clk_i (IN)
                         net (fo=2206, unset)         0.030     0.030    u_txn/clk_i
                         FDRE                                         r  u_txn/rdata_r_reg[5]/C
  -------------------------------------------------------------------    -------------------
                         FDRE (Prop_FDRE_C_Q)         0.077     0.107 f  u_txn/rdata_r_reg[5]/Q
                         net (fo=10, unplaced)        0.170     0.277    u_bar2/rsp_rdata_i[5]
                                                                      f  u_bar2/size_r[11]_i_9/I0
                         LUT1 (Prop_LUT1_I0_O)        0.037     0.314 r  u_bar2/size_r[11]_i_9/O
                         net (fo=1, unplaced)         0.023     0.337    u_bar2/size_r[11]_i_9_n_0
                                                                      r  u_bar2/size_r_reg[11]_i_2/S[1]
                         CARRY8 (Prop_CARRY8_S[1]_CO[7])
                                                      0.197     0.534 r  u_bar2/size_r_reg[11]_i_2/CO[7]
                         net (fo=1, unplaced)         0.005     0.539    u_bar2/size_r_reg[11]_i_2_n_0
                                                                      r  u_bar2/size_r_reg[19]_i_2/CI
                         CARRY8 (Prop_CARRY8_CI_CO[7])
                                                      0.022     0.561 r  u_bar2/size_r_reg[19]_i_2/CO[7]
                         net (fo=1, unplaced)         0.005     0.566    u_bar2/size_r_reg[19]_i_2_n_0
                                                                      r  u_bar2/size_r_reg[27]_i_2/CI
                         CARRY8 (Prop_CARRY8_CI_CO[7])
                                                      0.022     0.588 r  u_bar2/size_r_reg[27]_i_2/CO[7]
                         net (fo=1, unplaced)         0.005     0.593    u_bar2/size_r_reg[27]_i_2_n_0
                                                                      r  u_bar2/size_r_reg[31]_i_2/CI
                         CARRY8 (Prop_CARRY8_CI_O[1])
                                                      0.076     0.669 r  u_bar2/size_r_reg[31]_i_2/O[1]
                         net (fo=10, unplaced)        0.217     0.886    u_bar2/size32[29]
                                                                      r  u_bar2/addr_r[36]_i_10/I2
                         LUT3 (Prop_LUT3_I2_O)        0.070     0.956 r  u_bar2/addr_r[36]_i_10/O
                         net (fo=1, unplaced)         0.260     1.216    u_bar2/addr_r[36]_i_10_n_0
                                                                      r  u_bar2/addr_r_reg[36]_i_2/DI[0]
                         CARRY8 (Prop_CARRY8_DI[0]_CO[7])
                                                      0.140     1.356 r  u_bar2/addr_r_reg[36]_i_2/CO[7]
                         net (fo=1, unplaced)         0.005     1.361    u_bar2/addr_r_reg[36]_i_2_n_0
                                                                      r  u_bar2/addr_r_reg[44]_i_2/CI
                         CARRY8 (Prop_CARRY8_CI_O[4])
                                                      0.086     1.447 r  u_bar2/addr_r_reg[44]_i_2/O[4]
                         net (fo=4, unplaced)         0.196     1.643    u_bar2/align_mask65[41]
                                                                      r  u_bar2/addr_r[43]_i_5/I1
                         LUT2 (Prop_LUT2_I1_O)        0.037     1.680 r  u_bar2/addr_r[43]_i_5/O
                         net (fo=1, unplaced)         0.029     1.709    u_bar2/addr_r[43]_i_5_n_0
                                                                      r  u_bar2/addr_r_reg[43]_i_2/S[5]
                         CARRY8 (Prop_CARRY8_S[5]_CO[7])
                                                      0.166     1.875 r  u_bar2/addr_r_reg[43]_i_2/CO[7]
                         net (fo=1, unplaced)         0.005     1.880    u_bar2/addr_r_reg[43]_i_2_n_0
                                                                      r  u_bar2/addr_r_reg[51]_i_2/CI
                         CARRY8 (Prop_CARRY8_CI_O[0])
                                                      0.056     1.936 r  u_bar2/addr_r_reg[51]_i_2/O[0]
                         net (fo=3, unplaced)         0.192     2.128    u_bar2/addr_r_reg[51]_i_2_n_15
                                                                      r  u_bar2/error_code_r[3]_i_273/I0
                         LUT2 (Prop_LUT2_I0_O)        0.070     2.198 r  u_bar2/error_code_r[3]_i_273/O
                         net (fo=1, unplaced)         0.260     2.458    u_bar2/error_code_r[3]_i_273_n_0
                                                                      r  u_bar2/error_code_r_reg[3]_i_157/DI[0]
                         CARRY8 (Prop_CARRY8_DI[0]_CO[7])
                                                      0.140     2.598 r  u_bar2/error_code_r_reg[3]_i_157/CO[7]
                         net (fo=1, unplaced)         0.005     2.603    u_bar2/error_code_r_reg[3]_i_157_n_0
                                                                      r  u_bar2/error_code_r_reg[3]_i_79/CI
                         CARRY8 (Prop_CARRY8_CI_O[1])
                                                      0.076     2.679 r  u_bar2/error_code_r_reg[3]_i_79/O[1]
                         net (fo=4, unplaced)         0.196     2.875    u_bar2/alloc_end65[53]
                                                                      r  u_bar2/error_code_r[3]_i_54/I1
                         LUT2 (Prop_LUT2_I1_O)        0.070     2.945 r  u_bar2/error_code_r[3]_i_54/O
                         net (fo=1, unplaced)         0.260     3.205    u_bar2/error_code_r[3]_i_54_n_0
                                                                      r  u_bar2/error_code_r_reg[3]_i_10/DI[0]
                         CARRY8 (Prop_CARRY8_DI[0]_CO[6])
                                                      0.186     3.391 r  u_bar2/error_code_r_reg[3]_i_10/CO[6]
                         net (fo=5, unplaced)         0.156     3.547    u_bar2/window_bad
                                                                      r  u_bar2/error_code_r[3]_i_4/I2
                         LUT3 (Prop_LUT3_I2_O)        0.070     3.617 r  u_bar2/error_code_r[3]_i_4/O
                         net (fo=7, unplaced)         0.211     3.828    u_bar2/error_code_r[3]_i_4_n_0
                                                                      r  u_bar2/error_code_r[3]_i_7/I3
                         LUT6 (Prop_LUT6_I3_O)        0.038     3.866 r  u_bar2/error_code_r[3]_i_7/O
                         net (fo=1, unplaced)         0.186     4.052    u_bar2/error_code_r[3]_i_7_n_0
                                                                      r  u_bar2/error_code_r[3]_i_1/I5
                         LUT6 (Prop_LUT6_I5_O)        0.038     4.090 r  u_bar2/error_code_r[3]_i_1/O
                         net (fo=4, unplaced)         0.152     4.242    u_bar2/error_code_r[3]_i_1_n_0
                         FDRE                                         r  u_bar2/error_code_r_reg[2]/CE
  -------------------------------------------------------------------    -------------------

                         (clock clk_placeholder rise edge)
                                                      4.000     4.000 r  
                                                      0.000     4.000 r  clk_i (IN)
                         net (fo=2206, unset)         0.021     4.021    u_bar2/clk_i
                         FDRE                                         r  u_bar2/error_code_r_reg[2]/C
                         clock pessimism              0.000     4.021    
                         clock uncertainty           -0.035     3.986    
                         FDRE (Setup_FDRE_C_CE)      -0.061     3.925    u_bar2/error_code_r_reg[2]
  -------------------------------------------------------------------
                         required time                          3.925    
                         arrival time                          -4.242    
  -------------------------------------------------------------------
                         slack                                 -0.317    

Slack (VIOLATED) :        -0.317ns  (required time - arrival time)
  Source:                 u_txn/rdata_r_reg[5]/C
                            (rising edge-triggered cell FDRE clocked by clk_placeholder  {rise@0.000ns fall@2.000ns period=4.000ns})
  Destination:            u_bar2/error_code_r_reg[3]/CE
                            (rising edge-triggered cell FDRE clocked by clk_placeholder  {rise@0.000ns fall@2.000ns period=4.000ns})
  Path Group:             clk_placeholder
  Path Type:              Setup (Max at Slow Process Corner)
  Requirement:            4.000ns  (clk_placeholder rise@4.000ns - clk_placeholder rise@0.000ns)
  Data Path Delay:        4.212ns  (logic 1.674ns (39.744%)  route 2.538ns (60.256%))
  Logic Levels:           19  (CARRY8=11 LUT1=1 LUT2=3 LUT3=2 LUT6=2)
  Clock Path Skew:        -0.009ns (DCD - SCD + CPR)
    Destination Clock Delay (DCD):    0.021ns = ( 4.021 - 4.000 ) 
    Source Clock Delay      (SCD):    0.030ns
    Clock Pessimism Removal (CPR):    0.000ns
  Clock Uncertainty:      0.035ns  ((TSJ^2 + TIJ^2)^1/2 + DJ) / 2 + PE
    Total System Jitter     (TSJ):    0.071ns
    Total Input Jitter      (TIJ):    0.000ns
    Discrete Jitter          (DJ):    0.000ns
    Phase Error              (PE):    0.000ns

    Location             Delay type                Incr(ns)  Path(ns)    Netlist Resource(s)
  -------------------------------------------------------------------    -------------------
                         (clock clk_placeholder rise edge)
                                                      0.000     0.000 r  
                                                      0.000     0.000 r  clk_i (IN)
                         net (fo=2206, unset)         0.030     0.030    u_txn/clk_i
                         FDRE                                         r  u_txn/rdata_r_reg[5]/C
  -------------------------------------------------------------------    -------------------
                         FDRE (Prop_FDRE_C_Q)         0.077     0.107 f  u_txn/rdata_r_reg[5]/Q
                         net (fo=10, unplaced)        0.170     0.277    u_bar2/rsp_rdata_i[5]
                                                                      f  u_bar2/size_r[11]_i_9/I0
                         LUT1 (Prop_LUT1_I0_O)        0.037     0.314 r  u_bar2/size_r[11]_i_9/O
                         net (fo=1, unplaced)         0.023     0.337    u_bar2/size_r[11]_i_9_n_0
                                                                      r  u_bar2/size_r_reg[11]_i_2/S[1]
                         CARRY8 (Prop_CARRY8_S[1]_CO[7])
                                                      0.197     0.534 r  u_bar2/size_r_reg[11]_i_2/CO[7]
                         net (fo=1, unplaced)         0.005     0.539    u_bar2/size_r_reg[11]_i_2_n_0
                                                                      r  u_bar2/size_r_reg[19]_i_2/CI
                         CARRY8 (Prop_CARRY8_CI_CO[7])
                                                      0.022     0.561 r  u_bar2/size_r_reg[19]_i_2/CO[7]
                         net (fo=1, unplaced)         0.005     0.566    u_bar2/size_r_reg[19]_i_2_n_0
                                                                      r  u_bar2/size_r_reg[27]_i_2/CI
                         CARRY8 (Prop_CARRY8_CI_CO[7])
                                                      0.022     0.588 r  u_bar2/size_r_reg[27]_i_2/CO[7]
                         net (fo=1, unplaced)         0.005     0.593    u_bar2/size_r_reg[27]_i_2_n_0
                                                                      r  u_bar2/size_r_reg[31]_i_2/CI
                         CARRY8 (Prop_CARRY8_CI_O[1])
                                                      0.076     0.669 r  u_bar2/size_r_reg[31]_i_2/O[1]
                         net (fo=10, unplaced)        0.217     0.886    u_bar2/size32[29]
                                                                      r  u_bar2/addr_r[36]_i_10/I2
                         LUT3 (Prop_LUT3_I2_O)        0.070     0.956 r  u_bar2/addr_r[36]_i_10/O
                         net (fo=1, unplaced)         0.260     1.216    u_bar2/addr_r[36]_i_10_n_0
                                                                      r  u_bar2/addr_r_reg[36]_i_2/DI[0]
                         CARRY8 (Prop_CARRY8_DI[0]_CO[7])
                                                      0.140     1.356 r  u_bar2/addr_r_reg[36]_i_2/CO[7]
                         net (fo=1, unplaced)         0.005     1.361    u_bar2/addr_r_reg[36]_i_2_n_0
                                                                      r  u_bar2/addr_r_reg[44]_i_2/CI
                         CARRY8 (Prop_CARRY8_CI_O[4])
                                                      0.086     1.447 r  u_bar2/addr_r_reg[44]_i_2/O[4]
                         net (fo=4, unplaced)         0.196     1.643    u_bar2/align_mask65[41]
                                                                      r  u_bar2/addr_r[43]_i_5/I1
                         LUT2 (Prop_LUT2_I1_O)        0.037     1.680 r  u_bar2/addr_r[43]_i_5/O
                         net (fo=1, unplaced)         0.029     1.709    u_bar2/addr_r[43]_i_5_n_0
                                                                      r  u_bar2/addr_r_reg[43]_i_2/S[5]
                         CARRY8 (Prop_CARRY8_S[5]_CO[7])
                                                      0.166     1.875 r  u_bar2/addr_r_reg[43]_i_2/CO[7]
                         net (fo=1, unplaced)         0.005     1.880    u_bar2/addr_r_reg[43]_i_2_n_0
                                                                      r  u_bar2/addr_r_reg[51]_i_2/CI
                         CARRY8 (Prop_CARRY8_CI_O[0])
                                                      0.056     1.936 r  u_bar2/addr_r_reg[51]_i_2/O[0]
                         net (fo=3, unplaced)         0.192     2.128    u_bar2/addr_r_reg[51]_i_2_n_15
                                                                      r  u_bar2/error_code_r[3]_i_273/I0
                         LUT2 (Prop_LUT2_I0_O)        0.070     2.198 r  u_bar2/error_code_r[3]_i_273/O
                         net (fo=1, unplaced)         0.260     2.458    u_bar2/error_code_r[3]_i_273_n_0
                                                                      r  u_bar2/error_code_r_reg[3]_i_157/DI[0]
                         CARRY8 (Prop_CARRY8_DI[0]_CO[7])
                                                      0.140     2.598 r  u_bar2/error_code_r_reg[3]_i_157/CO[7]
                         net (fo=1, unplaced)         0.005     2.603    u_bar2/error_code_r_reg[3]_i_157_n_0
                                                                      r  u_bar2/error_code_r_reg[3]_i_79/CI
                         CARRY8 (Prop_CARRY8_CI_O[1])
                                                      0.076     2.679 r  u_bar2/error_code_r_reg[3]_i_79/O[1]
                         net (fo=4, unplaced)         0.196     2.875    u_bar2/alloc_end65[53]
                                                                      r  u_bar2/error_code_r[3]_i_54/I1
                         LUT2 (Prop_LUT2_I1_O)        0.070     2.945 r  u_bar2/error_code_r[3]_i_54/O
                         net (fo=1, unplaced)         0.260     3.205    u_bar2/error_code_r[3]_i_54_n_0
                                                                      r  u_bar2/error_code_r_reg[3]_i_10/DI[0]
                         CARRY8 (Prop_CARRY8_DI[0]_CO[6])
                                                      0.186     3.391 r  u_bar2/error_code_r_reg[3]_i_10/CO[6]
                         net (fo=5, unplaced)         0.156     3.547    u_bar2/window_bad
                                                                      r  u_bar2/error_code_r[3]_i_4/I2
                         LUT3 (Prop_LUT3_I2_O)        0.070     3.617 r  u_bar2/error_code_r[3]_i_4/O
                         net (fo=7, unplaced)         0.211     3.828    u_bar2/error_code_r[3]_i_4_n_0
                                                                      r  u_bar2/error_code_r[3]_i_7/I3
                         LUT6 (Prop_LUT6_I3_O)        0.038     3.866 r  u_bar2/error_code_r[3]_i_7/O
                         net (fo=1, unplaced)         0.186     4.052    u_bar2/error_code_r[3]_i_7_n_0
                                                                      r  u_bar2/error_code_r[3]_i_1/I5
                         LUT6 (Prop_LUT6_I5_O)        0.038     4.090 r  u_bar2/error_code_r[3]_i_1/O
                         net (fo=4, unplaced)         0.152     4.242    u_bar2/error_code_r[3]_i_1_n_0
                         FDRE                                         r  u_bar2/error_code_r_reg[3]/CE
  -------------------------------------------------------------------    -------------------

                         (clock clk_placeholder rise edge)
                                                      4.000     4.000 r  
                                                      0.000     4.000 r  clk_i (IN)
                         net (fo=2206, unset)         0.021     4.021    u_bar2/clk_i
                         FDRE                                         r  u_bar2/error_code_r_reg[3]/C
                         clock pessimism              0.000     4.021    
                         clock uncertainty           -0.035     3.986    
                         FDRE (Setup_FDRE_C_CE)      -0.061     3.925    u_bar2/error_code_r_reg[3]
  -------------------------------------------------------------------
                         required time                          3.925    
                         arrival time                          -4.242    
  -------------------------------------------------------------------
                         slack                                 -0.317    

Slack (VIOLATED) :        -0.171ns  (required time - arrival time)
  Source:                 u_txn/rdata_r_reg[5]/C
                            (rising edge-triggered cell FDRE clocked by clk_placeholder  {rise@0.000ns fall@2.000ns period=4.000ns})
  Destination:            u_bar/addr_r_reg[10]/CE
                            (rising edge-triggered cell FDRE clocked by clk_placeholder  {rise@0.000ns fall@2.000ns period=4.000ns})
  Path Group:             clk_placeholder
  Path Type:              Setup (Max at Slow Process Corner)
  Requirement:            4.000ns  (clk_placeholder rise@4.000ns - clk_placeholder rise@0.000ns)
  Data Path Delay:        4.066ns  (logic 1.636ns (40.236%)  route 2.430ns (59.764%))
  Logic Levels:           18  (CARRY8=11 LUT1=1 LUT2=3 LUT3=2 LUT6=1)
  Clock Path Skew:        -0.009ns (DCD - SCD + CPR)
    Destination Clock Delay (DCD):    0.021ns = ( 4.021 - 4.000 ) 
    Source Clock Delay      (SCD):    0.030ns
    Clock Pessimism Removal (CPR):    0.000ns
  Clock Uncertainty:      0.035ns  ((TSJ^2 + TIJ^2)^1/2 + DJ) / 2 + PE
    Total System Jitter     (TSJ):    0.071ns
    Total Input Jitter      (TIJ):    0.000ns
    Discrete Jitter          (DJ):    0.000ns
    Phase Error              (PE):    0.000ns

    Location             Delay type                Incr(ns)  Path(ns)    Netlist Resource(s)
  -------------------------------------------------------------------    -------------------
                         (clock clk_placeholder rise edge)
                                                      0.000     0.000 r  
                                                      0.000     0.000 r  clk_i (IN)
                         net (fo=2206, unset)         0.030     0.030    u_txn/clk_i
                         FDRE                                         r  u_txn/rdata_r_reg[5]/C
  -------------------------------------------------------------------    -------------------
                         FDRE (Prop_FDRE_C_Q)         0.077     0.107 f  u_txn/rdata_r_reg[5]/Q
                         net (fo=10, unplaced)        0.170     0.277    u_bar/rsp_rdata_i[5]
                                                                      f  u_bar/size_r[11]_i_9/I0
                         LUT1 (Prop_LUT1_I0_O)        0.037     0.314 r  u_bar/size_r[11]_i_9/O
                         net (fo=1, unplaced)         0.023     0.337    u_bar/size_r[11]_i_9_n_0
                                                                      r  u_bar/size_r_reg[11]_i_2/S[1]
                         CARRY8 (Prop_CARRY8_S[1]_CO[7])
                                                      0.197     0.534 r  u_bar/size_r_reg[11]_i_2/CO[7]
                         net (fo=1, unplaced)         0.005     0.539    u_bar/size_r_reg[11]_i_2_n_0
                                                                      r  u_bar/size_r_reg[19]_i_2/CI
                         CARRY8 (Prop_CARRY8_CI_CO[7])
                                                      0.022     0.561 r  u_bar/size_r_reg[19]_i_2/CO[7]
                         net (fo=1, unplaced)         0.005     0.566    u_bar/size_r_reg[19]_i_2_n_0
                                                                      r  u_bar/size_r_reg[27]_i_2/CI
                         CARRY8 (Prop_CARRY8_CI_CO[7])
                                                      0.022     0.588 r  u_bar/size_r_reg[27]_i_2/CO[7]
                         net (fo=1, unplaced)         0.005     0.593    u_bar/size_r_reg[27]_i_2_n_0
                                                                      r  u_bar/size_r_reg[31]_i_2/CI
                         CARRY8 (Prop_CARRY8_CI_O[1])
                                                      0.076     0.669 r  u_bar/size_r_reg[31]_i_2/O[1]
                         net (fo=10, unplaced)        0.217     0.886    u_bar/size32[29]
                                                                      r  u_bar/addr_r[36]_i_10/I2
                         LUT3 (Prop_LUT3_I2_O)        0.070     0.956 r  u_bar/addr_r[36]_i_10/O
                         net (fo=1, unplaced)         0.260     1.216    u_bar/addr_r[36]_i_10_n_0
                                                                      r  u_bar/addr_r_reg[36]_i_2/DI[0]
                         CARRY8 (Prop_CARRY8_DI[0]_CO[7])
                                                      0.140     1.356 r  u_bar/addr_r_reg[36]_i_2/CO[7]
                         net (fo=1, unplaced)         0.005     1.361    u_bar/addr_r_reg[36]_i_2_n_0
                                                                      r  u_bar/addr_r_reg[44]_i_2/CI
                         CARRY8 (Prop_CARRY8_CI_O[4])
                                                      0.086     1.447 r  u_bar/addr_r_reg[44]_i_2/O[4]
                         net (fo=4, unplaced)         0.196     1.643    u_bar/align_mask65[41]
                                                                      r  u_bar/addr_r[43]_i_5/I1
                         LUT2 (Prop_LUT2_I1_O)        0.037     1.680 r  u_bar/addr_r[43]_i_5/O
                         net (fo=1, unplaced)         0.029     1.709    u_bar/addr_r[43]_i_5_n_0
                                                                      r  u_bar/addr_r_reg[43]_i_2/S[5]
                         CARRY8 (Prop_CARRY8_S[5]_CO[7])
                                                      0.166     1.875 r  u_bar/addr_r_reg[43]_i_2/CO[7]
                         net (fo=1, unplaced)         0.005     1.880    u_bar/addr_r_reg[43]_i_2_n_0
                                                                      r  u_bar/addr_r_reg[51]_i_2/CI
                         CARRY8 (Prop_CARRY8_CI_O[0])
                                                      0.056     1.936 r  u_bar/addr_r_reg[51]_i_2/O[0]
                         net (fo=3, unplaced)         0.192     2.128    u_bar/addr_r_reg[51]_i_2_n_15
                                                                      r  u_bar/error_code_r[3]_i_273/I0
                         LUT2 (Prop_LUT2_I0_O)        0.070     2.198 r  u_bar/error_code_r[3]_i_273/O
                         net (fo=1, unplaced)         0.260     2.458    u_bar/error_code_r[3]_i_273_n_0
                                                                      r  u_bar/error_code_r_reg[3]_i_157/DI[0]
                         CARRY8 (Prop_CARRY8_DI[0]_CO[7])
                                                      0.140     2.598 r  u_bar/error_code_r_reg[3]_i_157/CO[7]
                         net (fo=1, unplaced)         0.005     2.603    u_bar/error_code_r_reg[3]_i_157_n_0
                                                                      r  u_bar/error_code_r_reg[3]_i_79/CI
                         CARRY8 (Prop_CARRY8_CI_O[1])
                                                      0.076     2.679 f  u_bar/error_code_r_reg[3]_i_79/O[1]
                         net (fo=4, unplaced)         0.196     2.875    u_bar/alloc_end65[53]
                                                                      f  u_bar/error_code_r[3]_i_54/I1
                         LUT2 (Prop_LUT2_I1_O)        0.070     2.945 f  u_bar/error_code_r[3]_i_54/O
                         net (fo=1, unplaced)         0.260     3.205    u_bar/error_code_r[3]_i_54_n_0
                                                                      f  u_bar/error_code_r_reg[3]_i_10/DI[0]
                         CARRY8 (Prop_CARRY8_DI[0]_CO[6])
                                                      0.186     3.391 f  u_bar/error_code_r_reg[3]_i_10/CO[6]
                         net (fo=5, unplaced)         0.156     3.547    u_bar/window_bad
                                                                      f  u_bar/error_code_r[3]_i_4/I2
                         LUT3 (Prop_LUT3_I2_O)        0.070     3.617 f  u_bar/error_code_r[3]_i_4/O
                         net (fo=7, unplaced)         0.211     3.828    u_bar/error_code_r[3]_i_4_n_0
                                                                      f  u_bar/size_r[63]_i_1/I3
                         LUT6 (Prop_LUT6_I3_O)        0.038     3.866 r  u_bar/size_r[63]_i_1/O
                         net (fo=120, unplaced)       0.230     4.096    u_bar/size_r
                         FDRE                                         r  u_bar/addr_r_reg[10]/CE
  -------------------------------------------------------------------    -------------------

                         (clock clk_placeholder rise edge)
                                                      4.000     4.000 r  
                                                      0.000     4.000 r  clk_i (IN)
                         net (fo=2206, unset)         0.021     4.021    u_bar/clk_i
                         FDRE                                         r  u_bar/addr_r_reg[10]/C
                         clock pessimism              0.000     4.021    
                         clock uncertainty           -0.035     3.986    
                         FDRE (Setup_FDRE_C_CE)      -0.061     3.925    u_bar/addr_r_reg[10]
  -------------------------------------------------------------------
                         required time                          3.925    
                         arrival time                          -4.096    
  -------------------------------------------------------------------
                         slack                                 -0.171    

Slack (VIOLATED) :        -0.171ns  (required time - arrival time)
  Source:                 u_txn/rdata_r_reg[5]/C
                            (rising edge-triggered cell FDRE clocked by clk_placeholder  {rise@0.000ns fall@2.000ns period=4.000ns})
  Destination:            u_bar/addr_r_reg[11]/CE
                            (rising edge-triggered cell FDRE clocked by clk_placeholder  {rise@0.000ns fall@2.000ns period=4.000ns})
  Path Group:             clk_placeholder
  Path Type:              Setup (Max at Slow Process Corner)
  Requirement:            4.000ns  (clk_placeholder rise@4.000ns - clk_placeholder rise@0.000ns)
  Data Path Delay:        4.066ns  (logic 1.636ns (40.236%)  route 2.430ns (59.764%))
  Logic Levels:           18  (CARRY8=11 LUT1=1 LUT2=3 LUT3=2 LUT6=1)
  Clock Path Skew:        -0.009ns (DCD - SCD + CPR)
    Destination Clock Delay (DCD):    0.021ns = ( 4.021 - 4.000 ) 
    Source Clock Delay      (SCD):    0.030ns
    Clock Pessimism Removal (CPR):    0.000ns
  Clock Uncertainty:      0.035ns  ((TSJ^2 + TIJ^2)^1/2 + DJ) / 2 + PE
    Total System Jitter     (TSJ):    0.071ns
    Total Input Jitter      (TIJ):    0.000ns
    Discrete Jitter          (DJ):    0.000ns
    Phase Error              (PE):    0.000ns

    Location             Delay type                Incr(ns)  Path(ns)    Netlist Resource(s)
  -------------------------------------------------------------------    -------------------
                         (clock clk_placeholder rise edge)
                                                      0.000     0.000 r  
                                                      0.000     0.000 r  clk_i (IN)
                         net (fo=2206, unset)         0.030     0.030    u_txn/clk_i
                         FDRE                                         r  u_txn/rdata_r_reg[5]/C
  -------------------------------------------------------------------    -------------------
                         FDRE (Prop_FDRE_C_Q)         0.077     0.107 f  u_txn/rdata_r_reg[5]/Q
                         net (fo=10, unplaced)        0.170     0.277    u_bar/rsp_rdata_i[5]
                                                                      f  u_bar/size_r[11]_i_9/I0
                         LUT1 (Prop_LUT1_I0_O)        0.037     0.314 r  u_bar/size_r[11]_i_9/O
                         net (fo=1, unplaced)         0.023     0.337    u_bar/size_r[11]_i_9_n_0
                                                                      r  u_bar/size_r_reg[11]_i_2/S[1]
                         CARRY8 (Prop_CARRY8_S[1]_CO[7])
                                                      0.197     0.534 r  u_bar/size_r_reg[11]_i_2/CO[7]
                         net (fo=1, unplaced)         0.005     0.539    u_bar/size_r_reg[11]_i_2_n_0
                                                                      r  u_bar/size_r_reg[19]_i_2/CI
                         CARRY8 (Prop_CARRY8_CI_CO[7])
                                                      0.022     0.561 r  u_bar/size_r_reg[19]_i_2/CO[7]
                         net (fo=1, unplaced)         0.005     0.566    u_bar/size_r_reg[19]_i_2_n_0
                                                                      r  u_bar/size_r_reg[27]_i_2/CI
                         CARRY8 (Prop_CARRY8_CI_CO[7])
                                                      0.022     0.588 r  u_bar/size_r_reg[27]_i_2/CO[7]
                         net (fo=1, unplaced)         0.005     0.593    u_bar/size_r_reg[27]_i_2_n_0
                                                                      r  u_bar/size_r_reg[31]_i_2/CI
                         CARRY8 (Prop_CARRY8_CI_O[1])
                                                      0.076     0.669 r  u_bar/size_r_reg[31]_i_2/O[1]
                         net (fo=10, unplaced)        0.217     0.886    u_bar/size32[29]
                                                                      r  u_bar/addr_r[36]_i_10/I2
                         LUT3 (Prop_LUT3_I2_O)        0.070     0.956 r  u_bar/addr_r[36]_i_10/O
                         net (fo=1, unplaced)         0.260     1.216    u_bar/addr_r[36]_i_10_n_0
                                                                      r  u_bar/addr_r_reg[36]_i_2/DI[0]
                         CARRY8 (Prop_CARRY8_DI[0]_CO[7])
                                                      0.140     1.356 r  u_bar/addr_r_reg[36]_i_2/CO[7]
                         net (fo=1, unplaced)         0.005     1.361    u_bar/addr_r_reg[36]_i_2_n_0
                                                                      r  u_bar/addr_r_reg[44]_i_2/CI
                         CARRY8 (Prop_CARRY8_CI_O[4])
                                                      0.086     1.447 r  u_bar/addr_r_reg[44]_i_2/O[4]
                         net (fo=4, unplaced)         0.196     1.643    u_bar/align_mask65[41]
                                                                      r  u_bar/addr_r[43]_i_5/I1
                         LUT2 (Prop_LUT2_I1_O)        0.037     1.680 r  u_bar/addr_r[43]_i_5/O
                         net (fo=1, unplaced)         0.029     1.709    u_bar/addr_r[43]_i_5_n_0
                                                                      r  u_bar/addr_r_reg[43]_i_2/S[5]
                         CARRY8 (Prop_CARRY8_S[5]_CO[7])
                                                      0.166     1.875 r  u_bar/addr_r_reg[43]_i_2/CO[7]
                         net (fo=1, unplaced)         0.005     1.880    u_bar/addr_r_reg[43]_i_2_n_0
                                                                      r  u_bar/addr_r_reg[51]_i_2/CI
                         CARRY8 (Prop_CARRY8_CI_O[0])
                                                      0.056     1.936 r  u_bar/addr_r_reg[51]_i_2/O[0]
                         net (fo=3, unplaced)         0.192     2.128    u_bar/addr_r_reg[51]_i_2_n_15
                                                                      r  u_bar/error_code_r[3]_i_273/I0
                         LUT2 (Prop_LUT2_I0_O)        0.070     2.198 r  u_bar/error_code_r[3]_i_273/O
                         net (fo=1, unplaced)         0.260     2.458    u_bar/error_code_r[3]_i_273_n_0
                                                                      r  u_bar/error_code_r_reg[3]_i_157/DI[0]
                         CARRY8 (Prop_CARRY8_DI[0]_CO[7])
                                                      0.140     2.598 r  u_bar/error_code_r_reg[3]_i_157/CO[7]
                         net (fo=1, unplaced)         0.005     2.603    u_bar/error_code_r_reg[3]_i_157_n_0
                                                                      r  u_bar/error_code_r_reg[3]_i_79/CI
                         CARRY8 (Prop_CARRY8_CI_O[1])
                                                      0.076     2.679 f  u_bar/error_code_r_reg[3]_i_79/O[1]
                         net (fo=4, unplaced)         0.196     2.875    u_bar/alloc_end65[53]
                                                                      f  u_bar/error_code_r[3]_i_54/I1
                         LUT2 (Prop_LUT2_I1_O)        0.070     2.945 f  u_bar/error_code_r[3]_i_54/O
                         net (fo=1, unplaced)         0.260     3.205    u_bar/error_code_r[3]_i_54_n_0
                                                                      f  u_bar/error_code_r_reg[3]_i_10/DI[0]
                         CARRY8 (Prop_CARRY8_DI[0]_CO[6])
                                                      0.186     3.391 f  u_bar/error_code_r_reg[3]_i_10/CO[6]
                         net (fo=5, unplaced)         0.156     3.547    u_bar/window_bad
                                                                      f  u_bar/error_code_r[3]_i_4/I2
                         LUT3 (Prop_LUT3_I2_O)        0.070     3.617 f  u_bar/error_code_r[3]_i_4/O
                         net (fo=7, unplaced)         0.211     3.828    u_bar/error_code_r[3]_i_4_n_0
                                                                      f  u_bar/size_r[63]_i_1/I3
                         LUT6 (Prop_LUT6_I3_O)        0.038     3.866 r  u_bar/size_r[63]_i_1/O
                         net (fo=120, unplaced)       0.230     4.096    u_bar/size_r
                         FDRE                                         r  u_bar/addr_r_reg[11]/CE
  -------------------------------------------------------------------    -------------------

                         (clock clk_placeholder rise edge)
                                                      4.000     4.000 r  
                                                      0.000     4.000 r  clk_i (IN)
                         net (fo=2206, unset)         0.021     4.021    u_bar/clk_i
                         FDRE                                         r  u_bar/addr_r_reg[11]/C
                         clock pessimism              0.000     4.021    
                         clock uncertainty           -0.035     3.986    
                         FDRE (Setup_FDRE_C_CE)      -0.061     3.925    u_bar/addr_r_reg[11]
  -------------------------------------------------------------------
                         required time                          3.925    
                         arrival time                          -4.096    
  -------------------------------------------------------------------
                         slack                                 -0.171    

Slack (VIOLATED) :        -0.171ns  (required time - arrival time)
  Source:                 u_txn/rdata_r_reg[5]/C
                            (rising edge-triggered cell FDRE clocked by clk_placeholder  {rise@0.000ns fall@2.000ns period=4.000ns})
  Destination:            u_bar/addr_r_reg[12]/CE
                            (rising edge-triggered cell FDRE clocked by clk_placeholder  {rise@0.000ns fall@2.000ns period=4.000ns})
  Path Group:             clk_placeholder
  Path Type:              Setup (Max at Slow Process Corner)
  Requirement:            4.000ns  (clk_placeholder rise@4.000ns - clk_placeholder rise@0.000ns)
  Data Path Delay:        4.066ns  (logic 1.636ns (40.236%)  route 2.430ns (59.764%))
  Logic Levels:           18  (CARRY8=11 LUT1=1 LUT2=3 LUT3=2 LUT6=1)
  Clock Path Skew:        -0.009ns (DCD - SCD + CPR)
    Destination Clock Delay (DCD):    0.021ns = ( 4.021 - 4.000 ) 
    Source Clock Delay      (SCD):    0.030ns
    Clock Pessimism Removal (CPR):    0.000ns
  Clock Uncertainty:      0.035ns  ((TSJ^2 + TIJ^2)^1/2 + DJ) / 2 + PE
    Total System Jitter     (TSJ):    0.071ns
    Total Input Jitter      (TIJ):    0.000ns
    Discrete Jitter          (DJ):    0.000ns
    Phase Error              (PE):    0.000ns

    Location             Delay type                Incr(ns)  Path(ns)    Netlist Resource(s)
  -------------------------------------------------------------------    -------------------
                         (clock clk_placeholder rise edge)
                                                      0.000     0.000 r  
                                                      0.000     0.000 r  clk_i (IN)
                         net (fo=2206, unset)         0.030     0.030    u_txn/clk_i
                         FDRE                                         r  u_txn/rdata_r_reg[5]/C
  -------------------------------------------------------------------    -------------------
                         FDRE (Prop_FDRE_C_Q)         0.077     0.107 f  u_txn/rdata_r_reg[5]/Q
                         net (fo=10, unplaced)        0.170     0.277    u_bar/rsp_rdata_i[5]
                                                                      f  u_bar/size_r[11]_i_9/I0
                         LUT1 (Prop_LUT1_I0_O)        0.037     0.314 r  u_bar/size_r[11]_i_9/O
                         net (fo=1, unplaced)         0.023     0.337    u_bar/size_r[11]_i_9_n_0
                                                                      r  u_bar/size_r_reg[11]_i_2/S[1]
                         CARRY8 (Prop_CARRY8_S[1]_CO[7])
                                                      0.197     0.534 r  u_bar/size_r_reg[11]_i_2/CO[7]
                         net (fo=1, unplaced)         0.005     0.539    u_bar/size_r_reg[11]_i_2_n_0
                                                                      r  u_bar/size_r_reg[19]_i_2/CI
                         CARRY8 (Prop_CARRY8_CI_CO[7])
                                                      0.022     0.561 r  u_bar/size_r_reg[19]_i_2/CO[7]
                         net (fo=1, unplaced)         0.005     0.566    u_bar/size_r_reg[19]_i_2_n_0
                                                                      r  u_bar/size_r_reg[27]_i_2/CI
                         CARRY8 (Prop_CARRY8_CI_CO[7])
                                                      0.022     0.588 r  u_bar/size_r_reg[27]_i_2/CO[7]
                         net (fo=1, unplaced)         0.005     0.593    u_bar/size_r_reg[27]_i_2_n_0
                                                                      r  u_bar/size_r_reg[31]_i_2/CI
                         CARRY8 (Prop_CARRY8_CI_O[1])
                                                      0.076     0.669 r  u_bar/size_r_reg[31]_i_2/O[1]
                         net (fo=10, unplaced)        0.217     0.886    u_bar/size32[29]
                                                                      r  u_bar/addr_r[36]_i_10/I2
                         LUT3 (Prop_LUT3_I2_O)        0.070     0.956 r  u_bar/addr_r[36]_i_10/O
                         net (fo=1, unplaced)         0.260     1.216    u_bar/addr_r[36]_i_10_n_0
                                                                      r  u_bar/addr_r_reg[36]_i_2/DI[0]
                         CARRY8 (Prop_CARRY8_DI[0]_CO[7])
                                                      0.140     1.356 r  u_bar/addr_r_reg[36]_i_2/CO[7]
                         net (fo=1, unplaced)         0.005     1.361    u_bar/addr_r_reg[36]_i_2_n_0
                                                                      r  u_bar/addr_r_reg[44]_i_2/CI
                         CARRY8 (Prop_CARRY8_CI_O[4])
                                                      0.086     1.447 r  u_bar/addr_r_reg[44]_i_2/O[4]
                         net (fo=4, unplaced)         0.196     1.643    u_bar/align_mask65[41]
                                                                      r  u_bar/addr_r[43]_i_5/I1
                         LUT2 (Prop_LUT2_I1_O)        0.037     1.680 r  u_bar/addr_r[43]_i_5/O
                         net (fo=1, unplaced)         0.029     1.709    u_bar/addr_r[43]_i_5_n_0
                                                                      r  u_bar/addr_r_reg[43]_i_2/S[5]
                         CARRY8 (Prop_CARRY8_S[5]_CO[7])
                                                      0.166     1.875 r  u_bar/addr_r_reg[43]_i_2/CO[7]
                         net (fo=1, unplaced)         0.005     1.880    u_bar/addr_r_reg[43]_i_2_n_0
                                                                      r  u_bar/addr_r_reg[51]_i_2/CI
                         CARRY8 (Prop_CARRY8_CI_O[0])
                                                      0.056     1.936 r  u_bar/addr_r_reg[51]_i_2/O[0]
                         net (fo=3, unplaced)         0.192     2.128    u_bar/addr_r_reg[51]_i_2_n_15
                                                                      r  u_bar/error_code_r[3]_i_273/I0
                         LUT2 (Prop_LUT2_I0_O)        0.070     2.198 r  u_bar/error_code_r[3]_i_273/O
                         net (fo=1, unplaced)         0.260     2.458    u_bar/error_code_r[3]_i_273_n_0
                                                                      r  u_bar/error_code_r_reg[3]_i_157/DI[0]
                         CARRY8 (Prop_CARRY8_DI[0]_CO[7])
                                                      0.140     2.598 r  u_bar/error_code_r_reg[3]_i_157/CO[7]
                         net (fo=1, unplaced)         0.005     2.603    u_bar/error_code_r_reg[3]_i_157_n_0
                                                                      r  u_bar/error_code_r_reg[3]_i_79/CI
                         CARRY8 (Prop_CARRY8_CI_O[1])
                                                      0.076     2.679 f  u_bar/error_code_r_reg[3]_i_79/O[1]
                         net (fo=4, unplaced)         0.196     2.875    u_bar/alloc_end65[53]
                                                                      f  u_bar/error_code_r[3]_i_54/I1
                         LUT2 (Prop_LUT2_I1_O)        0.070     2.945 f  u_bar/error_code_r[3]_i_54/O
                         net (fo=1, unplaced)         0.260     3.205    u_bar/error_code_r[3]_i_54_n_0
                                                                      f  u_bar/error_code_r_reg[3]_i_10/DI[0]
                         CARRY8 (Prop_CARRY8_DI[0]_CO[6])
                                                      0.186     3.391 f  u_bar/error_code_r_reg[3]_i_10/CO[6]
                         net (fo=5, unplaced)         0.156     3.547    u_bar/window_bad
                                                                      f  u_bar/error_code_r[3]_i_4/I2
                         LUT3 (Prop_LUT3_I2_O)        0.070     3.617 f  u_bar/error_code_r[3]_i_4/O
                         net (fo=7, unplaced)         0.211     3.828    u_bar/error_code_r[3]_i_4_n_0
                                                                      f  u_bar/size_r[63]_i_1/I3
                         LUT6 (Prop_LUT6_I3_O)        0.038     3.866 r  u_bar/size_r[63]_i_1/O
                         net (fo=120, unplaced)       0.230     4.096    u_bar/size_r
                         FDRE                                         r  u_bar/addr_r_reg[12]/CE
  -------------------------------------------------------------------    -------------------

                         (clock clk_placeholder rise edge)
                                                      4.000     4.000 r  
                                                      0.000     4.000 r  clk_i (IN)
                         net (fo=2206, unset)         0.021     4.021    u_bar/clk_i
                         FDRE                                         r  u_bar/addr_r_reg[12]/C
                         clock pessimism              0.000     4.021    
                         clock uncertainty           -0.035     3.986    
                         FDRE (Setup_FDRE_C_CE)      -0.061     3.925    u_bar/addr_r_reg[12]
  -------------------------------------------------------------------
                         required time                          3.925    
                         arrival time                          -4.096    
  -------------------------------------------------------------------
                         slack                                 -0.171    

Slack (VIOLATED) :        -0.171ns  (required time - arrival time)
  Source:                 u_txn/rdata_r_reg[5]/C
                            (rising edge-triggered cell FDRE clocked by clk_placeholder  {rise@0.000ns fall@2.000ns period=4.000ns})
  Destination:            u_bar/addr_r_reg[13]/CE
                            (rising edge-triggered cell FDRE clocked by clk_placeholder  {rise@0.000ns fall@2.000ns period=4.000ns})
  Path Group:             clk_placeholder
  Path Type:              Setup (Max at Slow Process Corner)
  Requirement:            4.000ns  (clk_placeholder rise@4.000ns - clk_placeholder rise@0.000ns)
  Data Path Delay:        4.066ns  (logic 1.636ns (40.236%)  route 2.430ns (59.764%))
  Logic Levels:           18  (CARRY8=11 LUT1=1 LUT2=3 LUT3=2 LUT6=1)
  Clock Path Skew:        -0.009ns (DCD - SCD + CPR)
    Destination Clock Delay (DCD):    0.021ns = ( 4.021 - 4.000 ) 
    Source Clock Delay      (SCD):    0.030ns
    Clock Pessimism Removal (CPR):    0.000ns
  Clock Uncertainty:      0.035ns  ((TSJ^2 + TIJ^2)^1/2 + DJ) / 2 + PE
    Total System Jitter     (TSJ):    0.071ns
    Total Input Jitter      (TIJ):    0.000ns
    Discrete Jitter          (DJ):    0.000ns
    Phase Error              (PE):    0.000ns

    Location             Delay type                Incr(ns)  Path(ns)    Netlist Resource(s)
  -------------------------------------------------------------------    -------------------
                         (clock clk_placeholder rise edge)
                                                      0.000     0.000 r  
                                                      0.000     0.000 r  clk_i (IN)
                         net (fo=2206, unset)         0.030     0.030    u_txn/clk_i
                         FDRE                                         r  u_txn/rdata_r_reg[5]/C
  -------------------------------------------------------------------    -------------------
                         FDRE (Prop_FDRE_C_Q)         0.077     0.107 f  u_txn/rdata_r_reg[5]/Q
                         net (fo=10, unplaced)        0.170     0.277    u_bar/rsp_rdata_i[5]
                                                                      f  u_bar/size_r[11]_i_9/I0
                         LUT1 (Prop_LUT1_I0_O)        0.037     0.314 r  u_bar/size_r[11]_i_9/O
                         net (fo=1, unplaced)         0.023     0.337    u_bar/size_r[11]_i_9_n_0
                                                                      r  u_bar/size_r_reg[11]_i_2/S[1]
                         CARRY8 (Prop_CARRY8_S[1]_CO[7])
                                                      0.197     0.534 r  u_bar/size_r_reg[11]_i_2/CO[7]
                         net (fo=1, unplaced)         0.005     0.539    u_bar/size_r_reg[11]_i_2_n_0
                                                                      r  u_bar/size_r_reg[19]_i_2/CI
                         CARRY8 (Prop_CARRY8_CI_CO[7])
                                                      0.022     0.561 r  u_bar/size_r_reg[19]_i_2/CO[7]
                         net (fo=1, unplaced)         0.005     0.566    u_bar/size_r_reg[19]_i_2_n_0
                                                                      r  u_bar/size_r_reg[27]_i_2/CI
                         CARRY8 (Prop_CARRY8_CI_CO[7])
                                                      0.022     0.588 r  u_bar/size_r_reg[27]_i_2/CO[7]
                         net (fo=1, unplaced)         0.005     0.593    u_bar/size_r_reg[27]_i_2_n_0
                                                                      r  u_bar/size_r_reg[31]_i_2/CI
                         CARRY8 (Prop_CARRY8_CI_O[1])
                                                      0.076     0.669 r  u_bar/size_r_reg[31]_i_2/O[1]
                         net (fo=10, unplaced)        0.217     0.886    u_bar/size32[29]
                                                                      r  u_bar/addr_r[36]_i_10/I2
                         LUT3 (Prop_LUT3_I2_O)        0.070     0.956 r  u_bar/addr_r[36]_i_10/O
                         net (fo=1, unplaced)         0.260     1.216    u_bar/addr_r[36]_i_10_n_0
                                                                      r  u_bar/addr_r_reg[36]_i_2/DI[0]
                         CARRY8 (Prop_CARRY8_DI[0]_CO[7])
                                                      0.140     1.356 r  u_bar/addr_r_reg[36]_i_2/CO[7]
                         net (fo=1, unplaced)         0.005     1.361    u_bar/addr_r_reg[36]_i_2_n_0
                                                                      r  u_bar/addr_r_reg[44]_i_2/CI
                         CARRY8 (Prop_CARRY8_CI_O[4])
                                                      0.086     1.447 r  u_bar/addr_r_reg[44]_i_2/O[4]
                         net (fo=4, unplaced)         0.196     1.643    u_bar/align_mask65[41]
                                                                      r  u_bar/addr_r[43]_i_5/I1
                         LUT2 (Prop_LUT2_I1_O)        0.037     1.680 r  u_bar/addr_r[43]_i_5/O
                         net (fo=1, unplaced)         0.029     1.709    u_bar/addr_r[43]_i_5_n_0
                                                                      r  u_bar/addr_r_reg[43]_i_2/S[5]
                         CARRY8 (Prop_CARRY8_S[5]_CO[7])
                                                      0.166     1.875 r  u_bar/addr_r_reg[43]_i_2/CO[7]
                         net (fo=1, unplaced)         0.005     1.880    u_bar/addr_r_reg[43]_i_2_n_0
                                                                      r  u_bar/addr_r_reg[51]_i_2/CI
                         CARRY8 (Prop_CARRY8_CI_O[0])
                                                      0.056     1.936 r  u_bar/addr_r_reg[51]_i_2/O[0]
                         net (fo=3, unplaced)         0.192     2.128    u_bar/addr_r_reg[51]_i_2_n_15
                                                                      r  u_bar/error_code_r[3]_i_273/I0
                         LUT2 (Prop_LUT2_I0_O)        0.070     2.198 r  u_bar/error_code_r[3]_i_273/O
                         net (fo=1, unplaced)         0.260     2.458    u_bar/error_code_r[3]_i_273_n_0
                                                                      r  u_bar/error_code_r_reg[3]_i_157/DI[0]
                         CARRY8 (Prop_CARRY8_DI[0]_CO[7])
                                                      0.140     2.598 r  u_bar/error_code_r_reg[3]_i_157/CO[7]
                         net (fo=1, unplaced)         0.005     2.603    u_bar/error_code_r_reg[3]_i_157_n_0
                                                                      r  u_bar/error_code_r_reg[3]_i_79/CI
                         CARRY8 (Prop_CARRY8_CI_O[1])
                                                      0.076     2.679 f  u_bar/error_code_r_reg[3]_i_79/O[1]
                         net (fo=4, unplaced)         0.196     2.875    u_bar/alloc_end65[53]
                                                                      f  u_bar/error_code_r[3]_i_54/I1
                         LUT2 (Prop_LUT2_I1_O)        0.070     2.945 f  u_bar/error_code_r[3]_i_54/O
                         net (fo=1, unplaced)         0.260     3.205    u_bar/error_code_r[3]_i_54_n_0
                                                                      f  u_bar/error_code_r_reg[3]_i_10/DI[0]
                         CARRY8 (Prop_CARRY8_DI[0]_CO[6])
                                                      0.186     3.391 f  u_bar/error_code_r_reg[3]_i_10/CO[6]
                         net (fo=5, unplaced)         0.156     3.547    u_bar/window_bad
                                                                      f  u_bar/error_code_r[3]_i_4/I2
                         LUT3 (Prop_LUT3_I2_O)        0.070     3.617 f  u_bar/error_code_r[3]_i_4/O
                         net (fo=7, unplaced)         0.211     3.828    u_bar/error_code_r[3]_i_4_n_0
                                                                      f  u_bar/size_r[63]_i_1/I3
                         LUT6 (Prop_LUT6_I3_O)        0.038     3.866 r  u_bar/size_r[63]_i_1/O
                         net (fo=120, unplaced)       0.230     4.096    u_bar/size_r
                         FDRE                                         r  u_bar/addr_r_reg[13]/CE
  -------------------------------------------------------------------    -------------------

                         (clock clk_placeholder rise edge)
                                                      4.000     4.000 r  
                                                      0.000     4.000 r  clk_i (IN)
                         net (fo=2206, unset)         0.021     4.021    u_bar/clk_i
                         FDRE                                         r  u_bar/addr_r_reg[13]/C
                         clock pessimism              0.000     4.021    
                         clock uncertainty           -0.035     3.986    
                         FDRE (Setup_FDRE_C_CE)      -0.061     3.925    u_bar/addr_r_reg[13]
  -------------------------------------------------------------------
                         required time                          3.925    
                         arrival time                          -4.096    
  -------------------------------------------------------------------
                         slack                                 -0.171    

Slack (VIOLATED) :        -0.171ns  (required time - arrival time)
  Source:                 u_txn/rdata_r_reg[5]/C
                            (rising edge-triggered cell FDRE clocked by clk_placeholder  {rise@0.000ns fall@2.000ns period=4.000ns})
  Destination:            u_bar/addr_r_reg[14]/CE
                            (rising edge-triggered cell FDRE clocked by clk_placeholder  {rise@0.000ns fall@2.000ns period=4.000ns})
  Path Group:             clk_placeholder
  Path Type:              Setup (Max at Slow Process Corner)
  Requirement:            4.000ns  (clk_placeholder rise@4.000ns - clk_placeholder rise@0.000ns)
  Data Path Delay:        4.066ns  (logic 1.636ns (40.236%)  route 2.430ns (59.764%))
  Logic Levels:           18  (CARRY8=11 LUT1=1 LUT2=3 LUT3=2 LUT6=1)
  Clock Path Skew:        -0.009ns (DCD - SCD + CPR)
    Destination Clock Delay (DCD):    0.021ns = ( 4.021 - 4.000 ) 
    Source Clock Delay      (SCD):    0.030ns
    Clock Pessimism Removal (CPR):    0.000ns
  Clock Uncertainty:      0.035ns  ((TSJ^2 + TIJ^2)^1/2 + DJ) / 2 + PE
    Total System Jitter     (TSJ):    0.071ns
    Total Input Jitter      (TIJ):    0.000ns
    Discrete Jitter          (DJ):    0.000ns
    Phase Error              (PE):    0.000ns

    Location             Delay type                Incr(ns)  Path(ns)    Netlist Resource(s)
  -------------------------------------------------------------------    -------------------
                         (clock clk_placeholder rise edge)
                                                      0.000     0.000 r  
                                                      0.000     0.000 r  clk_i (IN)
                         net (fo=2206, unset)         0.030     0.030    u_txn/clk_i
                         FDRE                                         r  u_txn/rdata_r_reg[5]/C
  -------------------------------------------------------------------    -------------------
                         FDRE (Prop_FDRE_C_Q)         0.077     0.107 f  u_txn/rdata_r_reg[5]/Q
                         net (fo=10, unplaced)        0.170     0.277    u_bar/rsp_rdata_i[5]
                                                                      f  u_bar/size_r[11]_i_9/I0
                         LUT1 (Prop_LUT1_I0_O)        0.037     0.314 r  u_bar/size_r[11]_i_9/O
                         net (fo=1, unplaced)         0.023     0.337    u_bar/size_r[11]_i_9_n_0
                                                                      r  u_bar/size_r_reg[11]_i_2/S[1]
                         CARRY8 (Prop_CARRY8_S[1]_CO[7])
                                                      0.197     0.534 r  u_bar/size_r_reg[11]_i_2/CO[7]
                         net (fo=1, unplaced)         0.005     0.539    u_bar/size_r_reg[11]_i_2_n_0
                                                                      r  u_bar/size_r_reg[19]_i_2/CI
                         CARRY8 (Prop_CARRY8_CI_CO[7])
                                                      0.022     0.561 r  u_bar/size_r_reg[19]_i_2/CO[7]
                         net (fo=1, unplaced)         0.005     0.566    u_bar/size_r_reg[19]_i_2_n_0
                                                                      r  u_bar/size_r_reg[27]_i_2/CI
                         CARRY8 (Prop_CARRY8_CI_CO[7])
                                                      0.022     0.588 r  u_bar/size_r_reg[27]_i_2/CO[7]
                         net (fo=1, unplaced)         0.005     0.593    u_bar/size_r_reg[27]_i_2_n_0
                                                                      r  u_bar/size_r_reg[31]_i_2/CI
                         CARRY8 (Prop_CARRY8_CI_O[1])
                                                      0.076     0.669 r  u_bar/size_r_reg[31]_i_2/O[1]
                         net (fo=10, unplaced)        0.217     0.886    u_bar/size32[29]
                                                                      r  u_bar/addr_r[36]_i_10/I2
                         LUT3 (Prop_LUT3_I2_O)        0.070     0.956 r  u_bar/addr_r[36]_i_10/O
                         net (fo=1, unplaced)         0.260     1.216    u_bar/addr_r[36]_i_10_n_0
                                                                      r  u_bar/addr_r_reg[36]_i_2/DI[0]
                         CARRY8 (Prop_CARRY8_DI[0]_CO[7])
                                                      0.140     1.356 r  u_bar/addr_r_reg[36]_i_2/CO[7]
                         net (fo=1, unplaced)         0.005     1.361    u_bar/addr_r_reg[36]_i_2_n_0
                                                                      r  u_bar/addr_r_reg[44]_i_2/CI
                         CARRY8 (Prop_CARRY8_CI_O[4])
                                                      0.086     1.447 r  u_bar/addr_r_reg[44]_i_2/O[4]
                         net (fo=4, unplaced)         0.196     1.643    u_bar/align_mask65[41]
                                                                      r  u_bar/addr_r[43]_i_5/I1
                         LUT2 (Prop_LUT2_I1_O)        0.037     1.680 r  u_bar/addr_r[43]_i_5/O
                         net (fo=1, unplaced)         0.029     1.709    u_bar/addr_r[43]_i_5_n_0
                                                                      r  u_bar/addr_r_reg[43]_i_2/S[5]
                         CARRY8 (Prop_CARRY8_S[5]_CO[7])
                                                      0.166     1.875 r  u_bar/addr_r_reg[43]_i_2/CO[7]
                         net (fo=1, unplaced)         0.005     1.880    u_bar/addr_r_reg[43]_i_2_n_0
                                                                      r  u_bar/addr_r_reg[51]_i_2/CI
                         CARRY8 (Prop_CARRY8_CI_O[0])
                                                      0.056     1.936 r  u_bar/addr_r_reg[51]_i_2/O[0]
                         net (fo=3, unplaced)         0.192     2.128    u_bar/addr_r_reg[51]_i_2_n_15
                                                                      r  u_bar/error_code_r[3]_i_273/I0
                         LUT2 (Prop_LUT2_I0_O)        0.070     2.198 r  u_bar/error_code_r[3]_i_273/O
                         net (fo=1, unplaced)         0.260     2.458    u_bar/error_code_r[3]_i_273_n_0
                                                                      r  u_bar/error_code_r_reg[3]_i_157/DI[0]
                         CARRY8 (Prop_CARRY8_DI[0]_CO[7])
                                                      0.140     2.598 r  u_bar/error_code_r_reg[3]_i_157/CO[7]
                         net (fo=1, unplaced)         0.005     2.603    u_bar/error_code_r_reg[3]_i_157_n_0
                                                                      r  u_bar/error_code_r_reg[3]_i_79/CI
                         CARRY8 (Prop_CARRY8_CI_O[1])
                                                      0.076     2.679 f  u_bar/error_code_r_reg[3]_i_79/O[1]
                         net (fo=4, unplaced)         0.196     2.875    u_bar/alloc_end65[53]
                                                                      f  u_bar/error_code_r[3]_i_54/I1
                         LUT2 (Prop_LUT2_I1_O)        0.070     2.945 f  u_bar/error_code_r[3]_i_54/O
                         net (fo=1, unplaced)         0.260     3.205    u_bar/error_code_r[3]_i_54_n_0
                                                                      f  u_bar/error_code_r_reg[3]_i_10/DI[0]
                         CARRY8 (Prop_CARRY8_DI[0]_CO[6])
                                                      0.186     3.391 f  u_bar/error_code_r_reg[3]_i_10/CO[6]
                         net (fo=5, unplaced)         0.156     3.547    u_bar/window_bad
                                                                      f  u_bar/error_code_r[3]_i_4/I2
                         LUT3 (Prop_LUT3_I2_O)        0.070     3.617 f  u_bar/error_code_r[3]_i_4/O
                         net (fo=7, unplaced)         0.211     3.828    u_bar/error_code_r[3]_i_4_n_0
                                                                      f  u_bar/size_r[63]_i_1/I3
                         LUT6 (Prop_LUT6_I3_O)        0.038     3.866 r  u_bar/size_r[63]_i_1/O
                         net (fo=120, unplaced)       0.230     4.096    u_bar/size_r
                         FDRE                                         r  u_bar/addr_r_reg[14]/CE
  -------------------------------------------------------------------    -------------------

                         (clock clk_placeholder rise edge)
                                                      4.000     4.000 r  
                                                      0.000     4.000 r  clk_i (IN)
                         net (fo=2206, unset)         0.021     4.021    u_bar/clk_i
                         FDRE                                         r  u_bar/addr_r_reg[14]/C
                         clock pessimism              0.000     4.021    
                         clock uncertainty           -0.035     3.986    
                         FDRE (Setup_FDRE_C_CE)      -0.061     3.925    u_bar/addr_r_reg[14]
  -------------------------------------------------------------------
                         required time                          3.925    
                         arrival time                          -4.096    
  -------------------------------------------------------------------
                         slack                                 -0.171    

Slack (VIOLATED) :        -0.171ns  (required time - arrival time)
  Source:                 u_txn/rdata_r_reg[5]/C
                            (rising edge-triggered cell FDRE clocked by clk_placeholder  {rise@0.000ns fall@2.000ns period=4.000ns})
  Destination:            u_bar/addr_r_reg[15]/CE
                            (rising edge-triggered cell FDRE clocked by clk_placeholder  {rise@0.000ns fall@2.000ns period=4.000ns})
  Path Group:             clk_placeholder
  Path Type:              Setup (Max at Slow Process Corner)
  Requirement:            4.000ns  (clk_placeholder rise@4.000ns - clk_placeholder rise@0.000ns)
  Data Path Delay:        4.066ns  (logic 1.636ns (40.236%)  route 2.430ns (59.764%))
  Logic Levels:           18  (CARRY8=11 LUT1=1 LUT2=3 LUT3=2 LUT6=1)
  Clock Path Skew:        -0.009ns (DCD - SCD + CPR)
    Destination Clock Delay (DCD):    0.021ns = ( 4.021 - 4.000 ) 
    Source Clock Delay      (SCD):    0.030ns
    Clock Pessimism Removal (CPR):    0.000ns
  Clock Uncertainty:      0.035ns  ((TSJ^2 + TIJ^2)^1/2 + DJ) / 2 + PE
    Total System Jitter     (TSJ):    0.071ns
    Total Input Jitter      (TIJ):    0.000ns
    Discrete Jitter          (DJ):    0.000ns
    Phase Error              (PE):    0.000ns

    Location             Delay type                Incr(ns)  Path(ns)    Netlist Resource(s)
  -------------------------------------------------------------------    -------------------
                         (clock clk_placeholder rise edge)
                                                      0.000     0.000 r  
                                                      0.000     0.000 r  clk_i (IN)
                         net (fo=2206, unset)         0.030     0.030    u_txn/clk_i
                         FDRE                                         r  u_txn/rdata_r_reg[5]/C
  -------------------------------------------------------------------    -------------------
                         FDRE (Prop_FDRE_C_Q)         0.077     0.107 f  u_txn/rdata_r_reg[5]/Q
                         net (fo=10, unplaced)        0.170     0.277    u_bar/rsp_rdata_i[5]
                                                                      f  u_bar/size_r[11]_i_9/I0
                         LUT1 (Prop_LUT1_I0_O)        0.037     0.314 r  u_bar/size_r[11]_i_9/O
                         net (fo=1, unplaced)         0.023     0.337    u_bar/size_r[11]_i_9_n_0
                                                                      r  u_bar/size_r_reg[11]_i_2/S[1]
                         CARRY8 (Prop_CARRY8_S[1]_CO[7])
                                                      0.197     0.534 r  u_bar/size_r_reg[11]_i_2/CO[7]
                         net (fo=1, unplaced)         0.005     0.539    u_bar/size_r_reg[11]_i_2_n_0
                                                                      r  u_bar/size_r_reg[19]_i_2/CI
                         CARRY8 (Prop_CARRY8_CI_CO[7])
                                                      0.022     0.561 r  u_bar/size_r_reg[19]_i_2/CO[7]
                         net (fo=1, unplaced)         0.005     0.566    u_bar/size_r_reg[19]_i_2_n_0
                                                                      r  u_bar/size_r_reg[27]_i_2/CI
                         CARRY8 (Prop_CARRY8_CI_CO[7])
                                                      0.022     0.588 r  u_bar/size_r_reg[27]_i_2/CO[7]
                         net (fo=1, unplaced)         0.005     0.593    u_bar/size_r_reg[27]_i_2_n_0
                                                                      r  u_bar/size_r_reg[31]_i_2/CI
                         CARRY8 (Prop_CARRY8_CI_O[1])
                                                      0.076     0.669 r  u_bar/size_r_reg[31]_i_2/O[1]
                         net (fo=10, unplaced)        0.217     0.886    u_bar/size32[29]
                                                                      r  u_bar/addr_r[36]_i_10/I2
                         LUT3 (Prop_LUT3_I2_O)        0.070     0.956 r  u_bar/addr_r[36]_i_10/O
                         net (fo=1, unplaced)         0.260     1.216    u_bar/addr_r[36]_i_10_n_0
                                                                      r  u_bar/addr_r_reg[36]_i_2/DI[0]
                         CARRY8 (Prop_CARRY8_DI[0]_CO[7])
                                                      0.140     1.356 r  u_bar/addr_r_reg[36]_i_2/CO[7]
                         net (fo=1, unplaced)         0.005     1.361    u_bar/addr_r_reg[36]_i_2_n_0
                                                                      r  u_bar/addr_r_reg[44]_i_2/CI
                         CARRY8 (Prop_CARRY8_CI_O[4])
                                                      0.086     1.447 r  u_bar/addr_r_reg[44]_i_2/O[4]
                         net (fo=4, unplaced)         0.196     1.643    u_bar/align_mask65[41]
                                                                      r  u_bar/addr_r[43]_i_5/I1
                         LUT2 (Prop_LUT2_I1_O)        0.037     1.680 r  u_bar/addr_r[43]_i_5/O
                         net (fo=1, unplaced)         0.029     1.709    u_bar/addr_r[43]_i_5_n_0
                                                                      r  u_bar/addr_r_reg[43]_i_2/S[5]
                         CARRY8 (Prop_CARRY8_S[5]_CO[7])
                                                      0.166     1.875 r  u_bar/addr_r_reg[43]_i_2/CO[7]
                         net (fo=1, unplaced)         0.005     1.880    u_bar/addr_r_reg[43]_i_2_n_0
                                                                      r  u_bar/addr_r_reg[51]_i_2/CI
                         CARRY8 (Prop_CARRY8_CI_O[0])
                                                      0.056     1.936 r  u_bar/addr_r_reg[51]_i_2/O[0]
                         net (fo=3, unplaced)         0.192     2.128    u_bar/addr_r_reg[51]_i_2_n_15
                                                                      r  u_bar/error_code_r[3]_i_273/I0
                         LUT2 (Prop_LUT2_I0_O)        0.070     2.198 r  u_bar/error_code_r[3]_i_273/O
                         net (fo=1, unplaced)         0.260     2.458    u_bar/error_code_r[3]_i_273_n_0
                                                                      r  u_bar/error_code_r_reg[3]_i_157/DI[0]
                         CARRY8 (Prop_CARRY8_DI[0]_CO[7])
                                                      0.140     2.598 r  u_bar/error_code_r_reg[3]_i_157/CO[7]
                         net (fo=1, unplaced)         0.005     2.603    u_bar/error_code_r_reg[3]_i_157_n_0
                                                                      r  u_bar/error_code_r_reg[3]_i_79/CI
                         CARRY8 (Prop_CARRY8_CI_O[1])
                                                      0.076     2.679 f  u_bar/error_code_r_reg[3]_i_79/O[1]
                         net (fo=4, unplaced)         0.196     2.875    u_bar/alloc_end65[53]
                                                                      f  u_bar/error_code_r[3]_i_54/I1
                         LUT2 (Prop_LUT2_I1_O)        0.070     2.945 f  u_bar/error_code_r[3]_i_54/O
                         net (fo=1, unplaced)         0.260     3.205    u_bar/error_code_r[3]_i_54_n_0
                                                                      f  u_bar/error_code_r_reg[3]_i_10/DI[0]
                         CARRY8 (Prop_CARRY8_DI[0]_CO[6])
                                                      0.186     3.391 f  u_bar/error_code_r_reg[3]_i_10/CO[6]
                         net (fo=5, unplaced)         0.156     3.547    u_bar/window_bad
                                                                      f  u_bar/error_code_r[3]_i_4/I2
                         LUT3 (Prop_LUT3_I2_O)        0.070     3.617 f  u_bar/error_code_r[3]_i_4/O
                         net (fo=7, unplaced)         0.211     3.828    u_bar/error_code_r[3]_i_4_n_0
                                                                      f  u_bar/size_r[63]_i_1/I3
                         LUT6 (Prop_LUT6_I3_O)        0.038     3.866 r  u_bar/size_r[63]_i_1/O
                         net (fo=120, unplaced)       0.230     4.096    u_bar/size_r
                         FDRE                                         r  u_bar/addr_r_reg[15]/CE
  -------------------------------------------------------------------    -------------------

                         (clock clk_placeholder rise edge)
                                                      4.000     4.000 r  
                                                      0.000     4.000 r  clk_i (IN)
                         net (fo=2206, unset)         0.021     4.021    u_bar/clk_i
                         FDRE                                         r  u_bar/addr_r_reg[15]/C
                         clock pessimism              0.000     4.021    
                         clock uncertainty           -0.035     3.986    
                         FDRE (Setup_FDRE_C_CE)      -0.061     3.925    u_bar/addr_r_reg[15]
  -------------------------------------------------------------------
                         required time                          3.925    
                         arrival time                          -4.096    
  -------------------------------------------------------------------
                         slack                                 -0.171    

Slack (VIOLATED) :        -0.171ns  (required time - arrival time)
  Source:                 u_txn/rdata_r_reg[5]/C
                            (rising edge-triggered cell FDRE clocked by clk_placeholder  {rise@0.000ns fall@2.000ns period=4.000ns})
  Destination:            u_bar/addr_r_reg[16]/CE
                            (rising edge-triggered cell FDRE clocked by clk_placeholder  {rise@0.000ns fall@2.000ns period=4.000ns})
  Path Group:             clk_placeholder
  Path Type:              Setup (Max at Slow Process Corner)
  Requirement:            4.000ns  (clk_placeholder rise@4.000ns - clk_placeholder rise@0.000ns)
  Data Path Delay:        4.066ns  (logic 1.636ns (40.236%)  route 2.430ns (59.764%))
  Logic Levels:           18  (CARRY8=11 LUT1=1 LUT2=3 LUT3=2 LUT6=1)
  Clock Path Skew:        -0.009ns (DCD - SCD + CPR)
    Destination Clock Delay (DCD):    0.021ns = ( 4.021 - 4.000 ) 
    Source Clock Delay      (SCD):    0.030ns
    Clock Pessimism Removal (CPR):    0.000ns
  Clock Uncertainty:      0.035ns  ((TSJ^2 + TIJ^2)^1/2 + DJ) / 2 + PE
    Total System Jitter     (TSJ):    0.071ns
    Total Input Jitter      (TIJ):    0.000ns
    Discrete Jitter          (DJ):    0.000ns
    Phase Error              (PE):    0.000ns

    Location             Delay type                Incr(ns)  Path(ns)    Netlist Resource(s)
  -------------------------------------------------------------------    -------------------
                         (clock clk_placeholder rise edge)
                                                      0.000     0.000 r  
                                                      0.000     0.000 r  clk_i (IN)
                         net (fo=2206, unset)         0.030     0.030    u_txn/clk_i
                         FDRE                                         r  u_txn/rdata_r_reg[5]/C
  -------------------------------------------------------------------    -------------------
                         FDRE (Prop_FDRE_C_Q)         0.077     0.107 f  u_txn/rdata_r_reg[5]/Q
                         net (fo=10, unplaced)        0.170     0.277    u_bar/rsp_rdata_i[5]
                                                                      f  u_bar/size_r[11]_i_9/I0
                         LUT1 (Prop_LUT1_I0_O)        0.037     0.314 r  u_bar/size_r[11]_i_9/O
                         net (fo=1, unplaced)         0.023     0.337    u_bar/size_r[11]_i_9_n_0
                                                                      r  u_bar/size_r_reg[11]_i_2/S[1]
                         CARRY8 (Prop_CARRY8_S[1]_CO[7])
                                                      0.197     0.534 r  u_bar/size_r_reg[11]_i_2/CO[7]
                         net (fo=1, unplaced)         0.005     0.539    u_bar/size_r_reg[11]_i_2_n_0
                                                                      r  u_bar/size_r_reg[19]_i_2/CI
                         CARRY8 (Prop_CARRY8_CI_CO[7])
                                                      0.022     0.561 r  u_bar/size_r_reg[19]_i_2/CO[7]
                         net (fo=1, unplaced)         0.005     0.566    u_bar/size_r_reg[19]_i_2_n_0
                                                                      r  u_bar/size_r_reg[27]_i_2/CI
                         CARRY8 (Prop_CARRY8_CI_CO[7])
                                                      0.022     0.588 r  u_bar/size_r_reg[27]_i_2/CO[7]
                         net (fo=1, unplaced)         0.005     0.593    u_bar/size_r_reg[27]_i_2_n_0
                                                                      r  u_bar/size_r_reg[31]_i_2/CI
                         CARRY8 (Prop_CARRY8_CI_O[1])
                                                      0.076     0.669 r  u_bar/size_r_reg[31]_i_2/O[1]
                         net (fo=10, unplaced)        0.217     0.886    u_bar/size32[29]
                                                                      r  u_bar/addr_r[36]_i_10/I2
                         LUT3 (Prop_LUT3_I2_O)        0.070     0.956 r  u_bar/addr_r[36]_i_10/O
                         net (fo=1, unplaced)         0.260     1.216    u_bar/addr_r[36]_i_10_n_0
                                                                      r  u_bar/addr_r_reg[36]_i_2/DI[0]
                         CARRY8 (Prop_CARRY8_DI[0]_CO[7])
                                                      0.140     1.356 r  u_bar/addr_r_reg[36]_i_2/CO[7]
                         net (fo=1, unplaced)         0.005     1.361    u_bar/addr_r_reg[36]_i_2_n_0
                                                                      r  u_bar/addr_r_reg[44]_i_2/CI
                         CARRY8 (Prop_CARRY8_CI_O[4])
                                                      0.086     1.447 r  u_bar/addr_r_reg[44]_i_2/O[4]
                         net (fo=4, unplaced)         0.196     1.643    u_bar/align_mask65[41]
                                                                      r  u_bar/addr_r[43]_i_5/I1
                         LUT2 (Prop_LUT2_I1_O)        0.037     1.680 r  u_bar/addr_r[43]_i_5/O
                         net (fo=1, unplaced)         0.029     1.709    u_bar/addr_r[43]_i_5_n_0
                                                                      r  u_bar/addr_r_reg[43]_i_2/S[5]
                         CARRY8 (Prop_CARRY8_S[5]_CO[7])
                                                      0.166     1.875 r  u_bar/addr_r_reg[43]_i_2/CO[7]
                         net (fo=1, unplaced)         0.005     1.880    u_bar/addr_r_reg[43]_i_2_n_0
                                                                      r  u_bar/addr_r_reg[51]_i_2/CI
                         CARRY8 (Prop_CARRY8_CI_O[0])
                                                      0.056     1.936 r  u_bar/addr_r_reg[51]_i_2/O[0]
                         net (fo=3, unplaced)         0.192     2.128    u_bar/addr_r_reg[51]_i_2_n_15
                                                                      r  u_bar/error_code_r[3]_i_273/I0
                         LUT2 (Prop_LUT2_I0_O)        0.070     2.198 r  u_bar/error_code_r[3]_i_273/O
                         net (fo=1, unplaced)         0.260     2.458    u_bar/error_code_r[3]_i_273_n_0
                                                                      r  u_bar/error_code_r_reg[3]_i_157/DI[0]
                         CARRY8 (Prop_CARRY8_DI[0]_CO[7])
                                                      0.140     2.598 r  u_bar/error_code_r_reg[3]_i_157/CO[7]
                         net (fo=1, unplaced)         0.005     2.603    u_bar/error_code_r_reg[3]_i_157_n_0
                                                                      r  u_bar/error_code_r_reg[3]_i_79/CI
                         CARRY8 (Prop_CARRY8_CI_O[1])
                                                      0.076     2.679 f  u_bar/error_code_r_reg[3]_i_79/O[1]
                         net (fo=4, unplaced)         0.196     2.875    u_bar/alloc_end65[53]
                                                                      f  u_bar/error_code_r[3]_i_54/I1
                         LUT2 (Prop_LUT2_I1_O)        0.070     2.945 f  u_bar/error_code_r[3]_i_54/O
                         net (fo=1, unplaced)         0.260     3.205    u_bar/error_code_r[3]_i_54_n_0
                                                                      f  u_bar/error_code_r_reg[3]_i_10/DI[0]
                         CARRY8 (Prop_CARRY8_DI[0]_CO[6])
                                                      0.186     3.391 f  u_bar/error_code_r_reg[3]_i_10/CO[6]
                         net (fo=5, unplaced)         0.156     3.547    u_bar/window_bad
                                                                      f  u_bar/error_code_r[3]_i_4/I2
                         LUT3 (Prop_LUT3_I2_O)        0.070     3.617 f  u_bar/error_code_r[3]_i_4/O
                         net (fo=7, unplaced)         0.211     3.828    u_bar/error_code_r[3]_i_4_n_0
                                                                      f  u_bar/size_r[63]_i_1/I3
                         LUT6 (Prop_LUT6_I3_O)        0.038     3.866 r  u_bar/size_r[63]_i_1/O
                         net (fo=120, unplaced)       0.230     4.096    u_bar/size_r
                         FDRE                                         r  u_bar/addr_r_reg[16]/CE
  -------------------------------------------------------------------    -------------------

                         (clock clk_placeholder rise edge)
                                                      4.000     4.000 r  
                                                      0.000     4.000 r  clk_i (IN)
                         net (fo=2206, unset)         0.021     4.021    u_bar/clk_i
                         FDRE                                         r  u_bar/addr_r_reg[16]/C
                         clock pessimism              0.000     4.021    
                         clock uncertainty           -0.035     3.986    
                         FDRE (Setup_FDRE_C_CE)      -0.061     3.925    u_bar/addr_r_reg[16]
  -------------------------------------------------------------------
                         required time                          3.925    
                         arrival time                          -4.096    
  -------------------------------------------------------------------
                         slack                                 -0.171    

Slack (VIOLATED) :        -0.171ns  (required time - arrival time)
  Source:                 u_txn/rdata_r_reg[5]/C
                            (rising edge-triggered cell FDRE clocked by clk_placeholder  {rise@0.000ns fall@2.000ns period=4.000ns})
  Destination:            u_bar/addr_r_reg[17]/CE
                            (rising edge-triggered cell FDRE clocked by clk_placeholder  {rise@0.000ns fall@2.000ns period=4.000ns})
  Path Group:             clk_placeholder
  Path Type:              Setup (Max at Slow Process Corner)
  Requirement:            4.000ns  (clk_placeholder rise@4.000ns - clk_placeholder rise@0.000ns)
  Data Path Delay:        4.066ns  (logic 1.636ns (40.236%)  route 2.430ns (59.764%))
  Logic Levels:           18  (CARRY8=11 LUT1=1 LUT2=3 LUT3=2 LUT6=1)
  Clock Path Skew:        -0.009ns (DCD - SCD + CPR)
    Destination Clock Delay (DCD):    0.021ns = ( 4.021 - 4.000 ) 
    Source Clock Delay      (SCD):    0.030ns
    Clock Pessimism Removal (CPR):    0.000ns
  Clock Uncertainty:      0.035ns  ((TSJ^2 + TIJ^2)^1/2 + DJ) / 2 + PE
    Total System Jitter     (TSJ):    0.071ns
    Total Input Jitter      (TIJ):    0.000ns
    Discrete Jitter          (DJ):    0.000ns
    Phase Error              (PE):    0.000ns

    Location             Delay type                Incr(ns)  Path(ns)    Netlist Resource(s)
  -------------------------------------------------------------------    -------------------
                         (clock clk_placeholder rise edge)
                                                      0.000     0.000 r  
                                                      0.000     0.000 r  clk_i (IN)
                         net (fo=2206, unset)         0.030     0.030    u_txn/clk_i
                         FDRE                                         r  u_txn/rdata_r_reg[5]/C
  -------------------------------------------------------------------    -------------------
                         FDRE (Prop_FDRE_C_Q)         0.077     0.107 f  u_txn/rdata_r_reg[5]/Q
                         net (fo=10, unplaced)        0.170     0.277    u_bar/rsp_rdata_i[5]
                                                                      f  u_bar/size_r[11]_i_9/I0
                         LUT1 (Prop_LUT1_I0_O)        0.037     0.314 r  u_bar/size_r[11]_i_9/O
                         net (fo=1, unplaced)         0.023     0.337    u_bar/size_r[11]_i_9_n_0
                                                                      r  u_bar/size_r_reg[11]_i_2/S[1]
                         CARRY8 (Prop_CARRY8_S[1]_CO[7])
                                                      0.197     0.534 r  u_bar/size_r_reg[11]_i_2/CO[7]
                         net (fo=1, unplaced)         0.005     0.539    u_bar/size_r_reg[11]_i_2_n_0
                                                                      r  u_bar/size_r_reg[19]_i_2/CI
                         CARRY8 (Prop_CARRY8_CI_CO[7])
                                                      0.022     0.561 r  u_bar/size_r_reg[19]_i_2/CO[7]
                         net (fo=1, unplaced)         0.005     0.566    u_bar/size_r_reg[19]_i_2_n_0
                                                                      r  u_bar/size_r_reg[27]_i_2/CI
                         CARRY8 (Prop_CARRY8_CI_CO[7])
                                                      0.022     0.588 r  u_bar/size_r_reg[27]_i_2/CO[7]
                         net (fo=1, unplaced)         0.005     0.593    u_bar/size_r_reg[27]_i_2_n_0
                                                                      r  u_bar/size_r_reg[31]_i_2/CI
                         CARRY8 (Prop_CARRY8_CI_O[1])
                                                      0.076     0.669 r  u_bar/size_r_reg[31]_i_2/O[1]
                         net (fo=10, unplaced)        0.217     0.886    u_bar/size32[29]
                                                                      r  u_bar/addr_r[36]_i_10/I2
                         LUT3 (Prop_LUT3_I2_O)        0.070     0.956 r  u_bar/addr_r[36]_i_10/O
                         net (fo=1, unplaced)         0.260     1.216    u_bar/addr_r[36]_i_10_n_0
                                                                      r  u_bar/addr_r_reg[36]_i_2/DI[0]
                         CARRY8 (Prop_CARRY8_DI[0]_CO[7])
                                                      0.140     1.356 r  u_bar/addr_r_reg[36]_i_2/CO[7]
                         net (fo=1, unplaced)         0.005     1.361    u_bar/addr_r_reg[36]_i_2_n_0
                                                                      r  u_bar/addr_r_reg[44]_i_2/CI
                         CARRY8 (Prop_CARRY8_CI_O[4])
                                                      0.086     1.447 r  u_bar/addr_r_reg[44]_i_2/O[4]
                         net (fo=4, unplaced)         0.196     1.643    u_bar/align_mask65[41]
                                                                      r  u_bar/addr_r[43]_i_5/I1
                         LUT2 (Prop_LUT2_I1_O)        0.037     1.680 r  u_bar/addr_r[43]_i_5/O
                         net (fo=1, unplaced)         0.029     1.709    u_bar/addr_r[43]_i_5_n_0
                                                                      r  u_bar/addr_r_reg[43]_i_2/S[5]
                         CARRY8 (Prop_CARRY8_S[5]_CO[7])
                                                      0.166     1.875 r  u_bar/addr_r_reg[43]_i_2/CO[7]
                         net (fo=1, unplaced)         0.005     1.880    u_bar/addr_r_reg[43]_i_2_n_0
                                                                      r  u_bar/addr_r_reg[51]_i_2/CI
                         CARRY8 (Prop_CARRY8_CI_O[0])
                                                      0.056     1.936 r  u_bar/addr_r_reg[51]_i_2/O[0]
                         net (fo=3, unplaced)         0.192     2.128    u_bar/addr_r_reg[51]_i_2_n_15
                                                                      r  u_bar/error_code_r[3]_i_273/I0
                         LUT2 (Prop_LUT2_I0_O)        0.070     2.198 r  u_bar/error_code_r[3]_i_273/O
                         net (fo=1, unplaced)         0.260     2.458    u_bar/error_code_r[3]_i_273_n_0
                                                                      r  u_bar/error_code_r_reg[3]_i_157/DI[0]
                         CARRY8 (Prop_CARRY8_DI[0]_CO[7])
                                                      0.140     2.598 r  u_bar/error_code_r_reg[3]_i_157/CO[7]
                         net (fo=1, unplaced)         0.005     2.603    u_bar/error_code_r_reg[3]_i_157_n_0
                                                                      r  u_bar/error_code_r_reg[3]_i_79/CI
                         CARRY8 (Prop_CARRY8_CI_O[1])
                                                      0.076     2.679 f  u_bar/error_code_r_reg[3]_i_79/O[1]
                         net (fo=4, unplaced)         0.196     2.875    u_bar/alloc_end65[53]
                                                                      f  u_bar/error_code_r[3]_i_54/I1
                         LUT2 (Prop_LUT2_I1_O)        0.070     2.945 f  u_bar/error_code_r[3]_i_54/O
                         net (fo=1, unplaced)         0.260     3.205    u_bar/error_code_r[3]_i_54_n_0
                                                                      f  u_bar/error_code_r_reg[3]_i_10/DI[0]
                         CARRY8 (Prop_CARRY8_DI[0]_CO[6])
                                                      0.186     3.391 f  u_bar/error_code_r_reg[3]_i_10/CO[6]
                         net (fo=5, unplaced)         0.156     3.547    u_bar/window_bad
                                                                      f  u_bar/error_code_r[3]_i_4/I2
                         LUT3 (Prop_LUT3_I2_O)        0.070     3.617 f  u_bar/error_code_r[3]_i_4/O
                         net (fo=7, unplaced)         0.211     3.828    u_bar/error_code_r[3]_i_4_n_0
                                                                      f  u_bar/size_r[63]_i_1/I3
                         LUT6 (Prop_LUT6_I3_O)        0.038     3.866 r  u_bar/size_r[63]_i_1/O
                         net (fo=120, unplaced)       0.230     4.096    u_bar/size_r
                         FDRE                                         r  u_bar/addr_r_reg[17]/CE
  -------------------------------------------------------------------    -------------------

                         (clock clk_placeholder rise edge)
                                                      4.000     4.000 r  
                                                      0.000     4.000 r  clk_i (IN)
                         net (fo=2206, unset)         0.021     4.021    u_bar/clk_i
                         FDRE                                         r  u_bar/addr_r_reg[17]/C
                         clock pessimism              0.000     4.021    
                         clock uncertainty           -0.035     3.986    
                         FDRE (Setup_FDRE_C_CE)      -0.061     3.925    u_bar/addr_r_reg[17]
  -------------------------------------------------------------------
                         required time                          3.925    
                         arrival time                          -4.096    
  -------------------------------------------------------------------
                         slack                                 -0.171    

Slack (VIOLATED) :        -0.171ns  (required time - arrival time)
  Source:                 u_txn/rdata_r_reg[5]/C
                            (rising edge-triggered cell FDRE clocked by clk_placeholder  {rise@0.000ns fall@2.000ns period=4.000ns})
  Destination:            u_bar/addr_r_reg[18]/CE
                            (rising edge-triggered cell FDRE clocked by clk_placeholder  {rise@0.000ns fall@2.000ns period=4.000ns})
  Path Group:             clk_placeholder
  Path Type:              Setup (Max at Slow Process Corner)
  Requirement:            4.000ns  (clk_placeholder rise@4.000ns - clk_placeholder rise@0.000ns)
  Data Path Delay:        4.066ns  (logic 1.636ns (40.236%)  route 2.430ns (59.764%))
  Logic Levels:           18  (CARRY8=11 LUT1=1 LUT2=3 LUT3=2 LUT6=1)
  Clock Path Skew:        -0.009ns (DCD - SCD + CPR)
    Destination Clock Delay (DCD):    0.021ns = ( 4.021 - 4.000 ) 
    Source Clock Delay      (SCD):    0.030ns
    Clock Pessimism Removal (CPR):    0.000ns
  Clock Uncertainty:      0.035ns  ((TSJ^2 + TIJ^2)^1/2 + DJ) / 2 + PE
    Total System Jitter     (TSJ):    0.071ns
    Total Input Jitter      (TIJ):    0.000ns
    Discrete Jitter          (DJ):    0.000ns
    Phase Error              (PE):    0.000ns

    Location             Delay type                Incr(ns)  Path(ns)    Netlist Resource(s)
  -------------------------------------------------------------------    -------------------
                         (clock clk_placeholder rise edge)
                                                      0.000     0.000 r  
                                                      0.000     0.000 r  clk_i (IN)
                         net (fo=2206, unset)         0.030     0.030    u_txn/clk_i
                         FDRE                                         r  u_txn/rdata_r_reg[5]/C
  -------------------------------------------------------------------    -------------------
                         FDRE (Prop_FDRE_C_Q)         0.077     0.107 f  u_txn/rdata_r_reg[5]/Q
                         net (fo=10, unplaced)        0.170     0.277    u_bar/rsp_rdata_i[5]
                                                                      f  u_bar/size_r[11]_i_9/I0
                         LUT1 (Prop_LUT1_I0_O)        0.037     0.314 r  u_bar/size_r[11]_i_9/O
                         net (fo=1, unplaced)         0.023     0.337    u_bar/size_r[11]_i_9_n_0
                                                                      r  u_bar/size_r_reg[11]_i_2/S[1]
                         CARRY8 (Prop_CARRY8_S[1]_CO[7])
                                                      0.197     0.534 r  u_bar/size_r_reg[11]_i_2/CO[7]
                         net (fo=1, unplaced)         0.005     0.539    u_bar/size_r_reg[11]_i_2_n_0
                                                                      r  u_bar/size_r_reg[19]_i_2/CI
                         CARRY8 (Prop_CARRY8_CI_CO[7])
                                                      0.022     0.561 r  u_bar/size_r_reg[19]_i_2/CO[7]
                         net (fo=1, unplaced)         0.005     0.566    u_bar/size_r_reg[19]_i_2_n_0
                                                                      r  u_bar/size_r_reg[27]_i_2/CI
                         CARRY8 (Prop_CARRY8_CI_CO[7])
                                                      0.022     0.588 r  u_bar/size_r_reg[27]_i_2/CO[7]
                         net (fo=1, unplaced)         0.005     0.593    u_bar/size_r_reg[27]_i_2_n_0
                                                                      r  u_bar/size_r_reg[31]_i_2/CI
                         CARRY8 (Prop_CARRY8_CI_O[1])
                                                      0.076     0.669 r  u_bar/size_r_reg[31]_i_2/O[1]
                         net (fo=10, unplaced)        0.217     0.886    u_bar/size32[29]
                                                                      r  u_bar/addr_r[36]_i_10/I2
                         LUT3 (Prop_LUT3_I2_O)        0.070     0.956 r  u_bar/addr_r[36]_i_10/O
                         net (fo=1, unplaced)         0.260     1.216    u_bar/addr_r[36]_i_10_n_0
                                                                      r  u_bar/addr_r_reg[36]_i_2/DI[0]
                         CARRY8 (Prop_CARRY8_DI[0]_CO[7])
                                                      0.140     1.356 r  u_bar/addr_r_reg[36]_i_2/CO[7]
                         net (fo=1, unplaced)         0.005     1.361    u_bar/addr_r_reg[36]_i_2_n_0
                                                                      r  u_bar/addr_r_reg[44]_i_2/CI
                         CARRY8 (Prop_CARRY8_CI_O[4])
                                                      0.086     1.447 r  u_bar/addr_r_reg[44]_i_2/O[4]
                         net (fo=4, unplaced)         0.196     1.643    u_bar/align_mask65[41]
                                                                      r  u_bar/addr_r[43]_i_5/I1
                         LUT2 (Prop_LUT2_I1_O)        0.037     1.680 r  u_bar/addr_r[43]_i_5/O
                         net (fo=1, unplaced)         0.029     1.709    u_bar/addr_r[43]_i_5_n_0
                                                                      r  u_bar/addr_r_reg[43]_i_2/S[5]
                         CARRY8 (Prop_CARRY8_S[5]_CO[7])
                                                      0.166     1.875 r  u_bar/addr_r_reg[43]_i_2/CO[7]
                         net (fo=1, unplaced)         0.005     1.880    u_bar/addr_r_reg[43]_i_2_n_0
                                                                      r  u_bar/addr_r_reg[51]_i_2/CI
                         CARRY8 (Prop_CARRY8_CI_O[0])
                                                      0.056     1.936 r  u_bar/addr_r_reg[51]_i_2/O[0]
                         net (fo=3, unplaced)         0.192     2.128    u_bar/addr_r_reg[51]_i_2_n_15
                                                                      r  u_bar/error_code_r[3]_i_273/I0
                         LUT2 (Prop_LUT2_I0_O)        0.070     2.198 r  u_bar/error_code_r[3]_i_273/O
                         net (fo=1, unplaced)         0.260     2.458    u_bar/error_code_r[3]_i_273_n_0
                                                                      r  u_bar/error_code_r_reg[3]_i_157/DI[0]
                         CARRY8 (Prop_CARRY8_DI[0]_CO[7])
                                                      0.140     2.598 r  u_bar/error_code_r_reg[3]_i_157/CO[7]
                         net (fo=1, unplaced)         0.005     2.603    u_bar/error_code_r_reg[3]_i_157_n_0
                                                                      r  u_bar/error_code_r_reg[3]_i_79/CI
                         CARRY8 (Prop_CARRY8_CI_O[1])
                                                      0.076     2.679 f  u_bar/error_code_r_reg[3]_i_79/O[1]
                         net (fo=4, unplaced)         0.196     2.875    u_bar/alloc_end65[53]
                                                                      f  u_bar/error_code_r[3]_i_54/I1
                         LUT2 (Prop_LUT2_I1_O)        0.070     2.945 f  u_bar/error_code_r[3]_i_54/O
                         net (fo=1, unplaced)         0.260     3.205    u_bar/error_code_r[3]_i_54_n_0
                                                                      f  u_bar/error_code_r_reg[3]_i_10/DI[0]
                         CARRY8 (Prop_CARRY8_DI[0]_CO[6])
                                                      0.186     3.391 f  u_bar/error_code_r_reg[3]_i_10/CO[6]
                         net (fo=5, unplaced)         0.156     3.547    u_bar/window_bad
                                                                      f  u_bar/error_code_r[3]_i_4/I2
                         LUT3 (Prop_LUT3_I2_O)        0.070     3.617 f  u_bar/error_code_r[3]_i_4/O
                         net (fo=7, unplaced)         0.211     3.828    u_bar/error_code_r[3]_i_4_n_0
                                                                      f  u_bar/size_r[63]_i_1/I3
                         LUT6 (Prop_LUT6_I3_O)        0.038     3.866 r  u_bar/size_r[63]_i_1/O
                         net (fo=120, unplaced)       0.230     4.096    u_bar/size_r
                         FDRE                                         r  u_bar/addr_r_reg[18]/CE
  -------------------------------------------------------------------    -------------------

                         (clock clk_placeholder rise edge)
                                                      4.000     4.000 r  
                                                      0.000     4.000 r  clk_i (IN)
                         net (fo=2206, unset)         0.021     4.021    u_bar/clk_i
                         FDRE                                         r  u_bar/addr_r_reg[18]/C
                         clock pessimism              0.000     4.021    
                         clock uncertainty           -0.035     3.986    
                         FDRE (Setup_FDRE_C_CE)      -0.061     3.925    u_bar/addr_r_reg[18]
  -------------------------------------------------------------------
                         required time                          3.925    
                         arrival time                          -4.096    
  -------------------------------------------------------------------
                         slack                                 -0.171    

Slack (VIOLATED) :        -0.171ns  (required time - arrival time)
  Source:                 u_txn/rdata_r_reg[5]/C
                            (rising edge-triggered cell FDRE clocked by clk_placeholder  {rise@0.000ns fall@2.000ns period=4.000ns})
  Destination:            u_bar/addr_r_reg[19]/CE
                            (rising edge-triggered cell FDRE clocked by clk_placeholder  {rise@0.000ns fall@2.000ns period=4.000ns})
  Path Group:             clk_placeholder
  Path Type:              Setup (Max at Slow Process Corner)
  Requirement:            4.000ns  (clk_placeholder rise@4.000ns - clk_placeholder rise@0.000ns)
  Data Path Delay:        4.066ns  (logic 1.636ns (40.236%)  route 2.430ns (59.764%))
  Logic Levels:           18  (CARRY8=11 LUT1=1 LUT2=3 LUT3=2 LUT6=1)
  Clock Path Skew:        -0.009ns (DCD - SCD + CPR)
    Destination Clock Delay (DCD):    0.021ns = ( 4.021 - 4.000 ) 
    Source Clock Delay      (SCD):    0.030ns
    Clock Pessimism Removal (CPR):    0.000ns
  Clock Uncertainty:      0.035ns  ((TSJ^2 + TIJ^2)^1/2 + DJ) / 2 + PE
    Total System Jitter     (TSJ):    0.071ns
    Total Input Jitter      (TIJ):    0.000ns
    Discrete Jitter          (DJ):    0.000ns
    Phase Error              (PE):    0.000ns

    Location             Delay type                Incr(ns)  Path(ns)    Netlist Resource(s)
  -------------------------------------------------------------------    -------------------
                         (clock clk_placeholder rise edge)
                                                      0.000     0.000 r  
                                                      0.000     0.000 r  clk_i (IN)
                         net (fo=2206, unset)         0.030     0.030    u_txn/clk_i
                         FDRE                                         r  u_txn/rdata_r_reg[5]/C
  -------------------------------------------------------------------    -------------------
                         FDRE (Prop_FDRE_C_Q)         0.077     0.107 f  u_txn/rdata_r_reg[5]/Q
                         net (fo=10, unplaced)        0.170     0.277    u_bar/rsp_rdata_i[5]
                                                                      f  u_bar/size_r[11]_i_9/I0
                         LUT1 (Prop_LUT1_I0_O)        0.037     0.314 r  u_bar/size_r[11]_i_9/O
                         net (fo=1, unplaced)         0.023     0.337    u_bar/size_r[11]_i_9_n_0
                                                                      r  u_bar/size_r_reg[11]_i_2/S[1]
                         CARRY8 (Prop_CARRY8_S[1]_CO[7])
                                                      0.197     0.534 r  u_bar/size_r_reg[11]_i_2/CO[7]
                         net (fo=1, unplaced)         0.005     0.539    u_bar/size_r_reg[11]_i_2_n_0
                                                                      r  u_bar/size_r_reg[19]_i_2/CI
                         CARRY8 (Prop_CARRY8_CI_CO[7])
                                                      0.022     0.561 r  u_bar/size_r_reg[19]_i_2/CO[7]
                         net (fo=1, unplaced)         0.005     0.566    u_bar/size_r_reg[19]_i_2_n_0
                                                                      r  u_bar/size_r_reg[27]_i_2/CI
                         CARRY8 (Prop_CARRY8_CI_CO[7])
                                                      0.022     0.588 r  u_bar/size_r_reg[27]_i_2/CO[7]
                         net (fo=1, unplaced)         0.005     0.593    u_bar/size_r_reg[27]_i_2_n_0
                                                                      r  u_bar/size_r_reg[31]_i_2/CI
                         CARRY8 (Prop_CARRY8_CI_O[1])
                                                      0.076     0.669 r  u_bar/size_r_reg[31]_i_2/O[1]
                         net (fo=10, unplaced)        0.217     0.886    u_bar/size32[29]
                                                                      r  u_bar/addr_r[36]_i_10/I2
                         LUT3 (Prop_LUT3_I2_O)        0.070     0.956 r  u_bar/addr_r[36]_i_10/O
                         net (fo=1, unplaced)         0.260     1.216    u_bar/addr_r[36]_i_10_n_0
                                                                      r  u_bar/addr_r_reg[36]_i_2/DI[0]
                         CARRY8 (Prop_CARRY8_DI[0]_CO[7])
                                                      0.140     1.356 r  u_bar/addr_r_reg[36]_i_2/CO[7]
                         net (fo=1, unplaced)         0.005     1.361    u_bar/addr_r_reg[36]_i_2_n_0
                                                                      r  u_bar/addr_r_reg[44]_i_2/CI
                         CARRY8 (Prop_CARRY8_CI_O[4])
                                                      0.086     1.447 r  u_bar/addr_r_reg[44]_i_2/O[4]
                         net (fo=4, unplaced)         0.196     1.643    u_bar/align_mask65[41]
                                                                      r  u_bar/addr_r[43]_i_5/I1
                         LUT2 (Prop_LUT2_I1_O)        0.037     1.680 r  u_bar/addr_r[43]_i_5/O
                         net (fo=1, unplaced)         0.029     1.709    u_bar/addr_r[43]_i_5_n_0
                                                                      r  u_bar/addr_r_reg[43]_i_2/S[5]
                         CARRY8 (Prop_CARRY8_S[5]_CO[7])
                                                      0.166     1.875 r  u_bar/addr_r_reg[43]_i_2/CO[7]
                         net (fo=1, unplaced)         0.005     1.880    u_bar/addr_r_reg[43]_i_2_n_0
                                                                      r  u_bar/addr_r_reg[51]_i_2/CI
                         CARRY8 (Prop_CARRY8_CI_O[0])
                                                      0.056     1.936 r  u_bar/addr_r_reg[51]_i_2/O[0]
                         net (fo=3, unplaced)         0.192     2.128    u_bar/addr_r_reg[51]_i_2_n_15
                                                                      r  u_bar/error_code_r[3]_i_273/I0
                         LUT2 (Prop_LUT2_I0_O)        0.070     2.198 r  u_bar/error_code_r[3]_i_273/O
                         net (fo=1, unplaced)         0.260     2.458    u_bar/error_code_r[3]_i_273_n_0
                                                                      r  u_bar/error_code_r_reg[3]_i_157/DI[0]
                         CARRY8 (Prop_CARRY8_DI[0]_CO[7])
                                                      0.140     2.598 r  u_bar/error_code_r_reg[3]_i_157/CO[7]
                         net (fo=1, unplaced)         0.005     2.603    u_bar/error_code_r_reg[3]_i_157_n_0
                                                                      r  u_bar/error_code_r_reg[3]_i_79/CI
                         CARRY8 (Prop_CARRY8_CI_O[1])
                                                      0.076     2.679 f  u_bar/error_code_r_reg[3]_i_79/O[1]
                         net (fo=4, unplaced)         0.196     2.875    u_bar/alloc_end65[53]
                                                                      f  u_bar/error_code_r[3]_i_54/I1
                         LUT2 (Prop_LUT2_I1_O)        0.070     2.945 f  u_bar/error_code_r[3]_i_54/O
                         net (fo=1, unplaced)         0.260     3.205    u_bar/error_code_r[3]_i_54_n_0
                                                                      f  u_bar/error_code_r_reg[3]_i_10/DI[0]
                         CARRY8 (Prop_CARRY8_DI[0]_CO[6])
                                                      0.186     3.391 f  u_bar/error_code_r_reg[3]_i_10/CO[6]
                         net (fo=5, unplaced)         0.156     3.547    u_bar/window_bad
                                                                      f  u_bar/error_code_r[3]_i_4/I2
                         LUT3 (Prop_LUT3_I2_O)        0.070     3.617 f  u_bar/error_code_r[3]_i_4/O
                         net (fo=7, unplaced)         0.211     3.828    u_bar/error_code_r[3]_i_4_n_0
                                                                      f  u_bar/size_r[63]_i_1/I3
                         LUT6 (Prop_LUT6_I3_O)        0.038     3.866 r  u_bar/size_r[63]_i_1/O
                         net (fo=120, unplaced)       0.230     4.096    u_bar/size_r
                         FDRE                                         r  u_bar/addr_r_reg[19]/CE
  -------------------------------------------------------------------    -------------------

                         (clock clk_placeholder rise edge)
                                                      4.000     4.000 r  
                                                      0.000     4.000 r  clk_i (IN)
                         net (fo=2206, unset)         0.021     4.021    u_bar/clk_i
                         FDRE                                         r  u_bar/addr_r_reg[19]/C
                         clock pessimism              0.000     4.021    
                         clock uncertainty           -0.035     3.986    
                         FDRE (Setup_FDRE_C_CE)      -0.061     3.925    u_bar/addr_r_reg[19]
  -------------------------------------------------------------------
                         required time                          3.925    
                         arrival time                          -4.096    
  -------------------------------------------------------------------
                         slack                                 -0.171    

Slack (VIOLATED) :        -0.171ns  (required time - arrival time)
  Source:                 u_txn/rdata_r_reg[5]/C
                            (rising edge-triggered cell FDRE clocked by clk_placeholder  {rise@0.000ns fall@2.000ns period=4.000ns})
  Destination:            u_bar/addr_r_reg[20]/CE
                            (rising edge-triggered cell FDRE clocked by clk_placeholder  {rise@0.000ns fall@2.000ns period=4.000ns})
  Path Group:             clk_placeholder
  Path Type:              Setup (Max at Slow Process Corner)
  Requirement:            4.000ns  (clk_placeholder rise@4.000ns - clk_placeholder rise@0.000ns)
  Data Path Delay:        4.066ns  (logic 1.636ns (40.236%)  route 2.430ns (59.764%))
  Logic Levels:           18  (CARRY8=11 LUT1=1 LUT2=3 LUT3=2 LUT6=1)
  Clock Path Skew:        -0.009ns (DCD - SCD + CPR)
    Destination Clock Delay (DCD):    0.021ns = ( 4.021 - 4.000 ) 
    Source Clock Delay      (SCD):    0.030ns
    Clock Pessimism Removal (CPR):    0.000ns
  Clock Uncertainty:      0.035ns  ((TSJ^2 + TIJ^2)^1/2 + DJ) / 2 + PE
    Total System Jitter     (TSJ):    0.071ns
    Total Input Jitter      (TIJ):    0.000ns
    Discrete Jitter          (DJ):    0.000ns
    Phase Error              (PE):    0.000ns

    Location             Delay type                Incr(ns)  Path(ns)    Netlist Resource(s)
  -------------------------------------------------------------------    -------------------
                         (clock clk_placeholder rise edge)
                                                      0.000     0.000 r  
                                                      0.000     0.000 r  clk_i (IN)
                         net (fo=2206, unset)         0.030     0.030    u_txn/clk_i
                         FDRE                                         r  u_txn/rdata_r_reg[5]/C
  -------------------------------------------------------------------    -------------------
                         FDRE (Prop_FDRE_C_Q)         0.077     0.107 f  u_txn/rdata_r_reg[5]/Q
                         net (fo=10, unplaced)        0.170     0.277    u_bar/rsp_rdata_i[5]
                                                                      f  u_bar/size_r[11]_i_9/I0
                         LUT1 (Prop_LUT1_I0_O)        0.037     0.314 r  u_bar/size_r[11]_i_9/O
                         net (fo=1, unplaced)         0.023     0.337    u_bar/size_r[11]_i_9_n_0
                                                                      r  u_bar/size_r_reg[11]_i_2/S[1]
                         CARRY8 (Prop_CARRY8_S[1]_CO[7])
                                                      0.197     0.534 r  u_bar/size_r_reg[11]_i_2/CO[7]
                         net (fo=1, unplaced)         0.005     0.539    u_bar/size_r_reg[11]_i_2_n_0
                                                                      r  u_bar/size_r_reg[19]_i_2/CI
                         CARRY8 (Prop_CARRY8_CI_CO[7])
                                                      0.022     0.561 r  u_bar/size_r_reg[19]_i_2/CO[7]
                         net (fo=1, unplaced)         0.005     0.566    u_bar/size_r_reg[19]_i_2_n_0
                                                                      r  u_bar/size_r_reg[27]_i_2/CI
                         CARRY8 (Prop_CARRY8_CI_CO[7])
                                                      0.022     0.588 r  u_bar/size_r_reg[27]_i_2/CO[7]
                         net (fo=1, unplaced)         0.005     0.593    u_bar/size_r_reg[27]_i_2_n_0
                                                                      r  u_bar/size_r_reg[31]_i_2/CI
                         CARRY8 (Prop_CARRY8_CI_O[1])
                                                      0.076     0.669 r  u_bar/size_r_reg[31]_i_2/O[1]
                         net (fo=10, unplaced)        0.217     0.886    u_bar/size32[29]
                                                                      r  u_bar/addr_r[36]_i_10/I2
                         LUT3 (Prop_LUT3_I2_O)        0.070     0.956 r  u_bar/addr_r[36]_i_10/O
                         net (fo=1, unplaced)         0.260     1.216    u_bar/addr_r[36]_i_10_n_0
                                                                      r  u_bar/addr_r_reg[36]_i_2/DI[0]
                         CARRY8 (Prop_CARRY8_DI[0]_CO[7])
                                                      0.140     1.356 r  u_bar/addr_r_reg[36]_i_2/CO[7]
                         net (fo=1, unplaced)         0.005     1.361    u_bar/addr_r_reg[36]_i_2_n_0
                                                                      r  u_bar/addr_r_reg[44]_i_2/CI
                         CARRY8 (Prop_CARRY8_CI_O[4])
                                                      0.086     1.447 r  u_bar/addr_r_reg[44]_i_2/O[4]
                         net (fo=4, unplaced)         0.196     1.643    u_bar/align_mask65[41]
                                                                      r  u_bar/addr_r[43]_i_5/I1
                         LUT2 (Prop_LUT2_I1_O)        0.037     1.680 r  u_bar/addr_r[43]_i_5/O
                         net (fo=1, unplaced)         0.029     1.709    u_bar/addr_r[43]_i_5_n_0
                                                                      r  u_bar/addr_r_reg[43]_i_2/S[5]
                         CARRY8 (Prop_CARRY8_S[5]_CO[7])
                                                      0.166     1.875 r  u_bar/addr_r_reg[43]_i_2/CO[7]
                         net (fo=1, unplaced)         0.005     1.880    u_bar/addr_r_reg[43]_i_2_n_0
                                                                      r  u_bar/addr_r_reg[51]_i_2/CI
                         CARRY8 (Prop_CARRY8_CI_O[0])
                                                      0.056     1.936 r  u_bar/addr_r_reg[51]_i_2/O[0]
                         net (fo=3, unplaced)         0.192     2.128    u_bar/addr_r_reg[51]_i_2_n_15
                                                                      r  u_bar/error_code_r[3]_i_273/I0
                         LUT2 (Prop_LUT2_I0_O)        0.070     2.198 r  u_bar/error_code_r[3]_i_273/O
                         net (fo=1, unplaced)         0.260     2.458    u_bar/error_code_r[3]_i_273_n_0
                                                                      r  u_bar/error_code_r_reg[3]_i_157/DI[0]
                         CARRY8 (Prop_CARRY8_DI[0]_CO[7])
                                                      0.140     2.598 r  u_bar/error_code_r_reg[3]_i_157/CO[7]
                         net (fo=1, unplaced)         0.005     2.603    u_bar/error_code_r_reg[3]_i_157_n_0
                                                                      r  u_bar/error_code_r_reg[3]_i_79/CI
                         CARRY8 (Prop_CARRY8_CI_O[1])
                                                      0.076     2.679 f  u_bar/error_code_r_reg[3]_i_79/O[1]
                         net (fo=4, unplaced)         0.196     2.875    u_bar/alloc_end65[53]
                                                                      f  u_bar/error_code_r[3]_i_54/I1
                         LUT2 (Prop_LUT2_I1_O)        0.070     2.945 f  u_bar/error_code_r[3]_i_54/O
                         net (fo=1, unplaced)         0.260     3.205    u_bar/error_code_r[3]_i_54_n_0
                                                                      f  u_bar/error_code_r_reg[3]_i_10/DI[0]
                         CARRY8 (Prop_CARRY8_DI[0]_CO[6])
                                                      0.186     3.391 f  u_bar/error_code_r_reg[3]_i_10/CO[6]
                         net (fo=5, unplaced)         0.156     3.547    u_bar/window_bad
                                                                      f  u_bar/error_code_r[3]_i_4/I2
                         LUT3 (Prop_LUT3_I2_O)        0.070     3.617 f  u_bar/error_code_r[3]_i_4/O
                         net (fo=7, unplaced)         0.211     3.828    u_bar/error_code_r[3]_i_4_n_0
                                                                      f  u_bar/size_r[63]_i_1/I3
                         LUT6 (Prop_LUT6_I3_O)        0.038     3.866 r  u_bar/size_r[63]_i_1/O
                         net (fo=120, unplaced)       0.230     4.096    u_bar/size_r
                         FDRE                                         r  u_bar/addr_r_reg[20]/CE
  -------------------------------------------------------------------    -------------------

                         (clock clk_placeholder rise edge)
                                                      4.000     4.000 r  
                                                      0.000     4.000 r  clk_i (IN)
                         net (fo=2206, unset)         0.021     4.021    u_bar/clk_i
                         FDRE                                         r  u_bar/addr_r_reg[20]/C
                         clock pessimism              0.000     4.021    
                         clock uncertainty           -0.035     3.986    
                         FDRE (Setup_FDRE_C_CE)      -0.061     3.925    u_bar/addr_r_reg[20]
  -------------------------------------------------------------------
                         required time                          3.925    
                         arrival time                          -4.096    
  -------------------------------------------------------------------
                         slack                                 -0.171    

Slack (VIOLATED) :        -0.171ns  (required time - arrival time)
  Source:                 u_txn/rdata_r_reg[5]/C
                            (rising edge-triggered cell FDRE clocked by clk_placeholder  {rise@0.000ns fall@2.000ns period=4.000ns})
  Destination:            u_bar/addr_r_reg[21]/CE
                            (rising edge-triggered cell FDRE clocked by clk_placeholder  {rise@0.000ns fall@2.000ns period=4.000ns})
  Path Group:             clk_placeholder
  Path Type:              Setup (Max at Slow Process Corner)
  Requirement:            4.000ns  (clk_placeholder rise@4.000ns - clk_placeholder rise@0.000ns)
  Data Path Delay:        4.066ns  (logic 1.636ns (40.236%)  route 2.430ns (59.764%))
  Logic Levels:           18  (CARRY8=11 LUT1=1 LUT2=3 LUT3=2 LUT6=1)
  Clock Path Skew:        -0.009ns (DCD - SCD + CPR)
    Destination Clock Delay (DCD):    0.021ns = ( 4.021 - 4.000 ) 
    Source Clock Delay      (SCD):    0.030ns
    Clock Pessimism Removal (CPR):    0.000ns
  Clock Uncertainty:      0.035ns  ((TSJ^2 + TIJ^2)^1/2 + DJ) / 2 + PE
    Total System Jitter     (TSJ):    0.071ns
    Total Input Jitter      (TIJ):    0.000ns
    Discrete Jitter          (DJ):    0.000ns
    Phase Error              (PE):    0.000ns

    Location             Delay type                Incr(ns)  Path(ns)    Netlist Resource(s)
  -------------------------------------------------------------------    -------------------
                         (clock clk_placeholder rise edge)
                                                      0.000     0.000 r  
                                                      0.000     0.000 r  clk_i (IN)
                         net (fo=2206, unset)         0.030     0.030    u_txn/clk_i
                         FDRE                                         r  u_txn/rdata_r_reg[5]/C
  -------------------------------------------------------------------    -------------------
                         FDRE (Prop_FDRE_C_Q)         0.077     0.107 f  u_txn/rdata_r_reg[5]/Q
                         net (fo=10, unplaced)        0.170     0.277    u_bar/rsp_rdata_i[5]
                                                                      f  u_bar/size_r[11]_i_9/I0
                         LUT1 (Prop_LUT1_I0_O)        0.037     0.314 r  u_bar/size_r[11]_i_9/O
                         net (fo=1, unplaced)         0.023     0.337    u_bar/size_r[11]_i_9_n_0
                                                                      r  u_bar/size_r_reg[11]_i_2/S[1]
                         CARRY8 (Prop_CARRY8_S[1]_CO[7])
                                                      0.197     0.534 r  u_bar/size_r_reg[11]_i_2/CO[7]
                         net (fo=1, unplaced)         0.005     0.539    u_bar/size_r_reg[11]_i_2_n_0
                                                                      r  u_bar/size_r_reg[19]_i_2/CI
                         CARRY8 (Prop_CARRY8_CI_CO[7])
                                                      0.022     0.561 r  u_bar/size_r_reg[19]_i_2/CO[7]
                         net (fo=1, unplaced)         0.005     0.566    u_bar/size_r_reg[19]_i_2_n_0
                                                                      r  u_bar/size_r_reg[27]_i_2/CI
                         CARRY8 (Prop_CARRY8_CI_CO[7])
                                                      0.022     0.588 r  u_bar/size_r_reg[27]_i_2/CO[7]
                         net (fo=1, unplaced)         0.005     0.593    u_bar/size_r_reg[27]_i_2_n_0
                                                                      r  u_bar/size_r_reg[31]_i_2/CI
                         CARRY8 (Prop_CARRY8_CI_O[1])
                                                      0.076     0.669 r  u_bar/size_r_reg[31]_i_2/O[1]
                         net (fo=10, unplaced)        0.217     0.886    u_bar/size32[29]
                                                                      r  u_bar/addr_r[36]_i_10/I2
                         LUT3 (Prop_LUT3_I2_O)        0.070     0.956 r  u_bar/addr_r[36]_i_10/O
                         net (fo=1, unplaced)         0.260     1.216    u_bar/addr_r[36]_i_10_n_0
                                                                      r  u_bar/addr_r_reg[36]_i_2/DI[0]
                         CARRY8 (Prop_CARRY8_DI[0]_CO[7])
                                                      0.140     1.356 r  u_bar/addr_r_reg[36]_i_2/CO[7]
                         net (fo=1, unplaced)         0.005     1.361    u_bar/addr_r_reg[36]_i_2_n_0
                                                                      r  u_bar/addr_r_reg[44]_i_2/CI
                         CARRY8 (Prop_CARRY8_CI_O[4])
                                                      0.086     1.447 r  u_bar/addr_r_reg[44]_i_2/O[4]
                         net (fo=4, unplaced)         0.196     1.643    u_bar/align_mask65[41]
                                                                      r  u_bar/addr_r[43]_i_5/I1
                         LUT2 (Prop_LUT2_I1_O)        0.037     1.680 r  u_bar/addr_r[43]_i_5/O
                         net (fo=1, unplaced)         0.029     1.709    u_bar/addr_r[43]_i_5_n_0
                                                                      r  u_bar/addr_r_reg[43]_i_2/S[5]
                         CARRY8 (Prop_CARRY8_S[5]_CO[7])
                                                      0.166     1.875 r  u_bar/addr_r_reg[43]_i_2/CO[7]
                         net (fo=1, unplaced)         0.005     1.880    u_bar/addr_r_reg[43]_i_2_n_0
                                                                      r  u_bar/addr_r_reg[51]_i_2/CI
                         CARRY8 (Prop_CARRY8_CI_O[0])
                                                      0.056     1.936 r  u_bar/addr_r_reg[51]_i_2/O[0]
                         net (fo=3, unplaced)         0.192     2.128    u_bar/addr_r_reg[51]_i_2_n_15
                                                                      r  u_bar/error_code_r[3]_i_273/I0
                         LUT2 (Prop_LUT2_I0_O)        0.070     2.198 r  u_bar/error_code_r[3]_i_273/O
                         net (fo=1, unplaced)         0.260     2.458    u_bar/error_code_r[3]_i_273_n_0
                                                                      r  u_bar/error_code_r_reg[3]_i_157/DI[0]
                         CARRY8 (Prop_CARRY8_DI[0]_CO[7])
                                                      0.140     2.598 r  u_bar/error_code_r_reg[3]_i_157/CO[7]
                         net (fo=1, unplaced)         0.005     2.603    u_bar/error_code_r_reg[3]_i_157_n_0
                                                                      r  u_bar/error_code_r_reg[3]_i_79/CI
                         CARRY8 (Prop_CARRY8_CI_O[1])
                                                      0.076     2.679 f  u_bar/error_code_r_reg[3]_i_79/O[1]
                         net (fo=4, unplaced)         0.196     2.875    u_bar/alloc_end65[53]
                                                                      f  u_bar/error_code_r[3]_i_54/I1
                         LUT2 (Prop_LUT2_I1_O)        0.070     2.945 f  u_bar/error_code_r[3]_i_54/O
                         net (fo=1, unplaced)         0.260     3.205    u_bar/error_code_r[3]_i_54_n_0
                                                                      f  u_bar/error_code_r_reg[3]_i_10/DI[0]
                         CARRY8 (Prop_CARRY8_DI[0]_CO[6])
                                                      0.186     3.391 f  u_bar/error_code_r_reg[3]_i_10/CO[6]
                         net (fo=5, unplaced)         0.156     3.547    u_bar/window_bad
                                                                      f  u_bar/error_code_r[3]_i_4/I2
                         LUT3 (Prop_LUT3_I2_O)        0.070     3.617 f  u_bar/error_code_r[3]_i_4/O
                         net (fo=7, unplaced)         0.211     3.828    u_bar/error_code_r[3]_i_4_n_0
                                                                      f  u_bar/size_r[63]_i_1/I3
                         LUT6 (Prop_LUT6_I3_O)        0.038     3.866 r  u_bar/size_r[63]_i_1/O
                         net (fo=120, unplaced)       0.230     4.096    u_bar/size_r
                         FDRE                                         r  u_bar/addr_r_reg[21]/CE
  -------------------------------------------------------------------    -------------------

                         (clock clk_placeholder rise edge)
                                                      4.000     4.000 r  
                                                      0.000     4.000 r  clk_i (IN)
                         net (fo=2206, unset)         0.021     4.021    u_bar/clk_i
                         FDRE                                         r  u_bar/addr_r_reg[21]/C
                         clock pessimism              0.000     4.021    
                         clock uncertainty           -0.035     3.986    
                         FDRE (Setup_FDRE_C_CE)      -0.061     3.925    u_bar/addr_r_reg[21]
  -------------------------------------------------------------------
                         required time                          3.925    
                         arrival time                          -4.096    
  -------------------------------------------------------------------
                         slack                                 -0.171    





Pulse Width Checks
--------------------------------------------------------------------------------------
Clock Name:         clk_placeholder
Waveform(ns):       { 0.000 2.000 }
Period(ns):         4.000
Sources:            { clk_i }

Check Type        Corner  Lib Pin  Reference Pin  Required(ns)  Actual(ns)  Slack(ns)  Location  Pin
Min Period        n/a     FDRE/C   n/a            0.550         4.000       3.450                u_bar/FSM_onehot_state_r_reg[0]/C
Min Period        n/a     FDRE/C   n/a            0.550         4.000       3.450                u_bar/FSM_onehot_state_r_reg[10]/C
Min Period        n/a     FDSE/C   n/a            0.550         4.000       3.450                u_bar/FSM_onehot_state_r_reg[11]/C
Min Period        n/a     FDRE/C   n/a            0.550         4.000       3.450                u_bar/FSM_onehot_state_r_reg[12]/C
Min Period        n/a     FDRE/C   n/a            0.550         4.000       3.450                u_bar/FSM_onehot_state_r_reg[13]/C
Min Period        n/a     FDRE/C   n/a            0.550         4.000       3.450                u_bar/FSM_onehot_state_r_reg[14]/C
Min Period        n/a     FDRE/C   n/a            0.550         4.000       3.450                u_bar/FSM_onehot_state_r_reg[15]/C
Min Period        n/a     FDRE/C   n/a            0.550         4.000       3.450                u_bar/FSM_onehot_state_r_reg[16]/C
Min Period        n/a     FDRE/C   n/a            0.550         4.000       3.450                u_bar/FSM_onehot_state_r_reg[16]_rep/C
Min Period        n/a     FDRE/C   n/a            0.550         4.000       3.450                u_bar/FSM_onehot_state_r_reg[16]_rep__0/C
Min Period        n/a     FDRE/C   n/a            0.550         4.000       3.450                u_bar/FSM_onehot_state_r_reg[16]_rep__1/C
Min Period        n/a     FDRE/C   n/a            0.550         4.000       3.450                u_bar/FSM_onehot_state_r_reg[17]/C
Min Period        n/a     FDRE/C   n/a            0.550         4.000       3.450                u_bar/FSM_onehot_state_r_reg[1]/C
Min Period        n/a     FDRE/C   n/a            0.550         4.000       3.450                u_bar/FSM_onehot_state_r_reg[2]/C
Min Period        n/a     FDRE/C   n/a            0.550         4.000       3.450                u_bar/FSM_onehot_state_r_reg[3]/C
Min Period        n/a     FDRE/C   n/a            0.550         4.000       3.450                u_bar/FSM_onehot_state_r_reg[4]/C
Min Period        n/a     FDRE/C   n/a            0.550         4.000       3.450                u_bar/FSM_onehot_state_r_reg[5]/C
Min Period        n/a     FDRE/C   n/a            0.550         4.000       3.450                u_bar/FSM_onehot_state_r_reg[6]/C
Min Period        n/a     FDRE/C   n/a            0.550         4.000       3.450                u_bar/FSM_onehot_state_r_reg[7]/C
Min Period        n/a     FDRE/C   n/a            0.550         4.000       3.450                u_bar/FSM_onehot_state_r_reg[8]/C
Low Pulse Width   Slow    FDRE/C   n/a            0.275         2.000       1.725                u_bar/FSM_onehot_state_r_reg[0]/C
Low Pulse Width   Fast    FDRE/C   n/a            0.275         2.000       1.725                u_bar/FSM_onehot_state_r_reg[0]/C
Low Pulse Width   Slow    FDRE/C   n/a            0.275         2.000       1.725                u_bar/FSM_onehot_state_r_reg[10]/C
Low Pulse Width   Fast    FDRE/C   n/a            0.275         2.000       1.725                u_bar/FSM_onehot_state_r_reg[10]/C
Low Pulse Width   Slow    FDSE/C   n/a            0.275         2.000       1.725                u_bar/FSM_onehot_state_r_reg[11]/C
Low Pulse Width   Fast    FDSE/C   n/a            0.275         2.000       1.725                u_bar/FSM_onehot_state_r_reg[11]/C
Low Pulse Width   Slow    FDRE/C   n/a            0.275         2.000       1.725                u_bar/FSM_onehot_state_r_reg[12]/C
Low Pulse Width   Fast    FDRE/C   n/a            0.275         2.000       1.725                u_bar/FSM_onehot_state_r_reg[12]/C
Low Pulse Width   Slow    FDRE/C   n/a            0.275         2.000       1.725                u_bar/FSM_onehot_state_r_reg[13]/C
Low Pulse Width   Fast    FDRE/C   n/a            0.275         2.000       1.725                u_bar/FSM_onehot_state_r_reg[13]/C
Low Pulse Width   Slow    FDRE/C   n/a            0.275         2.000       1.725                u_bar/FSM_onehot_state_r_reg[14]/C
Low Pulse Width   Fast    FDRE/C   n/a            0.275         2.000       1.725                u_bar/FSM_onehot_state_r_reg[14]/C
Low Pulse Width   Slow    FDRE/C   n/a            0.275         2.000       1.725                u_bar/FSM_onehot_state_r_reg[15]/C
Low Pulse Width   Fast    FDRE/C   n/a            0.275         2.000       1.725                u_bar/FSM_onehot_state_r_reg[15]/C
Low Pulse Width   Slow    FDRE/C   n/a            0.275         2.000       1.725                u_bar/FSM_onehot_state_r_reg[16]/C
Low Pulse Width   Fast    FDRE/C   n/a            0.275         2.000       1.725                u_bar/FSM_onehot_state_r_reg[16]/C
Low Pulse Width   Slow    FDRE/C   n/a            0.275         2.000       1.725                u_bar/FSM_onehot_state_r_reg[16]_rep/C
Low Pulse Width   Fast    FDRE/C   n/a            0.275         2.000       1.725                u_bar/FSM_onehot_state_r_reg[16]_rep/C
Low Pulse Width   Slow    FDRE/C   n/a            0.275         2.000       1.725                u_bar/FSM_onehot_state_r_reg[16]_rep__0/C
Low Pulse Width   Fast    FDRE/C   n/a            0.275         2.000       1.725                u_bar/FSM_onehot_state_r_reg[16]_rep__0/C
High Pulse Width  Slow    FDRE/C   n/a            0.275         2.000       1.725                u_bar/FSM_onehot_state_r_reg[0]/C
High Pulse Width  Fast    FDRE/C   n/a            0.275         2.000       1.725                u_bar/FSM_onehot_state_r_reg[0]/C
High Pulse Width  Slow    FDRE/C   n/a            0.275         2.000       1.725                u_bar/FSM_onehot_state_r_reg[10]/C
High Pulse Width  Fast    FDRE/C   n/a            0.275         2.000       1.725                u_bar/FSM_onehot_state_r_reg[10]/C
High Pulse Width  Slow    FDSE/C   n/a            0.275         2.000       1.725                u_bar/FSM_onehot_state_r_reg[11]/C
High Pulse Width  Fast    FDSE/C   n/a            0.275         2.000       1.725                u_bar/FSM_onehot_state_r_reg[11]/C
High Pulse Width  Slow    FDRE/C   n/a            0.275         2.000       1.725                u_bar/FSM_onehot_state_r_reg[12]/C
High Pulse Width  Fast    FDRE/C   n/a            0.275         2.000       1.725                u_bar/FSM_onehot_state_r_reg[12]/C
High Pulse Width  Slow    FDRE/C   n/a            0.275         2.000       1.725                u_bar/FSM_onehot_state_r_reg[13]/C
High Pulse Width  Fast    FDRE/C   n/a            0.275         2.000       1.725                u_bar/FSM_onehot_state_r_reg[13]/C
High Pulse Width  Slow    FDRE/C   n/a            0.275         2.000       1.725                u_bar/FSM_onehot_state_r_reg[14]/C
High Pulse Width  Fast    FDRE/C   n/a            0.275         2.000       1.725                u_bar/FSM_onehot_state_r_reg[14]/C
High Pulse Width  Slow    FDRE/C   n/a            0.275         2.000       1.725                u_bar/FSM_onehot_state_r_reg[15]/C
High Pulse Width  Fast    FDRE/C   n/a            0.275         2.000       1.725                u_bar/FSM_onehot_state_r_reg[15]/C
High Pulse Width  Slow    FDRE/C   n/a            0.275         2.000       1.725                u_bar/FSM_onehot_state_r_reg[16]/C
High Pulse Width  Fast    FDRE/C   n/a            0.275         2.000       1.725                u_bar/FSM_onehot_state_r_reg[16]/C
High Pulse Width  Slow    FDRE/C   n/a            0.275         2.000       1.725                u_bar/FSM_onehot_state_r_reg[16]_rep/C
High Pulse Width  Fast    FDRE/C   n/a            0.275         2.000       1.725                u_bar/FSM_onehot_state_r_reg[16]_rep/C
High Pulse Width  Slow    FDRE/C   n/a            0.275         2.000       1.725                u_bar/FSM_onehot_state_r_reg[16]_rep__0/C
High Pulse Width  Fast    FDRE/C   n/a            0.275         2.000       1.725                u_bar/FSM_onehot_state_r_reg[16]_rep__0/C



