Copyright 1986-2022 Xilinx, Inc. All Rights Reserved. Copyright 2022-2023 Advanced Micro Devices, Inc. All Rights Reserved.
----------------------------------------------------------------------------------------------------------------------------------------------------------
| Tool Version      : Vivado v.2023.2 (lin64) Build 4029153 Fri Oct 13 20:13:54 MDT 2023
| Date              : Fri Aug  7 06:45:37 2026
| Host              : vlsi031.ee.washington.edu running 64-bit CentOS Linux release 7.9.2009 (Core)
| Command           : report_timing -delay_type max -max_paths 20 -nworst 20 -sort_by slack -file /home/kourosh/synth_s1/pcie_enum_top/timing_worst20.rpt
| Design            : pcie_enum_top
| Device            : xczu7ev-ffvc1156
| Speed File        : -2  PRODUCTION 1.30 05-15-2022
| Design State      : Synthesized
| Temperature Grade : E
----------------------------------------------------------------------------------------------------------------------------------------------------------

Timing Report

Slack (VIOLATED) :        -0.317ns  (required time - arrival time)
  Source:                 u_txn/rdata_r_reg[5]/C
                            (rising edge-triggered cell FDRE clocked by clk_placeholder  {rise@0.000ns fall@2.000ns period=4.000ns})
  Destination:            u_bar/error_code_r_reg[0]/CE
                            (rising edge-triggered cell FDRE clocked by clk_placeholder  {rise@0.000ns fall@2.000ns period=4.000ns})
  Path Group:             clk_placeholder
  Path Type:              Setup (Max at Slow Process Corner)
  Requirement:            4.000ns  (clk_placeholder rise@4.000ns - clk_placeholder rise@0.000ns)
  Data Path Delay:        4.212ns  (logic 1.674ns (39.744%)  route 2.538ns (60.256%))
  Logic Levels:           19  (CARRY8=11 LUT1=1 LUT2=3 LUT3=2 LUT6=2)
  Clock Path Skew:        -0.009ns (DCD - SCD + CPR)
    Destination Clock Delay (DCD):    0.021ns = ( 4.021 - 4.000 ) 
    Source Clock Delay      (SCD):    0.030ns
    Clock Pessimism Removal (CPR):    0.000ns
  Clock Uncertainty:      0.035ns  ((TSJ^2 + TIJ^2)^1/2 + DJ) / 2 + PE
    Total System Jitter     (TSJ):    0.071ns
    Total Input Jitter      (TIJ):    0.000ns
    Discrete Jitter          (DJ):    0.000ns
    Phase Error              (PE):    0.000ns

    Location             Delay type                Incr(ns)  Path(ns)    Netlist Resource(s)
  -------------------------------------------------------------------    -------------------
                         (clock clk_placeholder rise edge)
                                                      0.000     0.000 r  
                                                      0.000     0.000 r  clk_i (IN)
                         net (fo=2206, unset)         0.030     0.030    u_txn/clk_i
                         FDRE                                         r  u_txn/rdata_r_reg[5]/C
  -------------------------------------------------------------------    -------------------
                         FDRE (Prop_FDRE_C_Q)         0.077     0.107 f  u_txn/rdata_r_reg[5]/Q
                         net (fo=10, unplaced)        0.170     0.277    u_bar/rsp_rdata_i[5]
                         LUT1 (Prop_LUT1_I0_O)        0.037     0.314 r  u_bar/size_r[11]_i_9/O
                         net (fo=1, unplaced)         0.023     0.337    u_bar/size_r[11]_i_9_n_0
                         CARRY8 (Prop_CARRY8_S[1]_CO[7])
                                                      0.197     0.534 r  u_bar/size_r_reg[11]_i_2/CO[7]
                         net (fo=1, unplaced)         0.005     0.539    u_bar/size_r_reg[11]_i_2_n_0
                         CARRY8 (Prop_CARRY8_CI_CO[7])
                                                      0.022     0.561 r  u_bar/size_r_reg[19]_i_2/CO[7]
                         net (fo=1, unplaced)         0.005     0.566    u_bar/size_r_reg[19]_i_2_n_0
                         CARRY8 (Prop_CARRY8_CI_O[1])
                                                      0.076     0.642 r  u_bar/size_r_reg[27]_i_2/O[1]
                         net (fo=10, unplaced)        0.217     0.859    u_bar/size32[21]
                         LUT3 (Prop_LUT3_I2_O)        0.070     0.929 r  u_bar/addr_r[28]_i_10/O
                         net (fo=1, unplaced)         0.260     1.189    u_bar/addr_r[28]_i_10_n_0
                         CARRY8 (Prop_CARRY8_DI[0]_CO[7])
                                                      0.140     1.329 r  u_bar/addr_r_reg[28]_i_2/CO[7]
                         net (fo=1, unplaced)         0.005     1.334    u_bar/addr_r_reg[28]_i_2_n_0
                         CARRY8 (Prop_CARRY8_CI_O[4])
                                                      0.086     1.420 r  u_bar/addr_r_reg[36]_i_2/O[4]
                         net (fo=4, unplaced)         0.196     1.616    u_bar/align_mask65[33]
                         LUT2 (Prop_LUT2_I1_O)        0.037     1.653 r  u_bar/addr_r[35]_i_5/O
                         net (fo=1, unplaced)         0.029     1.682    u_bar/addr_r[35]_i_5_n_0
                         CARRY8 (Prop_CARRY8_S[5]_CO[7])
                                                      0.166     1.848 r  u_bar/addr_r_reg[35]_i_2/CO[7]
                         net (fo=1, unplaced)         0.005     1.853    u_bar/addr_r_reg[35]_i_2_n_0
                         CARRY8 (Prop_CARRY8_CI_O[0])
                                                      0.056     1.909 r  u_bar/addr_r_reg[43]_i_2/O[0]
                         net (fo=3, unplaced)         0.192     2.101    u_bar/addr_r_reg[43]_i_2_n_15
                         LUT2 (Prop_LUT2_I0_O)        0.070     2.171 r  u_bar/error_code_r[3]_i_289/O
                         net (fo=1, unplaced)         0.260     2.431    u_bar/error_code_r[3]_i_289_n_0
                         CARRY8 (Prop_CARRY8_DI[0]_CO[7])
                                                      0.140     2.571 r  u_bar/error_code_r_reg[3]_i_158/CO[7]
                         net (fo=1, unplaced)         0.005     2.576    u_bar/error_code_r_reg[3]_i_158_n_0
                         CARRY8 (Prop_CARRY8_CI_CO[7])
                                                      0.022     2.598 r  u_bar/error_code_r_reg[3]_i_157/CO[7]
                         net (fo=1, unplaced)         0.005     2.603    u_bar/error_code_r_reg[3]_i_157_n_0
                         CARRY8 (Prop_CARRY8_CI_O[1])
                                                      0.076     2.679 r  u_bar/error_code_r_reg[3]_i_79/O[1]
                         net (fo=4, unplaced)         0.196     2.875    u_bar/alloc_end65[53]
                         LUT2 (Prop_LUT2_I1_O)        0.070     2.945 r  u_bar/error_code_r[3]_i_54/O
                         net (fo=1, unplaced)         0.260     3.205    u_bar/error_code_r[3]_i_54_n_0
                         CARRY8 (Prop_CARRY8_DI[0]_CO[6])
                                                      0.186     3.391 r  u_bar/error_code_r_reg[3]_i_10/CO[6]
                         net (fo=5, unplaced)         0.156     3.547    u_bar/window_bad
                         LUT3 (Prop_LUT3_I2_O)        0.070     3.617 r  u_bar/error_code_r[3]_i_4/O
                         net (fo=7, unplaced)         0.211     3.828    u_bar/error_code_r[3]_i_4_n_0
                         LUT6 (Prop_LUT6_I3_O)        0.038     3.866 r  u_bar/error_code_r[3]_i_7/O
                         net (fo=1, unplaced)         0.186     4.052    u_bar/error_code_r[3]_i_7_n_0
                         LUT6 (Prop_LUT6_I5_O)        0.038     4.090 r  u_bar/error_code_r[3]_i_1/O
                         net (fo=4, unplaced)         0.152     4.242    u_bar/error_code_r[3]_i_1_n_0
                         FDRE                                         r  u_bar/error_code_r_reg[0]/CE
  -------------------------------------------------------------------    -------------------

                         (clock clk_placeholder rise edge)
                                                      4.000     4.000 r  
                                                      0.000     4.000 r  clk_i (IN)
                         net (fo=2206, unset)         0.021     4.021    u_bar/clk_i
                         FDRE                                         r  u_bar/error_code_r_reg[0]/C
                         clock pessimism              0.000     4.021    
                         clock uncertainty           -0.035     3.986    
                         FDRE (Setup_FDRE_C_CE)      -0.061     3.925    u_bar/error_code_r_reg[0]
  -------------------------------------------------------------------
                         required time                          3.925    
                         arrival time                          -4.242    
  -------------------------------------------------------------------
                         slack                                 -0.317    

Slack (VIOLATED) :        -0.317ns  (required time - arrival time)
  Source:                 u_txn/rdata_r_reg[5]/C
                            (rising edge-triggered cell FDRE clocked by clk_placeholder  {rise@0.000ns fall@2.000ns period=4.000ns})
  Destination:            u_bar/error_code_r_reg[0]/CE
                            (rising edge-triggered cell FDRE clocked by clk_placeholder  {rise@0.000ns fall@2.000ns period=4.000ns})
  Path Group:             clk_placeholder
  Path Type:              Setup (Max at Slow Process Corner)
  Requirement:            4.000ns  (clk_placeholder rise@4.000ns - clk_placeholder rise@0.000ns)
  Data Path Delay:        4.212ns  (logic 1.674ns (39.744%)  route 2.538ns (60.256%))
  Logic Levels:           19  (CARRY8=11 LUT1=1 LUT2=3 LUT3=2 LUT6=2)
  Clock Path Skew:        -0.009ns (DCD - SCD + CPR)
    Destination Clock Delay (DCD):    0.021ns = ( 4.021 - 4.000 ) 
    Source Clock Delay      (SCD):    0.030ns
    Clock Pessimism Removal (CPR):    0.000ns
  Clock Uncertainty:      0.035ns  ((TSJ^2 + TIJ^2)^1/2 + DJ) / 2 + PE
    Total System Jitter     (TSJ):    0.071ns
    Total Input Jitter      (TIJ):    0.000ns
    Discrete Jitter          (DJ):    0.000ns
    Phase Error              (PE):    0.000ns

    Location             Delay type                Incr(ns)  Path(ns)    Netlist Resource(s)
  -------------------------------------------------------------------    -------------------
                         (clock clk_placeholder rise edge)
                                                      0.000     0.000 r  
                                                      0.000     0.000 r  clk_i (IN)
                         net (fo=2206, unset)         0.030     0.030    u_txn/clk_i
                         FDRE                                         r  u_txn/rdata_r_reg[5]/C
  -------------------------------------------------------------------    -------------------
                         FDRE (Prop_FDRE_C_Q)         0.077     0.107 r  u_txn/rdata_r_reg[5]/Q
                         net (fo=10, unplaced)        0.170     0.277    u_bar/rsp_rdata_i[5]
                         LUT1 (Prop_LUT1_I0_O)        0.037     0.314 f  u_bar/size_r[11]_i_9/O
                         net (fo=1, unplaced)         0.023     0.337    u_bar/size_r[11]_i_9_n_0
                         CARRY8 (Prop_CARRY8_S[1]_CO[7])
                                                      0.197     0.534 r  u_bar/size_r_reg[11]_i_2/CO[7]
                         net (fo=1, unplaced)         0.005     0.539    u_bar/size_r_reg[11]_i_2_n_0
                         CARRY8 (Prop_CARRY8_CI_CO[7])
                                                      0.022     0.561 r  u_bar/size_r_reg[19]_i_2/CO[7]
                         net (fo=1, unplaced)         0.005     0.566    u_bar/size_r_reg[19]_i_2_n_0
                         CARRY8 (Prop_CARRY8_CI_O[1])
                                                      0.076     0.642 r  u_bar/size_r_reg[27]_i_2/O[1]
                         net (fo=10, unplaced)        0.217     0.859    u_bar/size32[21]
                         LUT3 (Prop_LUT3_I2_O)        0.070     0.929 r  u_bar/addr_r[28]_i_10/O
                         net (fo=1, unplaced)         0.260     1.189    u_bar/addr_r[28]_i_10_n_0
                         CARRY8 (Prop_CARRY8_DI[0]_CO[7])
                                                      0.140     1.329 r  u_bar/addr_r_reg[28]_i_2/CO[7]
                         net (fo=1, unplaced)         0.005     1.334    u_bar/addr_r_reg[28]_i_2_n_0
                         CARRY8 (Prop_CARRY8_CI_O[4])
                                                      0.086     1.420 r  u_bar/addr_r_reg[36]_i_2/O[4]
                         net (fo=4, unplaced)         0.196     1.616    u_bar/align_mask65[33]
                         LUT2 (Prop_LUT2_I1_O)        0.037     1.653 r  u_bar/addr_r[35]_i_5/O
                         net (fo=1, unplaced)         0.029     1.682    u_bar/addr_r[35]_i_5_n_0
                         CARRY8 (Prop_CARRY8_S[5]_CO[7])
                                                      0.166     1.848 r  u_bar/addr_r_reg[35]_i_2/CO[7]
                         net (fo=1, unplaced)         0.005     1.853    u_bar/addr_r_reg[35]_i_2_n_0
                         CARRY8 (Prop_CARRY8_CI_O[0])
                                                      0.056     1.909 r  u_bar/addr_r_reg[43]_i_2/O[0]
                         net (fo=3, unplaced)         0.192     2.101    u_bar/addr_r_reg[43]_i_2_n_15
                         LUT2 (Prop_LUT2_I0_O)        0.070     2.171 r  u_bar/error_code_r[3]_i_289/O
                         net (fo=1, unplaced)         0.260     2.431    u_bar/error_code_r[3]_i_289_n_0
                         CARRY8 (Prop_CARRY8_DI[0]_CO[7])
                                                      0.140     2.571 r  u_bar/error_code_r_reg[3]_i_158/CO[7]
                         net (fo=1, unplaced)         0.005     2.576    u_bar/error_code_r_reg[3]_i_158_n_0
                         CARRY8 (Prop_CARRY8_CI_CO[7])
                                                      0.022     2.598 r  u_bar/error_code_r_reg[3]_i_157/CO[7]
                         net (fo=1, unplaced)         0.005     2.603    u_bar/error_code_r_reg[3]_i_157_n_0
                         CARRY8 (Prop_CARRY8_CI_O[1])
                                                      0.076     2.679 r  u_bar/error_code_r_reg[3]_i_79/O[1]
                         net (fo=4, unplaced)         0.196     2.875    u_bar/alloc_end65[53]
                         LUT2 (Prop_LUT2_I1_O)        0.070     2.945 r  u_bar/error_code_r[3]_i_54/O
                         net (fo=1, unplaced)         0.260     3.205    u_bar/error_code_r[3]_i_54_n_0
                         CARRY8 (Prop_CARRY8_DI[0]_CO[6])
                                                      0.186     3.391 r  u_bar/error_code_r_reg[3]_i_10/CO[6]
                         net (fo=5, unplaced)         0.156     3.547    u_bar/window_bad
                         LUT3 (Prop_LUT3_I2_O)        0.070     3.617 r  u_bar/error_code_r[3]_i_4/O
                         net (fo=7, unplaced)         0.211     3.828    u_bar/error_code_r[3]_i_4_n_0
                         LUT6 (Prop_LUT6_I3_O)        0.038     3.866 r  u_bar/error_code_r[3]_i_7/O
                         net (fo=1, unplaced)         0.186     4.052    u_bar/error_code_r[3]_i_7_n_0
                         LUT6 (Prop_LUT6_I5_O)        0.038     4.090 r  u_bar/error_code_r[3]_i_1/O
                         net (fo=4, unplaced)         0.152     4.242    u_bar/error_code_r[3]_i_1_n_0
                         FDRE                                         r  u_bar/error_code_r_reg[0]/CE
  -------------------------------------------------------------------    -------------------

                         (clock clk_placeholder rise edge)
                                                      4.000     4.000 r  
                                                      0.000     4.000 r  clk_i (IN)
                         net (fo=2206, unset)         0.021     4.021    u_bar/clk_i
                         FDRE                                         r  u_bar/error_code_r_reg[0]/C
                         clock pessimism              0.000     4.021    
                         clock uncertainty           -0.035     3.986    
                         FDRE (Setup_FDRE_C_CE)      -0.061     3.925    u_bar/error_code_r_reg[0]
  -------------------------------------------------------------------
                         required time                          3.925    
                         arrival time                          -4.242    
  -------------------------------------------------------------------
                         slack                                 -0.317    

Slack (VIOLATED) :        -0.317ns  (required time - arrival time)
  Source:                 u_txn/rdata_r_reg[5]/C
                            (rising edge-triggered cell FDRE clocked by clk_placeholder  {rise@0.000ns fall@2.000ns period=4.000ns})
  Destination:            u_bar/error_code_r_reg[0]/CE
                            (rising edge-triggered cell FDRE clocked by clk_placeholder  {rise@0.000ns fall@2.000ns period=4.000ns})
  Path Group:             clk_placeholder
  Path Type:              Setup (Max at Slow Process Corner)
  Requirement:            4.000ns  (clk_placeholder rise@4.000ns - clk_placeholder rise@0.000ns)
  Data Path Delay:        4.212ns  (logic 1.674ns (39.744%)  route 2.538ns (60.256%))
  Logic Levels:           19  (CARRY8=11 LUT1=1 LUT2=3 LUT3=2 LUT6=2)
  Clock Path Skew:        -0.009ns (DCD - SCD + CPR)
    Destination Clock Delay (DCD):    0.021ns = ( 4.021 - 4.000 ) 
    Source Clock Delay      (SCD):    0.030ns
    Clock Pessimism Removal (CPR):    0.000ns
  Clock Uncertainty:      0.035ns  ((TSJ^2 + TIJ^2)^1/2 + DJ) / 2 + PE
    Total System Jitter     (TSJ):    0.071ns
    Total Input Jitter      (TIJ):    0.000ns
    Discrete Jitter          (DJ):    0.000ns
    Phase Error              (PE):    0.000ns

    Location             Delay type                Incr(ns)  Path(ns)    Netlist Resource(s)
  -------------------------------------------------------------------    -------------------
                         (clock clk_placeholder rise edge)
                                                      0.000     0.000 r  
                                                      0.000     0.000 r  clk_i (IN)
                         net (fo=2206, unset)         0.030     0.030    u_txn/clk_i
                         FDRE                                         r  u_txn/rdata_r_reg[5]/C
  -------------------------------------------------------------------    -------------------
                         FDRE (Prop_FDRE_C_Q)         0.077     0.107 f  u_txn/rdata_r_reg[5]/Q
                         net (fo=10, unplaced)        0.170     0.277    u_bar/rsp_rdata_i[5]
                         LUT1 (Prop_LUT1_I0_O)        0.037     0.314 r  u_bar/size_r[11]_i_9/O
                         net (fo=1, unplaced)         0.023     0.337    u_bar/size_r[11]_i_9_n_0
                         CARRY8 (Prop_CARRY8_S[1]_CO[7])
                                                      0.197     0.534 r  u_bar/size_r_reg[11]_i_2/CO[7]
                         net (fo=1, unplaced)         0.005     0.539    u_bar/size_r_reg[11]_i_2_n_0
                         CARRY8 (Prop_CARRY8_CI_CO[7])
                                                      0.022     0.561 r  u_bar/size_r_reg[19]_i_2/CO[7]
                         net (fo=1, unplaced)         0.005     0.566    u_bar/size_r_reg[19]_i_2_n_0
                         CARRY8 (Prop_CARRY8_CI_O[1])
                                                      0.076     0.642 r  u_bar/size_r_reg[27]_i_2/O[1]
                         net (fo=10, unplaced)        0.217     0.859    u_bar/size32[21]
                         LUT3 (Prop_LUT3_I2_O)        0.070     0.929 r  u_bar/addr_r[28]_i_10/O
                         net (fo=1, unplaced)         0.260     1.189    u_bar/addr_r[28]_i_10_n_0
                         CARRY8 (Prop_CARRY8_DI[0]_CO[7])
                                                      0.140     1.329 r  u_bar/addr_r_reg[28]_i_2/CO[7]
                         net (fo=1, unplaced)         0.005     1.334    u_bar/addr_r_reg[28]_i_2_n_0
                         CARRY8 (Prop_CARRY8_CI_O[4])
                                                      0.086     1.420 f  u_bar/addr_r_reg[36]_i_2/O[4]
                         net (fo=4, unplaced)         0.196     1.616    u_bar/align_mask65[33]
                         LUT2 (Prop_LUT2_I1_O)        0.037     1.653 r  u_bar/addr_r[35]_i_5/O
                         net (fo=1, unplaced)         0.029     1.682    u_bar/addr_r[35]_i_5_n_0
                         CARRY8 (Prop_CARRY8_S[5]_CO[7])
                                                      0.166     1.848 r  u_bar/addr_r_reg[35]_i_2/CO[7]
                         net (fo=1, unplaced)         0.005     1.853    u_bar/addr_r_reg[35]_i_2_n_0
                         CARRY8 (Prop_CARRY8_CI_O[0])
                                                      0.056     1.909 r  u_bar/addr_r_reg[43]_i_2/O[0]
                         net (fo=3, unplaced)         0.192     2.101    u_bar/addr_r_reg[43]_i_2_n_15
                         LUT2 (Prop_LUT2_I0_O)        0.070     2.171 r  u_bar/error_code_r[3]_i_289/O
                         net (fo=1, unplaced)         0.260     2.431    u_bar/error_code_r[3]_i_289_n_0
                         CARRY8 (Prop_CARRY8_DI[0]_CO[7])
                                                      0.140     2.571 r  u_bar/error_code_r_reg[3]_i_158/CO[7]
                         net (fo=1, unplaced)         0.005     2.576    u_bar/error_code_r_reg[3]_i_158_n_0
                         CARRY8 (Prop_CARRY8_CI_CO[7])
                                                      0.022     2.598 r  u_bar/error_code_r_reg[3]_i_157/CO[7]
                         net (fo=1, unplaced)         0.005     2.603    u_bar/error_code_r_reg[3]_i_157_n_0
                         CARRY8 (Prop_CARRY8_CI_O[1])
                                                      0.076     2.679 r  u_bar/error_code_r_reg[3]_i_79/O[1]
                         net (fo=4, unplaced)         0.196     2.875    u_bar/alloc_end65[53]
                         LUT2 (Prop_LUT2_I1_O)        0.070     2.945 r  u_bar/error_code_r[3]_i_54/O
                         net (fo=1, unplaced)         0.260     3.205    u_bar/error_code_r[3]_i_54_n_0
                         CARRY8 (Prop_CARRY8_DI[0]_CO[6])
                                                      0.186     3.391 r  u_bar/error_code_r_reg[3]_i_10/CO[6]
                         net (fo=5, unplaced)         0.156     3.547    u_bar/window_bad
                         LUT3 (Prop_LUT3_I2_O)        0.070     3.617 r  u_bar/error_code_r[3]_i_4/O
                         net (fo=7, unplaced)         0.211     3.828    u_bar/error_code_r[3]_i_4_n_0
                         LUT6 (Prop_LUT6_I3_O)        0.038     3.866 r  u_bar/error_code_r[3]_i_7/O
                         net (fo=1, unplaced)         0.186     4.052    u_bar/error_code_r[3]_i_7_n_0
                         LUT6 (Prop_LUT6_I5_O)        0.038     4.090 r  u_bar/error_code_r[3]_i_1/O
                         net (fo=4, unplaced)         0.152     4.242    u_bar/error_code_r[3]_i_1_n_0
                         FDRE                                         r  u_bar/error_code_r_reg[0]/CE
  -------------------------------------------------------------------    -------------------

                         (clock clk_placeholder rise edge)
                                                      4.000     4.000 r  
                                                      0.000     4.000 r  clk_i (IN)
                         net (fo=2206, unset)         0.021     4.021    u_bar/clk_i
                         FDRE                                         r  u_bar/error_code_r_reg[0]/C
                         clock pessimism              0.000     4.021    
                         clock uncertainty           -0.035     3.986    
                         FDRE (Setup_FDRE_C_CE)      -0.061     3.925    u_bar/error_code_r_reg[0]
  -------------------------------------------------------------------
                         required time                          3.925    
                         arrival time                          -4.242    
  -------------------------------------------------------------------
                         slack                                 -0.317    

Slack (VIOLATED) :        -0.317ns  (required time - arrival time)
  Source:                 u_txn/rdata_r_reg[5]/C
                            (rising edge-triggered cell FDRE clocked by clk_placeholder  {rise@0.000ns fall@2.000ns period=4.000ns})
  Destination:            u_bar/error_code_r_reg[0]/CE
                            (rising edge-triggered cell FDRE clocked by clk_placeholder  {rise@0.000ns fall@2.000ns period=4.000ns})
  Path Group:             clk_placeholder
  Path Type:              Setup (Max at Slow Process Corner)
  Requirement:            4.000ns  (clk_placeholder rise@4.000ns - clk_placeholder rise@0.000ns)
  Data Path Delay:        4.212ns  (logic 1.674ns (39.744%)  route 2.538ns (60.256%))
  Logic Levels:           19  (CARRY8=11 LUT1=1 LUT2=3 LUT3=2 LUT6=2)
  Clock Path Skew:        -0.009ns (DCD - SCD + CPR)
    Destination Clock Delay (DCD):    0.021ns = ( 4.021 - 4.000 ) 
    Source Clock Delay      (SCD):    0.030ns
    Clock Pessimism Removal (CPR):    0.000ns
  Clock Uncertainty:      0.035ns  ((TSJ^2 + TIJ^2)^1/2 + DJ) / 2 + PE
    Total System Jitter     (TSJ):    0.071ns
    Total Input Jitter      (TIJ):    0.000ns
    Discrete Jitter          (DJ):    0.000ns
    Phase Error              (PE):    0.000ns

    Location             Delay type                Incr(ns)  Path(ns)    Netlist Resource(s)
  -------------------------------------------------------------------    -------------------
                         (clock clk_placeholder rise edge)
                                                      0.000     0.000 r  
                                                      0.000     0.000 r  clk_i (IN)
                         net (fo=2206, unset)         0.030     0.030    u_txn/clk_i
                         FDRE                                         r  u_txn/rdata_r_reg[5]/C
  -------------------------------------------------------------------    -------------------
                         FDRE (Prop_FDRE_C_Q)         0.077     0.107 r  u_txn/rdata_r_reg[5]/Q
                         net (fo=10, unplaced)        0.170     0.277    u_bar/rsp_rdata_i[5]
                         LUT1 (Prop_LUT1_I0_O)        0.037     0.314 f  u_bar/size_r[11]_i_9/O
                         net (fo=1, unplaced)         0.023     0.337    u_bar/size_r[11]_i_9_n_0
                         CARRY8 (Prop_CARRY8_S[1]_CO[7])
                                                      0.197     0.534 r  u_bar/size_r_reg[11]_i_2/CO[7]
                         net (fo=1, unplaced)         0.005     0.539    u_bar/size_r_reg[11]_i_2_n_0
                         CARRY8 (Prop_CARRY8_CI_CO[7])
                                                      0.022     0.561 r  u_bar/size_r_reg[19]_i_2/CO[7]
                         net (fo=1, unplaced)         0.005     0.566    u_bar/size_r_reg[19]_i_2_n_0
                         CARRY8 (Prop_CARRY8_CI_O[1])
                                                      0.076     0.642 r  u_bar/size_r_reg[27]_i_2/O[1]
                         net (fo=10, unplaced)        0.217     0.859    u_bar/size32[21]
                         LUT3 (Prop_LUT3_I2_O)        0.070     0.929 r  u_bar/addr_r[28]_i_10/O
                         net (fo=1, unplaced)         0.260     1.189    u_bar/addr_r[28]_i_10_n_0
                         CARRY8 (Prop_CARRY8_DI[0]_CO[7])
                                                      0.140     1.329 r  u_bar/addr_r_reg[28]_i_2/CO[7]
                         net (fo=1, unplaced)         0.005     1.334    u_bar/addr_r_reg[28]_i_2_n_0
                         CARRY8 (Prop_CARRY8_CI_O[4])
                                                      0.086     1.420 f  u_bar/addr_r_reg[36]_i_2/O[4]
                         net (fo=4, unplaced)         0.196     1.616    u_bar/align_mask65[33]
                         LUT2 (Prop_LUT2_I1_O)        0.037     1.653 r  u_bar/addr_r[35]_i_5/O
                         net (fo=1, unplaced)         0.029     1.682    u_bar/addr_r[35]_i_5_n_0
                         CARRY8 (Prop_CARRY8_S[5]_CO[7])
                                                      0.166     1.848 r  u_bar/addr_r_reg[35]_i_2/CO[7]
                         net (fo=1, unplaced)         0.005     1.853    u_bar/addr_r_reg[35]_i_2_n_0
                         CARRY8 (Prop_CARRY8_CI_O[0])
                                                      0.056     1.909 r  u_bar/addr_r_reg[43]_i_2/O[0]
                         net (fo=3, unplaced)         0.192     2.101    u_bar/addr_r_reg[43]_i_2_n_15
                         LUT2 (Prop_LUT2_I0_O)        0.070     2.171 r  u_bar/error_code_r[3]_i_289/O
                         net (fo=1, unplaced)         0.260     2.431    u_bar/error_code_r[3]_i_289_n_0
                         CARRY8 (Prop_CARRY8_DI[0]_CO[7])
                                                      0.140     2.571 r  u_bar/error_code_r_reg[3]_i_158/CO[7]
                         net (fo=1, unplaced)         0.005     2.576    u_bar/error_code_r_reg[3]_i_158_n_0
                         CARRY8 (Prop_CARRY8_CI_CO[7])
                                                      0.022     2.598 r  u_bar/error_code_r_reg[3]_i_157/CO[7]
                         net (fo=1, unplaced)         0.005     2.603    u_bar/error_code_r_reg[3]_i_157_n_0
                         CARRY8 (Prop_CARRY8_CI_O[1])
                                                      0.076     2.679 r  u_bar/error_code_r_reg[3]_i_79/O[1]
                         net (fo=4, unplaced)         0.196     2.875    u_bar/alloc_end65[53]
                         LUT2 (Prop_LUT2_I1_O)        0.070     2.945 r  u_bar/error_code_r[3]_i_54/O
                         net (fo=1, unplaced)         0.260     3.205    u_bar/error_code_r[3]_i_54_n_0
                         CARRY8 (Prop_CARRY8_DI[0]_CO[6])
                                                      0.186     3.391 r  u_bar/error_code_r_reg[3]_i_10/CO[6]
                         net (fo=5, unplaced)         0.156     3.547    u_bar/window_bad
                         LUT3 (Prop_LUT3_I2_O)        0.070     3.617 r  u_bar/error_code_r[3]_i_4/O
                         net (fo=7, unplaced)         0.211     3.828    u_bar/error_code_r[3]_i_4_n_0
                         LUT6 (Prop_LUT6_I3_O)        0.038     3.866 r  u_bar/error_code_r[3]_i_7/O
                         net (fo=1, unplaced)         0.186     4.052    u_bar/error_code_r[3]_i_7_n_0
                         LUT6 (Prop_LUT6_I5_O)        0.038     4.090 r  u_bar/error_code_r[3]_i_1/O
                         net (fo=4, unplaced)         0.152     4.242    u_bar/error_code_r[3]_i_1_n_0
                         FDRE                                         r  u_bar/error_code_r_reg[0]/CE
  -------------------------------------------------------------------    -------------------

                         (clock clk_placeholder rise edge)
                                                      4.000     4.000 r  
                                                      0.000     4.000 r  clk_i (IN)
                         net (fo=2206, unset)         0.021     4.021    u_bar/clk_i
                         FDRE                                         r  u_bar/error_code_r_reg[0]/C
                         clock pessimism              0.000     4.021    
                         clock uncertainty           -0.035     3.986    
                         FDRE (Setup_FDRE_C_CE)      -0.061     3.925    u_bar/error_code_r_reg[0]
  -------------------------------------------------------------------
                         required time                          3.925    
                         arrival time                          -4.242    
  -------------------------------------------------------------------
                         slack                                 -0.317    

Slack (VIOLATED) :        -0.317ns  (required time - arrival time)
  Source:                 u_txn/rdata_r_reg[5]/C
                            (rising edge-triggered cell FDRE clocked by clk_placeholder  {rise@0.000ns fall@2.000ns period=4.000ns})
  Destination:            u_bar/error_code_r_reg[0]/CE
                            (rising edge-triggered cell FDRE clocked by clk_placeholder  {rise@0.000ns fall@2.000ns period=4.000ns})
  Path Group:             clk_placeholder
  Path Type:              Setup (Max at Slow Process Corner)
  Requirement:            4.000ns  (clk_placeholder rise@4.000ns - clk_placeholder rise@0.000ns)
  Data Path Delay:        4.212ns  (logic 1.674ns (39.744%)  route 2.538ns (60.256%))
  Logic Levels:           19  (CARRY8=11 LUT1=1 LUT2=3 LUT3=2 LUT6=2)
  Clock Path Skew:        -0.009ns (DCD - SCD + CPR)
    Destination Clock Delay (DCD):    0.021ns = ( 4.021 - 4.000 ) 
    Source Clock Delay      (SCD):    0.030ns
    Clock Pessimism Removal (CPR):    0.000ns
  Clock Uncertainty:      0.035ns  ((TSJ^2 + TIJ^2)^1/2 + DJ) / 2 + PE
    Total System Jitter     (TSJ):    0.071ns
    Total Input Jitter      (TIJ):    0.000ns
    Discrete Jitter          (DJ):    0.000ns
    Phase Error              (PE):    0.000ns

    Location             Delay type                Incr(ns)  Path(ns)    Netlist Resource(s)
  -------------------------------------------------------------------    -------------------
                         (clock clk_placeholder rise edge)
                                                      0.000     0.000 r  
                                                      0.000     0.000 r  clk_i (IN)
                         net (fo=2206, unset)         0.030     0.030    u_txn/clk_i
                         FDRE                                         r  u_txn/rdata_r_reg[5]/C
  -------------------------------------------------------------------    -------------------
                         FDRE (Prop_FDRE_C_Q)         0.077     0.107 f  u_txn/rdata_r_reg[5]/Q
                         net (fo=10, unplaced)        0.170     0.277    u_bar/rsp_rdata_i[5]
                         LUT1 (Prop_LUT1_I0_O)        0.037     0.314 r  u_bar/size_r[11]_i_9/O
                         net (fo=1, unplaced)         0.023     0.337    u_bar/size_r[11]_i_9_n_0
                         CARRY8 (Prop_CARRY8_S[1]_CO[7])
                                                      0.197     0.534 r  u_bar/size_r_reg[11]_i_2/CO[7]
                         net (fo=1, unplaced)         0.005     0.539    u_bar/size_r_reg[11]_i_2_n_0
                         CARRY8 (Prop_CARRY8_CI_CO[7])
                                                      0.022     0.561 r  u_bar/size_r_reg[19]_i_2/CO[7]
                         net (fo=1, unplaced)         0.005     0.566    u_bar/size_r_reg[19]_i_2_n_0
                         CARRY8 (Prop_CARRY8_CI_CO[7])
                                                      0.022     0.588 r  u_bar/size_r_reg[27]_i_2/CO[7]
                         net (fo=1, unplaced)         0.005     0.593    u_bar/size_r_reg[27]_i_2_n_0
                         CARRY8 (Prop_CARRY8_CI_O[1])
                                                      0.076     0.669 r  u_bar/size_r_reg[31]_i_2/O[1]
                         net (fo=10, unplaced)        0.217     0.886    u_bar/size32[29]
                         LUT3 (Prop_LUT3_I2_O)        0.070     0.956 r  u_bar/addr_r[36]_i_10/O
                         net (fo=1, unplaced)         0.260     1.216    u_bar/addr_r[36]_i_10_n_0
                         CARRY8 (Prop_CARRY8_DI[0]_CO[7])
                                                      0.140     1.356 r  u_bar/addr_r_reg[36]_i_2/CO[7]
                         net (fo=1, unplaced)         0.005     1.361    u_bar/addr_r_reg[36]_i_2_n_0
                         CARRY8 (Prop_CARRY8_CI_O[4])
                                                      0.086     1.447 r  u_bar/addr_r_reg[44]_i_2/O[4]
                         net (fo=4, unplaced)         0.196     1.643    u_bar/align_mask65[41]
                         LUT2 (Prop_LUT2_I1_O)        0.037     1.680 r  u_bar/addr_r[43]_i_5/O
                         net (fo=1, unplaced)         0.029     1.709    u_bar/addr_r[43]_i_5_n_0
                         CARRY8 (Prop_CARRY8_S[5]_CO[7])
                                                      0.166     1.875 r  u_bar/addr_r_reg[43]_i_2/CO[7]
                         net (fo=1, unplaced)         0.005     1.880    u_bar/addr_r_reg[43]_i_2_n_0
                         CARRY8 (Prop_CARRY8_CI_O[0])
                                                      0.056     1.936 r  u_bar/addr_r_reg[51]_i_2/O[0]
                         net (fo=3, unplaced)         0.192     2.128    u_bar/addr_r_reg[51]_i_2_n_15
                         LUT2 (Prop_LUT2_I0_O)        0.070     2.198 r  u_bar/error_code_r[3]_i_273/O
                         net (fo=1, unplaced)         0.260     2.458    u_bar/error_code_r[3]_i_273_n_0
                         CARRY8 (Prop_CARRY8_DI[0]_CO[7])
                                                      0.140     2.598 r  u_bar/error_code_r_reg[3]_i_157/CO[7]
                         net (fo=1, unplaced)         0.005     2.603    u_bar/error_code_r_reg[3]_i_157_n_0
                         CARRY8 (Prop_CARRY8_CI_O[1])
                                                      0.076     2.679 r  u_bar/error_code_r_reg[3]_i_79/O[1]
                         net (fo=4, unplaced)         0.196     2.875    u_bar/alloc_end65[53]
                         LUT2 (Prop_LUT2_I1_O)        0.070     2.945 r  u_bar/error_code_r[3]_i_54/O
                         net (fo=1, unplaced)         0.260     3.205    u_bar/error_code_r[3]_i_54_n_0
                         CARRY8 (Prop_CARRY8_DI[0]_CO[6])
                                                      0.186     3.391 r  u_bar/error_code_r_reg[3]_i_10/CO[6]
                         net (fo=5, unplaced)         0.156     3.547    u_bar/window_bad
                         LUT3 (Prop_LUT3_I2_O)        0.070     3.617 r  u_bar/error_code_r[3]_i_4/O
                         net (fo=7, unplaced)         0.211     3.828    u_bar/error_code_r[3]_i_4_n_0
                         LUT6 (Prop_LUT6_I3_O)        0.038     3.866 r  u_bar/error_code_r[3]_i_7/O
                         net (fo=1, unplaced)         0.186     4.052    u_bar/error_code_r[3]_i_7_n_0
                         LUT6 (Prop_LUT6_I5_O)        0.038     4.090 r  u_bar/error_code_r[3]_i_1/O
                         net (fo=4, unplaced)         0.152     4.242    u_bar/error_code_r[3]_i_1_n_0
                         FDRE                                         r  u_bar/error_code_r_reg[0]/CE
  -------------------------------------------------------------------    -------------------

                         (clock clk_placeholder rise edge)
                                                      4.000     4.000 r  
                                                      0.000     4.000 r  clk_i (IN)
                         net (fo=2206, unset)         0.021     4.021    u_bar/clk_i
                         FDRE                                         r  u_bar/error_code_r_reg[0]/C
                         clock pessimism              0.000     4.021    
                         clock uncertainty           -0.035     3.986    
                         FDRE (Setup_FDRE_C_CE)      -0.061     3.925    u_bar/error_code_r_reg[0]
  -------------------------------------------------------------------
                         required time                          3.925    
                         arrival time                          -4.242    
  -------------------------------------------------------------------
                         slack                                 -0.317    

Slack (VIOLATED) :        -0.317ns  (required time - arrival time)
  Source:                 u_txn/rdata_r_reg[5]/C
                            (rising edge-triggered cell FDRE clocked by clk_placeholder  {rise@0.000ns fall@2.000ns period=4.000ns})
  Destination:            u_bar/error_code_r_reg[0]/CE
                            (rising edge-triggered cell FDRE clocked by clk_placeholder  {rise@0.000ns fall@2.000ns period=4.000ns})
  Path Group:             clk_placeholder
  Path Type:              Setup (Max at Slow Process Corner)
  Requirement:            4.000ns  (clk_placeholder rise@4.000ns - clk_placeholder rise@0.000ns)
  Data Path Delay:        4.212ns  (logic 1.674ns (39.744%)  route 2.538ns (60.256%))
  Logic Levels:           19  (CARRY8=11 LUT1=1 LUT2=3 LUT3=2 LUT6=2)
  Clock Path Skew:        -0.009ns (DCD - SCD + CPR)
    Destination Clock Delay (DCD):    0.021ns = ( 4.021 - 4.000 ) 
    Source Clock Delay      (SCD):    0.030ns
    Clock Pessimism Removal (CPR):    0.000ns
  Clock Uncertainty:      0.035ns  ((TSJ^2 + TIJ^2)^1/2 + DJ) / 2 + PE
    Total System Jitter     (TSJ):    0.071ns
    Total Input Jitter      (TIJ):    0.000ns
    Discrete Jitter          (DJ):    0.000ns
    Phase Error              (PE):    0.000ns

    Location             Delay type                Incr(ns)  Path(ns)    Netlist Resource(s)
  -------------------------------------------------------------------    -------------------
                         (clock clk_placeholder rise edge)
                                                      0.000     0.000 r  
                                                      0.000     0.000 r  clk_i (IN)
                         net (fo=2206, unset)         0.030     0.030    u_txn/clk_i
                         FDRE                                         r  u_txn/rdata_r_reg[5]/C
  -------------------------------------------------------------------    -------------------
                         FDRE (Prop_FDRE_C_Q)         0.077     0.107 f  u_txn/rdata_r_reg[5]/Q
                         net (fo=10, unplaced)        0.170     0.277    u_bar/rsp_rdata_i[5]
                         LUT1 (Prop_LUT1_I0_O)        0.037     0.314 r  u_bar/size_r[11]_i_9/O
                         net (fo=1, unplaced)         0.023     0.337    u_bar/size_r[11]_i_9_n_0
                         CARRY8 (Prop_CARRY8_S[1]_CO[7])
                                                      0.197     0.534 f  u_bar/size_r_reg[11]_i_2/CO[7]
                         net (fo=1, unplaced)         0.005     0.539    u_bar/size_r_reg[11]_i_2_n_0
                         CARRY8 (Prop_CARRY8_CI_CO[7])
                                                      0.022     0.561 f  u_bar/size_r_reg[19]_i_2/CO[7]
                         net (fo=1, unplaced)         0.005     0.566    u_bar/size_r_reg[19]_i_2_n_0
                         CARRY8 (Prop_CARRY8_CI_CO[7])
                                                      0.022     0.588 f  u_bar/size_r_reg[27]_i_2/CO[7]
                         net (fo=1, unplaced)         0.005     0.593    u_bar/size_r_reg[27]_i_2_n_0
                         CARRY8 (Prop_CARRY8_CI_O[1])
                                                      0.076     0.669 r  u_bar/size_r_reg[31]_i_2/O[1]
                         net (fo=10, unplaced)        0.217     0.886    u_bar/size32[29]
                         LUT3 (Prop_LUT3_I2_O)        0.070     0.956 r  u_bar/addr_r[36]_i_10/O
                         net (fo=1, unplaced)         0.260     1.216    u_bar/addr_r[36]_i_10_n_0
                         CARRY8 (Prop_CARRY8_DI[0]_CO[7])
                                                      0.140     1.356 r  u_bar/addr_r_reg[36]_i_2/CO[7]
                         net (fo=1, unplaced)         0.005     1.361    u_bar/addr_r_reg[36]_i_2_n_0
                         CARRY8 (Prop_CARRY8_CI_O[4])
                                                      0.086     1.447 r  u_bar/addr_r_reg[44]_i_2/O[4]
                         net (fo=4, unplaced)         0.196     1.643    u_bar/align_mask65[41]
                         LUT2 (Prop_LUT2_I1_O)        0.037     1.680 r  u_bar/addr_r[43]_i_5/O
                         net (fo=1, unplaced)         0.029     1.709    u_bar/addr_r[43]_i_5_n_0
                         CARRY8 (Prop_CARRY8_S[5]_CO[7])
                                                      0.166     1.875 r  u_bar/addr_r_reg[43]_i_2/CO[7]
                         net (fo=1, unplaced)         0.005     1.880    u_bar/addr_r_reg[43]_i_2_n_0
                         CARRY8 (Prop_CARRY8_CI_O[0])
                                                      0.056     1.936 r  u_bar/addr_r_reg[51]_i_2/O[0]
                         net (fo=3, unplaced)         0.192     2.128    u_bar/addr_r_reg[51]_i_2_n_15
                         LUT2 (Prop_LUT2_I0_O)        0.070     2.198 r  u_bar/error_code_r[3]_i_273/O
                         net (fo=1, unplaced)         0.260     2.458    u_bar/error_code_r[3]_i_273_n_0
                         CARRY8 (Prop_CARRY8_DI[0]_CO[7])
                                                      0.140     2.598 r  u_bar/error_code_r_reg[3]_i_157/CO[7]
                         net (fo=1, unplaced)         0.005     2.603    u_bar/error_code_r_reg[3]_i_157_n_0
                         CARRY8 (Prop_CARRY8_CI_O[1])
                                                      0.076     2.679 r  u_bar/error_code_r_reg[3]_i_79/O[1]
                         net (fo=4, unplaced)         0.196     2.875    u_bar/alloc_end65[53]
                         LUT2 (Prop_LUT2_I1_O)        0.070     2.945 r  u_bar/error_code_r[3]_i_54/O
                         net (fo=1, unplaced)         0.260     3.205    u_bar/error_code_r[3]_i_54_n_0
                         CARRY8 (Prop_CARRY8_DI[0]_CO[6])
                                                      0.186     3.391 r  u_bar/error_code_r_reg[3]_i_10/CO[6]
                         net (fo=5, unplaced)         0.156     3.547    u_bar/window_bad
                         LUT3 (Prop_LUT3_I2_O)        0.070     3.617 r  u_bar/error_code_r[3]_i_4/O
                         net (fo=7, unplaced)         0.211     3.828    u_bar/error_code_r[3]_i_4_n_0
                         LUT6 (Prop_LUT6_I3_O)        0.038     3.866 r  u_bar/error_code_r[3]_i_7/O
                         net (fo=1, unplaced)         0.186     4.052    u_bar/error_code_r[3]_i_7_n_0
                         LUT6 (Prop_LUT6_I5_O)        0.038     4.090 r  u_bar/error_code_r[3]_i_1/O
                         net (fo=4, unplaced)         0.152     4.242    u_bar/error_code_r[3]_i_1_n_0
                         FDRE                                         r  u_bar/error_code_r_reg[0]/CE
  -------------------------------------------------------------------    -------------------

                         (clock clk_placeholder rise edge)
                                                      4.000     4.000 r  
                                                      0.000     4.000 r  clk_i (IN)
                         net (fo=2206, unset)         0.021     4.021    u_bar/clk_i
                         FDRE                                         r  u_bar/error_code_r_reg[0]/C
                         clock pessimism              0.000     4.021    
                         clock uncertainty           -0.035     3.986    
                         FDRE (Setup_FDRE_C_CE)      -0.061     3.925    u_bar/error_code_r_reg[0]
  -------------------------------------------------------------------
                         required time                          3.925    
                         arrival time                          -4.242    
  -------------------------------------------------------------------
                         slack                                 -0.317    

Slack (VIOLATED) :        -0.317ns  (required time - arrival time)
  Source:                 u_txn/rdata_r_reg[5]/C
                            (rising edge-triggered cell FDRE clocked by clk_placeholder  {rise@0.000ns fall@2.000ns period=4.000ns})
  Destination:            u_bar/error_code_r_reg[0]/CE
                            (rising edge-triggered cell FDRE clocked by clk_placeholder  {rise@0.000ns fall@2.000ns period=4.000ns})
  Path Group:             clk_placeholder
  Path Type:              Setup (Max at Slow Process Corner)
  Requirement:            4.000ns  (clk_placeholder rise@4.000ns - clk_placeholder rise@0.000ns)
  Data Path Delay:        4.212ns  (logic 1.674ns (39.744%)  route 2.538ns (60.256%))
  Logic Levels:           19  (CARRY8=11 LUT1=1 LUT2=3 LUT3=2 LUT6=2)
  Clock Path Skew:        -0.009ns (DCD - SCD + CPR)
    Destination Clock Delay (DCD):    0.021ns = ( 4.021 - 4.000 ) 
    Source Clock Delay      (SCD):    0.030ns
    Clock Pessimism Removal (CPR):    0.000ns
  Clock Uncertainty:      0.035ns  ((TSJ^2 + TIJ^2)^1/2 + DJ) / 2 + PE
    Total System Jitter     (TSJ):    0.071ns
    Total Input Jitter      (TIJ):    0.000ns
    Discrete Jitter          (DJ):    0.000ns
    Phase Error              (PE):    0.000ns

    Location             Delay type                Incr(ns)  Path(ns)    Netlist Resource(s)
  -------------------------------------------------------------------    -------------------
                         (clock clk_placeholder rise edge)
                                                      0.000     0.000 r  
                                                      0.000     0.000 r  clk_i (IN)
                         net (fo=2206, unset)         0.030     0.030    u_txn/clk_i
                         FDRE                                         r  u_txn/rdata_r_reg[5]/C
  -------------------------------------------------------------------    -------------------
                         FDRE (Prop_FDRE_C_Q)         0.077     0.107 r  u_txn/rdata_r_reg[5]/Q
                         net (fo=10, unplaced)        0.170     0.277    u_bar/rsp_rdata_i[5]
                         LUT1 (Prop_LUT1_I0_O)        0.037     0.314 f  u_bar/size_r[11]_i_9/O
                         net (fo=1, unplaced)         0.023     0.337    u_bar/size_r[11]_i_9_n_0
                         CARRY8 (Prop_CARRY8_S[1]_CO[7])
                                                      0.197     0.534 f  u_bar/size_r_reg[11]_i_2/CO[7]
                         net (fo=1, unplaced)         0.005     0.539    u_bar/size_r_reg[11]_i_2_n_0
                         CARRY8 (Prop_CARRY8_CI_CO[7])
                                                      0.022     0.561 f  u_bar/size_r_reg[19]_i_2/CO[7]
                         net (fo=1, unplaced)         0.005     0.566    u_bar/size_r_reg[19]_i_2_n_0
                         CARRY8 (Prop_CARRY8_CI_CO[7])
                                                      0.022     0.588 f  u_bar/size_r_reg[27]_i_2/CO[7]
                         net (fo=1, unplaced)         0.005     0.593    u_bar/size_r_reg[27]_i_2_n_0
                         CARRY8 (Prop_CARRY8_CI_O[1])
                                                      0.076     0.669 r  u_bar/size_r_reg[31]_i_2/O[1]
                         net (fo=10, unplaced)        0.217     0.886    u_bar/size32[29]
                         LUT3 (Prop_LUT3_I2_O)        0.070     0.956 r  u_bar/addr_r[36]_i_10/O
                         net (fo=1, unplaced)         0.260     1.216    u_bar/addr_r[36]_i_10_n_0
                         CARRY8 (Prop_CARRY8_DI[0]_CO[7])
                                                      0.140     1.356 r  u_bar/addr_r_reg[36]_i_2/CO[7]
                         net (fo=1, unplaced)         0.005     1.361    u_bar/addr_r_reg[36]_i_2_n_0
                         CARRY8 (Prop_CARRY8_CI_O[4])
                                                      0.086     1.447 r  u_bar/addr_r_reg[44]_i_2/O[4]
                         net (fo=4, unplaced)         0.196     1.643    u_bar/align_mask65[41]
                         LUT2 (Prop_LUT2_I1_O)        0.037     1.680 r  u_bar/addr_r[43]_i_5/O
                         net (fo=1, unplaced)         0.029     1.709    u_bar/addr_r[43]_i_5_n_0
                         CARRY8 (Prop_CARRY8_S[5]_CO[7])
                                                      0.166     1.875 r  u_bar/addr_r_reg[43]_i_2/CO[7]
                         net (fo=1, unplaced)         0.005     1.880    u_bar/addr_r_reg[43]_i_2_n_0
                         CARRY8 (Prop_CARRY8_CI_O[0])
                                                      0.056     1.936 r  u_bar/addr_r_reg[51]_i_2/O[0]
                         net (fo=3, unplaced)         0.192     2.128    u_bar/addr_r_reg[51]_i_2_n_15
                         LUT2 (Prop_LUT2_I0_O)        0.070     2.198 r  u_bar/error_code_r[3]_i_273/O
                         net (fo=1, unplaced)         0.260     2.458    u_bar/error_code_r[3]_i_273_n_0
                         CARRY8 (Prop_CARRY8_DI[0]_CO[7])
                                                      0.140     2.598 r  u_bar/error_code_r_reg[3]_i_157/CO[7]
                         net (fo=1, unplaced)         0.005     2.603    u_bar/error_code_r_reg[3]_i_157_n_0
                         CARRY8 (Prop_CARRY8_CI_O[1])
                                                      0.076     2.679 r  u_bar/error_code_r_reg[3]_i_79/O[1]
                         net (fo=4, unplaced)         0.196     2.875    u_bar/alloc_end65[53]
                         LUT2 (Prop_LUT2_I1_O)        0.070     2.945 r  u_bar/error_code_r[3]_i_54/O
                         net (fo=1, unplaced)         0.260     3.205    u_bar/error_code_r[3]_i_54_n_0
                         CARRY8 (Prop_CARRY8_DI[0]_CO[6])
                                                      0.186     3.391 r  u_bar/error_code_r_reg[3]_i_10/CO[6]
                         net (fo=5, unplaced)         0.156     3.547    u_bar/window_bad
                         LUT3 (Prop_LUT3_I2_O)        0.070     3.617 r  u_bar/error_code_r[3]_i_4/O
                         net (fo=7, unplaced)         0.211     3.828    u_bar/error_code_r[3]_i_4_n_0
                         LUT6 (Prop_LUT6_I3_O)        0.038     3.866 r  u_bar/error_code_r[3]_i_7/O
                         net (fo=1, unplaced)         0.186     4.052    u_bar/error_code_r[3]_i_7_n_0
                         LUT6 (Prop_LUT6_I5_O)        0.038     4.090 r  u_bar/error_code_r[3]_i_1/O
                         net (fo=4, unplaced)         0.152     4.242    u_bar/error_code_r[3]_i_1_n_0
                         FDRE                                         r  u_bar/error_code_r_reg[0]/CE
  -------------------------------------------------------------------    -------------------

                         (clock clk_placeholder rise edge)
                                                      4.000     4.000 r  
                                                      0.000     4.000 r  clk_i (IN)
                         net (fo=2206, unset)         0.021     4.021    u_bar/clk_i
                         FDRE                                         r  u_bar/error_code_r_reg[0]/C
                         clock pessimism              0.000     4.021    
                         clock uncertainty           -0.035     3.986    
                         FDRE (Setup_FDRE_C_CE)      -0.061     3.925    u_bar/error_code_r_reg[0]
  -------------------------------------------------------------------
                         required time                          3.925    
                         arrival time                          -4.242    
  -------------------------------------------------------------------
                         slack                                 -0.317    

Slack (VIOLATED) :        -0.317ns  (required time - arrival time)
  Source:                 u_txn/rdata_r_reg[5]/C
                            (rising edge-triggered cell FDRE clocked by clk_placeholder  {rise@0.000ns fall@2.000ns period=4.000ns})
  Destination:            u_bar/error_code_r_reg[0]/CE
                            (rising edge-triggered cell FDRE clocked by clk_placeholder  {rise@0.000ns fall@2.000ns period=4.000ns})
  Path Group:             clk_placeholder
  Path Type:              Setup (Max at Slow Process Corner)
  Requirement:            4.000ns  (clk_placeholder rise@4.000ns - clk_placeholder rise@0.000ns)
  Data Path Delay:        4.212ns  (logic 1.674ns (39.744%)  route 2.538ns (60.256%))
  Logic Levels:           19  (CARRY8=11 LUT1=1 LUT2=3 LUT3=2 LUT6=2)
  Clock Path Skew:        -0.009ns (DCD - SCD + CPR)
    Destination Clock Delay (DCD):    0.021ns = ( 4.021 - 4.000 ) 
    Source Clock Delay      (SCD):    0.030ns
    Clock Pessimism Removal (CPR):    0.000ns
  Clock Uncertainty:      0.035ns  ((TSJ^2 + TIJ^2)^1/2 + DJ) / 2 + PE
    Total System Jitter     (TSJ):    0.071ns
    Total Input Jitter      (TIJ):    0.000ns
    Discrete Jitter          (DJ):    0.000ns
    Phase Error              (PE):    0.000ns

    Location             Delay type                Incr(ns)  Path(ns)    Netlist Resource(s)
  -------------------------------------------------------------------    -------------------
                         (clock clk_placeholder rise edge)
                                                      0.000     0.000 r  
                                                      0.000     0.000 r  clk_i (IN)
                         net (fo=2206, unset)         0.030     0.030    u_txn/clk_i
                         FDRE                                         r  u_txn/rdata_r_reg[5]/C
  -------------------------------------------------------------------    -------------------
                         FDRE (Prop_FDRE_C_Q)         0.077     0.107 f  u_txn/rdata_r_reg[5]/Q
                         net (fo=10, unplaced)        0.170     0.277    u_bar/rsp_rdata_i[5]
                         LUT1 (Prop_LUT1_I0_O)        0.037     0.314 r  u_bar/size_r[11]_i_9/O
                         net (fo=1, unplaced)         0.023     0.337    u_bar/size_r[11]_i_9_n_0
                         CARRY8 (Prop_CARRY8_S[1]_CO[7])
                                                      0.197     0.534 r  u_bar/size_r_reg[11]_i_2/CO[7]
                         net (fo=1, unplaced)         0.005     0.539    u_bar/size_r_reg[11]_i_2_n_0
                         CARRY8 (Prop_CARRY8_CI_CO[7])
                                                      0.022     0.561 r  u_bar/size_r_reg[19]_i_2/CO[7]
                         net (fo=1, unplaced)         0.005     0.566    u_bar/size_r_reg[19]_i_2_n_0
                         CARRY8 (Prop_CARRY8_CI_CO[7])
                                                      0.022     0.588 r  u_bar/size_r_reg[27]_i_2/CO[7]
                         net (fo=1, unplaced)         0.005     0.593    u_bar/size_r_reg[27]_i_2_n_0
                         CARRY8 (Prop_CARRY8_CI_O[1])
                                                      0.076     0.669 r  u_bar/size_r_reg[31]_i_2/O[1]
                         net (fo=10, unplaced)        0.217     0.886    u_bar/size32[29]
                         LUT3 (Prop_LUT3_I2_O)        0.070     0.956 r  u_bar/addr_r[36]_i_10/O
                         net (fo=1, unplaced)         0.260     1.216    u_bar/addr_r[36]_i_10_n_0
                         CARRY8 (Prop_CARRY8_DI[0]_CO[7])
                                                      0.140     1.356 r  u_bar/addr_r_reg[36]_i_2/CO[7]
                         net (fo=1, unplaced)         0.005     1.361    u_bar/addr_r_reg[36]_i_2_n_0
                         CARRY8 (Prop_CARRY8_CI_O[4])
                                                      0.086     1.447 r  u_bar/addr_r_reg[44]_i_2/O[4]
                         net (fo=4, unplaced)         0.196     1.643    u_bar/align_mask65[41]
                         LUT2 (Prop_LUT2_I1_O)        0.037     1.680 r  u_bar/addr_r[43]_i_5/O
                         net (fo=1, unplaced)         0.029     1.709    u_bar/addr_r[43]_i_5_n_0
                         CARRY8 (Prop_CARRY8_S[5]_CO[7])
                                                      0.166     1.875 f  u_bar/addr_r_reg[43]_i_2/CO[7]
                         net (fo=1, unplaced)         0.005     1.880    u_bar/addr_r_reg[43]_i_2_n_0
                         CARRY8 (Prop_CARRY8_CI_O[0])
                                                      0.056     1.936 r  u_bar/addr_r_reg[51]_i_2/O[0]
                         net (fo=3, unplaced)         0.192     2.128    u_bar/addr_r_reg[51]_i_2_n_15
                         LUT2 (Prop_LUT2_I0_O)        0.070     2.198 r  u_bar/error_code_r[3]_i_273/O
                         net (fo=1, unplaced)         0.260     2.458    u_bar/error_code_r[3]_i_273_n_0
                         CARRY8 (Prop_CARRY8_DI[0]_CO[7])
                                                      0.140     2.598 r  u_bar/error_code_r_reg[3]_i_157/CO[7]
                         net (fo=1, unplaced)         0.005     2.603    u_bar/error_code_r_reg[3]_i_157_n_0
                         CARRY8 (Prop_CARRY8_CI_O[1])
                                                      0.076     2.679 r  u_bar/error_code_r_reg[3]_i_79/O[1]
                         net (fo=4, unplaced)         0.196     2.875    u_bar/alloc_end65[53]
                         LUT2 (Prop_LUT2_I1_O)        0.070     2.945 r  u_bar/error_code_r[3]_i_54/O
                         net (fo=1, unplaced)         0.260     3.205    u_bar/error_code_r[3]_i_54_n_0
                         CARRY8 (Prop_CARRY8_DI[0]_CO[6])
                                                      0.186     3.391 r  u_bar/error_code_r_reg[3]_i_10/CO[6]
                         net (fo=5, unplaced)         0.156     3.547    u_bar/window_bad
                         LUT3 (Prop_LUT3_I2_O)        0.070     3.617 r  u_bar/error_code_r[3]_i_4/O
                         net (fo=7, unplaced)         0.211     3.828    u_bar/error_code_r[3]_i_4_n_0
                         LUT6 (Prop_LUT6_I3_O)        0.038     3.866 r  u_bar/error_code_r[3]_i_7/O
                         net (fo=1, unplaced)         0.186     4.052    u_bar/error_code_r[3]_i_7_n_0
                         LUT6 (Prop_LUT6_I5_O)        0.038     4.090 r  u_bar/error_code_r[3]_i_1/O
                         net (fo=4, unplaced)         0.152     4.242    u_bar/error_code_r[3]_i_1_n_0
                         FDRE                                         r  u_bar/error_code_r_reg[0]/CE
  -------------------------------------------------------------------    -------------------

                         (clock clk_placeholder rise edge)
                                                      4.000     4.000 r  
                                                      0.000     4.000 r  clk_i (IN)
                         net (fo=2206, unset)         0.021     4.021    u_bar/clk_i
                         FDRE                                         r  u_bar/error_code_r_reg[0]/C
                         clock pessimism              0.000     4.021    
                         clock uncertainty           -0.035     3.986    
                         FDRE (Setup_FDRE_C_CE)      -0.061     3.925    u_bar/error_code_r_reg[0]
  -------------------------------------------------------------------
                         required time                          3.925    
                         arrival time                          -4.242    
  -------------------------------------------------------------------
                         slack                                 -0.317    

Slack (VIOLATED) :        -0.317ns  (required time - arrival time)
  Source:                 u_txn/rdata_r_reg[5]/C
                            (rising edge-triggered cell FDRE clocked by clk_placeholder  {rise@0.000ns fall@2.000ns period=4.000ns})
  Destination:            u_bar/error_code_r_reg[0]/CE
                            (rising edge-triggered cell FDRE clocked by clk_placeholder  {rise@0.000ns fall@2.000ns period=4.000ns})
  Path Group:             clk_placeholder
  Path Type:              Setup (Max at Slow Process Corner)
  Requirement:            4.000ns  (clk_placeholder rise@4.000ns - clk_placeholder rise@0.000ns)
  Data Path Delay:        4.212ns  (logic 1.674ns (39.744%)  route 2.538ns (60.256%))
  Logic Levels:           19  (CARRY8=11 LUT1=1 LUT2=3 LUT3=2 LUT6=2)
  Clock Path Skew:        -0.009ns (DCD - SCD + CPR)
    Destination Clock Delay (DCD):    0.021ns = ( 4.021 - 4.000 ) 
    Source Clock Delay      (SCD):    0.030ns
    Clock Pessimism Removal (CPR):    0.000ns
  Clock Uncertainty:      0.035ns  ((TSJ^2 + TIJ^2)^1/2 + DJ) / 2 + PE
    Total System Jitter     (TSJ):    0.071ns
    Total Input Jitter      (TIJ):    0.000ns
    Discrete Jitter          (DJ):    0.000ns
    Phase Error              (PE):    0.000ns

    Location             Delay type                Incr(ns)  Path(ns)    Netlist Resource(s)
  -------------------------------------------------------------------    -------------------
                         (clock clk_placeholder rise edge)
                                                      0.000     0.000 r  
                                                      0.000     0.000 r  clk_i (IN)
                         net (fo=2206, unset)         0.030     0.030    u_txn/clk_i
                         FDRE                                         r  u_txn/rdata_r_reg[5]/C
  -------------------------------------------------------------------    -------------------
                         FDRE (Prop_FDRE_C_Q)         0.077     0.107 f  u_txn/rdata_r_reg[5]/Q
                         net (fo=10, unplaced)        0.170     0.277    u_bar/rsp_rdata_i[5]
                         LUT1 (Prop_LUT1_I0_O)        0.037     0.314 r  u_bar/size_r[11]_i_9/O
                         net (fo=1, unplaced)         0.023     0.337    u_bar/size_r[11]_i_9_n_0
                         CARRY8 (Prop_CARRY8_S[1]_CO[7])
                                                      0.197     0.534 f  u_bar/size_r_reg[11]_i_2/CO[7]
                         net (fo=1, unplaced)         0.005     0.539    u_bar/size_r_reg[11]_i_2_n_0
                         CARRY8 (Prop_CARRY8_CI_CO[7])
                                                      0.022     0.561 f  u_bar/size_r_reg[19]_i_2/CO[7]
                         net (fo=1, unplaced)         0.005     0.566    u_bar/size_r_reg[19]_i_2_n_0
                         CARRY8 (Prop_CARRY8_CI_CO[7])
                                                      0.022     0.588 f  u_bar/size_r_reg[27]_i_2/CO[7]
                         net (fo=1, unplaced)         0.005     0.593    u_bar/size_r_reg[27]_i_2_n_0
                         CARRY8 (Prop_CARRY8_CI_O[1])
                                                      0.076     0.669 r  u_bar/size_r_reg[31]_i_2/O[1]
                         net (fo=10, unplaced)        0.217     0.886    u_bar/size32[29]
                         LUT3 (Prop_LUT3_I2_O)        0.070     0.956 r  u_bar/addr_r[36]_i_10/O
                         net (fo=1, unplaced)         0.260     1.216    u_bar/addr_r[36]_i_10_n_0
                         CARRY8 (Prop_CARRY8_DI[0]_CO[7])
                                                      0.140     1.356 r  u_bar/addr_r_reg[36]_i_2/CO[7]
                         net (fo=1, unplaced)         0.005     1.361    u_bar/addr_r_reg[36]_i_2_n_0
                         CARRY8 (Prop_CARRY8_CI_O[4])
                                                      0.086     1.447 r  u_bar/addr_r_reg[44]_i_2/O[4]
                         net (fo=4, unplaced)         0.196     1.643    u_bar/align_mask65[41]
                         LUT2 (Prop_LUT2_I1_O)        0.037     1.680 r  u_bar/addr_r[43]_i_5/O
                         net (fo=1, unplaced)         0.029     1.709    u_bar/addr_r[43]_i_5_n_0
                         CARRY8 (Prop_CARRY8_S[5]_CO[7])
                                                      0.166     1.875 f  u_bar/addr_r_reg[43]_i_2/CO[7]
                         net (fo=1, unplaced)         0.005     1.880    u_bar/addr_r_reg[43]_i_2_n_0
                         CARRY8 (Prop_CARRY8_CI_O[0])
                                                      0.056     1.936 r  u_bar/addr_r_reg[51]_i_2/O[0]
                         net (fo=3, unplaced)         0.192     2.128    u_bar/addr_r_reg[51]_i_2_n_15
                         LUT2 (Prop_LUT2_I0_O)        0.070     2.198 r  u_bar/error_code_r[3]_i_273/O
                         net (fo=1, unplaced)         0.260     2.458    u_bar/error_code_r[3]_i_273_n_0
                         CARRY8 (Prop_CARRY8_DI[0]_CO[7])
                                                      0.140     2.598 r  u_bar/error_code_r_reg[3]_i_157/CO[7]
                         net (fo=1, unplaced)         0.005     2.603    u_bar/error_code_r_reg[3]_i_157_n_0
                         CARRY8 (Prop_CARRY8_CI_O[1])
                                                      0.076     2.679 r  u_bar/error_code_r_reg[3]_i_79/O[1]
                         net (fo=4, unplaced)         0.196     2.875    u_bar/alloc_end65[53]
                         LUT2 (Prop_LUT2_I1_O)        0.070     2.945 r  u_bar/error_code_r[3]_i_54/O
                         net (fo=1, unplaced)         0.260     3.205    u_bar/error_code_r[3]_i_54_n_0
                         CARRY8 (Prop_CARRY8_DI[0]_CO[6])
                                                      0.186     3.391 r  u_bar/error_code_r_reg[3]_i_10/CO[6]
                         net (fo=5, unplaced)         0.156     3.547    u_bar/window_bad
                         LUT3 (Prop_LUT3_I2_O)        0.070     3.617 r  u_bar/error_code_r[3]_i_4/O
                         net (fo=7, unplaced)         0.211     3.828    u_bar/error_code_r[3]_i_4_n_0
                         LUT6 (Prop_LUT6_I3_O)        0.038     3.866 r  u_bar/error_code_r[3]_i_7/O
                         net (fo=1, unplaced)         0.186     4.052    u_bar/error_code_r[3]_i_7_n_0
                         LUT6 (Prop_LUT6_I5_O)        0.038     4.090 r  u_bar/error_code_r[3]_i_1/O
                         net (fo=4, unplaced)         0.152     4.242    u_bar/error_code_r[3]_i_1_n_0
                         FDRE                                         r  u_bar/error_code_r_reg[0]/CE
  -------------------------------------------------------------------    -------------------

                         (clock clk_placeholder rise edge)
                                                      4.000     4.000 r  
                                                      0.000     4.000 r  clk_i (IN)
                         net (fo=2206, unset)         0.021     4.021    u_bar/clk_i
                         FDRE                                         r  u_bar/error_code_r_reg[0]/C
                         clock pessimism              0.000     4.021    
                         clock uncertainty           -0.035     3.986    
                         FDRE (Setup_FDRE_C_CE)      -0.061     3.925    u_bar/error_code_r_reg[0]
  -------------------------------------------------------------------
                         required time                          3.925    
                         arrival time                          -4.242    
  -------------------------------------------------------------------
                         slack                                 -0.317    

Slack (VIOLATED) :        -0.317ns  (required time - arrival time)
  Source:                 u_txn/rdata_r_reg[5]/C
                            (rising edge-triggered cell FDRE clocked by clk_placeholder  {rise@0.000ns fall@2.000ns period=4.000ns})
  Destination:            u_bar/error_code_r_reg[0]/CE
                            (rising edge-triggered cell FDRE clocked by clk_placeholder  {rise@0.000ns fall@2.000ns period=4.000ns})
  Path Group:             clk_placeholder
  Path Type:              Setup (Max at Slow Process Corner)
  Requirement:            4.000ns  (clk_placeholder rise@4.000ns - clk_placeholder rise@0.000ns)
  Data Path Delay:        4.212ns  (logic 1.674ns (39.744%)  route 2.538ns (60.256%))
  Logic Levels:           19  (CARRY8=11 LUT1=1 LUT2=3 LUT3=2 LUT6=2)
  Clock Path Skew:        -0.009ns (DCD - SCD + CPR)
    Destination Clock Delay (DCD):    0.021ns = ( 4.021 - 4.000 ) 
    Source Clock Delay      (SCD):    0.030ns
    Clock Pessimism Removal (CPR):    0.000ns
  Clock Uncertainty:      0.035ns  ((TSJ^2 + TIJ^2)^1/2 + DJ) / 2 + PE
    Total System Jitter     (TSJ):    0.071ns
    Total Input Jitter      (TIJ):    0.000ns
    Discrete Jitter          (DJ):    0.000ns
    Phase Error              (PE):    0.000ns

    Location             Delay type                Incr(ns)  Path(ns)    Netlist Resource(s)
  -------------------------------------------------------------------    -------------------
                         (clock clk_placeholder rise edge)
                                                      0.000     0.000 r  
                                                      0.000     0.000 r  clk_i (IN)
                         net (fo=2206, unset)         0.030     0.030    u_txn/clk_i
                         FDRE                                         r  u_txn/rdata_r_reg[5]/C
  -------------------------------------------------------------------    -------------------
                         FDRE (Prop_FDRE_C_Q)         0.077     0.107 r  u_txn/rdata_r_reg[5]/Q
                         net (fo=10, unplaced)        0.170     0.277    u_bar/rsp_rdata_i[5]
                         LUT1 (Prop_LUT1_I0_O)        0.037     0.314 f  u_bar/size_r[11]_i_9/O
                         net (fo=1, unplaced)         0.023     0.337    u_bar/size_r[11]_i_9_n_0
                         CARRY8 (Prop_CARRY8_S[1]_CO[7])
                                                      0.197     0.534 f  u_bar/size_r_reg[11]_i_2/CO[7]
                         net (fo=1, unplaced)         0.005     0.539    u_bar/size_r_reg[11]_i_2_n_0
                         CARRY8 (Prop_CARRY8_CI_CO[7])
                                                      0.022     0.561 f  u_bar/size_r_reg[19]_i_2/CO[7]
                         net (fo=1, unplaced)         0.005     0.566    u_bar/size_r_reg[19]_i_2_n_0
                         CARRY8 (Prop_CARRY8_CI_CO[7])
                                                      0.022     0.588 f  u_bar/size_r_reg[27]_i_2/CO[7]
                         net (fo=1, unplaced)         0.005     0.593    u_bar/size_r_reg[27]_i_2_n_0
                         CARRY8 (Prop_CARRY8_CI_O[1])
                                                      0.076     0.669 r  u_bar/size_r_reg[31]_i_2/O[1]
                         net (fo=10, unplaced)        0.217     0.886    u_bar/size32[29]
                         LUT3 (Prop_LUT3_I2_O)        0.070     0.956 r  u_bar/addr_r[36]_i_10/O
                         net (fo=1, unplaced)         0.260     1.216    u_bar/addr_r[36]_i_10_n_0
                         CARRY8 (Prop_CARRY8_DI[0]_CO[7])
                                                      0.140     1.356 r  u_bar/addr_r_reg[36]_i_2/CO[7]
                         net (fo=1, unplaced)         0.005     1.361    u_bar/addr_r_reg[36]_i_2_n_0
                         CARRY8 (Prop_CARRY8_CI_O[4])
                                                      0.086     1.447 r  u_bar/addr_r_reg[44]_i_2/O[4]
                         net (fo=4, unplaced)         0.196     1.643    u_bar/align_mask65[41]
                         LUT2 (Prop_LUT2_I1_O)        0.037     1.680 r  u_bar/addr_r[43]_i_5/O
                         net (fo=1, unplaced)         0.029     1.709    u_bar/addr_r[43]_i_5_n_0
                         CARRY8 (Prop_CARRY8_S[5]_CO[7])
                                                      0.166     1.875 f  u_bar/addr_r_reg[43]_i_2/CO[7]
                         net (fo=1, unplaced)         0.005     1.880    u_bar/addr_r_reg[43]_i_2_n_0
                         CARRY8 (Prop_CARRY8_CI_O[0])
                                                      0.056     1.936 r  u_bar/addr_r_reg[51]_i_2/O[0]
                         net (fo=3, unplaced)         0.192     2.128    u_bar/addr_r_reg[51]_i_2_n_15
                         LUT2 (Prop_LUT2_I0_O)        0.070     2.198 r  u_bar/error_code_r[3]_i_273/O
                         net (fo=1, unplaced)         0.260     2.458    u_bar/error_code_r[3]_i_273_n_0
                         CARRY8 (Prop_CARRY8_DI[0]_CO[7])
                                                      0.140     2.598 r  u_bar/error_code_r_reg[3]_i_157/CO[7]
                         net (fo=1, unplaced)         0.005     2.603    u_bar/error_code_r_reg[3]_i_157_n_0
                         CARRY8 (Prop_CARRY8_CI_O[1])
                                                      0.076     2.679 r  u_bar/error_code_r_reg[3]_i_79/O[1]
                         net (fo=4, unplaced)         0.196     2.875    u_bar/alloc_end65[53]
                         LUT2 (Prop_LUT2_I1_O)        0.070     2.945 r  u_bar/error_code_r[3]_i_54/O
                         net (fo=1, unplaced)         0.260     3.205    u_bar/error_code_r[3]_i_54_n_0
                         CARRY8 (Prop_CARRY8_DI[0]_CO[6])
                                                      0.186     3.391 r  u_bar/error_code_r_reg[3]_i_10/CO[6]
                         net (fo=5, unplaced)         0.156     3.547    u_bar/window_bad
                         LUT3 (Prop_LUT3_I2_O)        0.070     3.617 r  u_bar/error_code_r[3]_i_4/O
                         net (fo=7, unplaced)         0.211     3.828    u_bar/error_code_r[3]_i_4_n_0
                         LUT6 (Prop_LUT6_I3_O)        0.038     3.866 r  u_bar/error_code_r[3]_i_7/O
                         net (fo=1, unplaced)         0.186     4.052    u_bar/error_code_r[3]_i_7_n_0
                         LUT6 (Prop_LUT6_I5_O)        0.038     4.090 r  u_bar/error_code_r[3]_i_1/O
                         net (fo=4, unplaced)         0.152     4.242    u_bar/error_code_r[3]_i_1_n_0
                         FDRE                                         r  u_bar/error_code_r_reg[0]/CE
  -------------------------------------------------------------------    -------------------

                         (clock clk_placeholder rise edge)
                                                      4.000     4.000 r  
                                                      0.000     4.000 r  clk_i (IN)
                         net (fo=2206, unset)         0.021     4.021    u_bar/clk_i
                         FDRE                                         r  u_bar/error_code_r_reg[0]/C
                         clock pessimism              0.000     4.021    
                         clock uncertainty           -0.035     3.986    
                         FDRE (Setup_FDRE_C_CE)      -0.061     3.925    u_bar/error_code_r_reg[0]
  -------------------------------------------------------------------
                         required time                          3.925    
                         arrival time                          -4.242    
  -------------------------------------------------------------------
                         slack                                 -0.317    

Slack (VIOLATED) :        -0.317ns  (required time - arrival time)
  Source:                 u_txn/rdata_r_reg[5]/C
                            (rising edge-triggered cell FDRE clocked by clk_placeholder  {rise@0.000ns fall@2.000ns period=4.000ns})
  Destination:            u_bar/error_code_r_reg[0]/CE
                            (rising edge-triggered cell FDRE clocked by clk_placeholder  {rise@0.000ns fall@2.000ns period=4.000ns})
  Path Group:             clk_placeholder
  Path Type:              Setup (Max at Slow Process Corner)
  Requirement:            4.000ns  (clk_placeholder rise@4.000ns - clk_placeholder rise@0.000ns)
  Data Path Delay:        4.212ns  (logic 1.674ns (39.744%)  route 2.538ns (60.256%))
  Logic Levels:           19  (CARRY8=11 LUT1=1 LUT2=3 LUT3=2 LUT6=2)
  Clock Path Skew:        -0.009ns (DCD - SCD + CPR)
    Destination Clock Delay (DCD):    0.021ns = ( 4.021 - 4.000 ) 
    Source Clock Delay      (SCD):    0.030ns
    Clock Pessimism Removal (CPR):    0.000ns
  Clock Uncertainty:      0.035ns  ((TSJ^2 + TIJ^2)^1/2 + DJ) / 2 + PE
    Total System Jitter     (TSJ):    0.071ns
    Total Input Jitter      (TIJ):    0.000ns
    Discrete Jitter          (DJ):    0.000ns
    Phase Error              (PE):    0.000ns

    Location             Delay type                Incr(ns)  Path(ns)    Netlist Resource(s)
  -------------------------------------------------------------------    -------------------
                         (clock clk_placeholder rise edge)
                                                      0.000     0.000 r  
                                                      0.000     0.000 r  clk_i (IN)
                         net (fo=2206, unset)         0.030     0.030    u_txn/clk_i
                         FDRE                                         r  u_txn/rdata_r_reg[5]/C
  -------------------------------------------------------------------    -------------------
                         FDRE (Prop_FDRE_C_Q)         0.077     0.107 f  u_txn/rdata_r_reg[5]/Q
                         net (fo=10, unplaced)        0.170     0.277    u_bar/rsp_rdata_i[5]
                         LUT1 (Prop_LUT1_I0_O)        0.037     0.314 r  u_bar/size_r[11]_i_9/O
                         net (fo=1, unplaced)         0.023     0.337    u_bar/size_r[11]_i_9_n_0
                         CARRY8 (Prop_CARRY8_S[1]_CO[7])
                                                      0.197     0.534 r  u_bar/size_r_reg[11]_i_2/CO[7]
                         net (fo=1, unplaced)         0.005     0.539    u_bar/size_r_reg[11]_i_2_n_0
                         CARRY8 (Prop_CARRY8_CI_CO[7])
                                                      0.022     0.561 r  u_bar/size_r_reg[19]_i_2/CO[7]
                         net (fo=1, unplaced)         0.005     0.566    u_bar/size_r_reg[19]_i_2_n_0
                         CARRY8 (Prop_CARRY8_CI_O[1])
                                                      0.076     0.642 r  u_bar/size_r_reg[27]_i_2/O[1]
                         net (fo=10, unplaced)        0.217     0.859    u_bar/size32[21]
                         LUT3 (Prop_LUT3_I2_O)        0.070     0.929 r  u_bar/addr_r[28]_i_10/O
                         net (fo=1, unplaced)         0.260     1.189    u_bar/addr_r[28]_i_10_n_0
                         CARRY8 (Prop_CARRY8_DI[0]_CO[7])
                                                      0.140     1.329 r  u_bar/addr_r_reg[28]_i_2/CO[7]
                         net (fo=1, unplaced)         0.005     1.334    u_bar/addr_r_reg[28]_i_2_n_0
                         CARRY8 (Prop_CARRY8_CI_O[4])
                                                      0.086     1.420 r  u_bar/addr_r_reg[36]_i_2/O[4]
                         net (fo=4, unplaced)         0.196     1.616    u_bar/align_mask65[33]
                         LUT2 (Prop_LUT2_I1_O)        0.037     1.653 r  u_bar/addr_r[35]_i_5/O
                         net (fo=1, unplaced)         0.029     1.682    u_bar/addr_r[35]_i_5_n_0
                         CARRY8 (Prop_CARRY8_S[5]_CO[7])
                                                      0.166     1.848 r  u_bar/addr_r_reg[35]_i_2/CO[7]
                         net (fo=1, unplaced)         0.005     1.853    u_bar/addr_r_reg[35]_i_2_n_0
                         CARRY8 (Prop_CARRY8_CI_O[0])
                                                      0.056     1.909 f  u_bar/addr_r_reg[43]_i_2/O[0]
                         net (fo=3, unplaced)         0.192     2.101    u_bar/addr_r_reg[43]_i_2_n_15
                         LUT2 (Prop_LUT2_I0_O)        0.070     2.171 f  u_bar/error_code_r[3]_i_289/O
                         net (fo=1, unplaced)         0.260     2.431    u_bar/error_code_r[3]_i_289_n_0
                         CARRY8 (Prop_CARRY8_DI[0]_CO[7])
                                                      0.140     2.571 f  u_bar/error_code_r_reg[3]_i_158/CO[7]
                         net (fo=1, unplaced)         0.005     2.576    u_bar/error_code_r_reg[3]_i_158_n_0
                         CARRY8 (Prop_CARRY8_CI_CO[7])
                                                      0.022     2.598 f  u_bar/error_code_r_reg[3]_i_157/CO[7]
                         net (fo=1, unplaced)         0.005     2.603    u_bar/error_code_r_reg[3]_i_157_n_0
                         CARRY8 (Prop_CARRY8_CI_O[1])
                                                      0.076     2.679 r  u_bar/error_code_r_reg[3]_i_79/O[1]
                         net (fo=4, unplaced)         0.196     2.875    u_bar/alloc_end65[53]
                         LUT2 (Prop_LUT2_I1_O)        0.070     2.945 r  u_bar/error_code_r[3]_i_54/O
                         net (fo=1, unplaced)         0.260     3.205    u_bar/error_code_r[3]_i_54_n_0
                         CARRY8 (Prop_CARRY8_DI[0]_CO[6])
                                                      0.186     3.391 r  u_bar/error_code_r_reg[3]_i_10/CO[6]
                         net (fo=5, unplaced)         0.156     3.547    u_bar/window_bad
                         LUT3 (Prop_LUT3_I2_O)        0.070     3.617 r  u_bar/error_code_r[3]_i_4/O
                         net (fo=7, unplaced)         0.211     3.828    u_bar/error_code_r[3]_i_4_n_0
                         LUT6 (Prop_LUT6_I3_O)        0.038     3.866 r  u_bar/error_code_r[3]_i_7/O
                         net (fo=1, unplaced)         0.186     4.052    u_bar/error_code_r[3]_i_7_n_0
                         LUT6 (Prop_LUT6_I5_O)        0.038     4.090 r  u_bar/error_code_r[3]_i_1/O
                         net (fo=4, unplaced)         0.152     4.242    u_bar/error_code_r[3]_i_1_n_0
                         FDRE                                         r  u_bar/error_code_r_reg[0]/CE
  -------------------------------------------------------------------    -------------------

                         (clock clk_placeholder rise edge)
                                                      4.000     4.000 r  
                                                      0.000     4.000 r  clk_i (IN)
                         net (fo=2206, unset)         0.021     4.021    u_bar/clk_i
                         FDRE                                         r  u_bar/error_code_r_reg[0]/C
                         clock pessimism              0.000     4.021    
                         clock uncertainty           -0.035     3.986    
                         FDRE (Setup_FDRE_C_CE)      -0.061     3.925    u_bar/error_code_r_reg[0]
  -------------------------------------------------------------------
                         required time                          3.925    
                         arrival time                          -4.242    
  -------------------------------------------------------------------
                         slack                                 -0.317    

Slack (VIOLATED) :        -0.317ns  (required time - arrival time)
  Source:                 u_txn/rdata_r_reg[5]/C
                            (rising edge-triggered cell FDRE clocked by clk_placeholder  {rise@0.000ns fall@2.000ns period=4.000ns})
  Destination:            u_bar/error_code_r_reg[0]/CE
                            (rising edge-triggered cell FDRE clocked by clk_placeholder  {rise@0.000ns fall@2.000ns period=4.000ns})
  Path Group:             clk_placeholder
  Path Type:              Setup (Max at Slow Process Corner)
  Requirement:            4.000ns  (clk_placeholder rise@4.000ns - clk_placeholder rise@0.000ns)
  Data Path Delay:        4.212ns  (logic 1.674ns (39.744%)  route 2.538ns (60.256%))
  Logic Levels:           19  (CARRY8=11 LUT1=1 LUT2=3 LUT3=2 LUT6=2)
  Clock Path Skew:        -0.009ns (DCD - SCD + CPR)
    Destination Clock Delay (DCD):    0.021ns = ( 4.021 - 4.000 ) 
    Source Clock Delay      (SCD):    0.030ns
    Clock Pessimism Removal (CPR):    0.000ns
  Clock Uncertainty:      0.035ns  ((TSJ^2 + TIJ^2)^1/2 + DJ) / 2 + PE
    Total System Jitter     (TSJ):    0.071ns
    Total Input Jitter      (TIJ):    0.000ns
    Discrete Jitter          (DJ):    0.000ns
    Phase Error              (PE):    0.000ns

    Location             Delay type                Incr(ns)  Path(ns)    Netlist Resource(s)
  -------------------------------------------------------------------    -------------------
                         (clock clk_placeholder rise edge)
                                                      0.000     0.000 r  
                                                      0.000     0.000 r  clk_i (IN)
                         net (fo=2206, unset)         0.030     0.030    u_txn/clk_i
                         FDRE                                         r  u_txn/rdata_r_reg[5]/C
  -------------------------------------------------------------------    -------------------
                         FDRE (Prop_FDRE_C_Q)         0.077     0.107 f  u_txn/rdata_r_reg[5]/Q
                         net (fo=10, unplaced)        0.170     0.277    u_bar/rsp_rdata_i[5]
                         LUT1 (Prop_LUT1_I0_O)        0.037     0.314 r  u_bar/size_r[11]_i_9/O
                         net (fo=1, unplaced)         0.023     0.337    u_bar/size_r[11]_i_9_n_0
                         CARRY8 (Prop_CARRY8_S[1]_CO[7])
                                                      0.197     0.534 r  u_bar/size_r_reg[11]_i_2/CO[7]
                         net (fo=1, unplaced)         0.005     0.539    u_bar/size_r_reg[11]_i_2_n_0
                         CARRY8 (Prop_CARRY8_CI_CO[7])
                                                      0.022     0.561 r  u_bar/size_r_reg[19]_i_2/CO[7]
                         net (fo=1, unplaced)         0.005     0.566    u_bar/size_r_reg[19]_i_2_n_0
                         CARRY8 (Prop_CARRY8_CI_O[1])
                                                      0.076     0.642 r  u_bar/size_r_reg[27]_i_2/O[1]
                         net (fo=10, unplaced)        0.217     0.859    u_bar/size32[21]
                         LUT3 (Prop_LUT3_I2_O)        0.070     0.929 r  u_bar/addr_r[28]_i_10/O
                         net (fo=1, unplaced)         0.260     1.189    u_bar/addr_r[28]_i_10_n_0
                         CARRY8 (Prop_CARRY8_DI[0]_CO[7])
                                                      0.140     1.329 r  u_bar/addr_r_reg[28]_i_2/CO[7]
                         net (fo=1, unplaced)         0.005     1.334    u_bar/addr_r_reg[28]_i_2_n_0
                         CARRY8 (Prop_CARRY8_CI_O[4])
                                                      0.086     1.420 f  u_bar/addr_r_reg[36]_i_2/O[4]
                         net (fo=4, unplaced)         0.196     1.616    u_bar/align_mask65[33]
                         LUT2 (Prop_LUT2_I1_O)        0.037     1.653 r  u_bar/addr_r[35]_i_5/O
                         net (fo=1, unplaced)         0.029     1.682    u_bar/addr_r[35]_i_5_n_0
                         CARRY8 (Prop_CARRY8_S[5]_CO[7])
                                                      0.166     1.848 r  u_bar/addr_r_reg[35]_i_2/CO[7]
                         net (fo=1, unplaced)         0.005     1.853    u_bar/addr_r_reg[35]_i_2_n_0
                         CARRY8 (Prop_CARRY8_CI_O[0])
                                                      0.056     1.909 f  u_bar/addr_r_reg[43]_i_2/O[0]
                         net (fo=3, unplaced)         0.192     2.101    u_bar/addr_r_reg[43]_i_2_n_15
                         LUT2 (Prop_LUT2_I0_O)        0.070     2.171 f  u_bar/error_code_r[3]_i_289/O
                         net (fo=1, unplaced)         0.260     2.431    u_bar/error_code_r[3]_i_289_n_0
                         CARRY8 (Prop_CARRY8_DI[0]_CO[7])
                                                      0.140     2.571 f  u_bar/error_code_r_reg[3]_i_158/CO[7]
                         net (fo=1, unplaced)         0.005     2.576    u_bar/error_code_r_reg[3]_i_158_n_0
                         CARRY8 (Prop_CARRY8_CI_CO[7])
                                                      0.022     2.598 f  u_bar/error_code_r_reg[3]_i_157/CO[7]
                         net (fo=1, unplaced)         0.005     2.603    u_bar/error_code_r_reg[3]_i_157_n_0
                         CARRY8 (Prop_CARRY8_CI_O[1])
                                                      0.076     2.679 r  u_bar/error_code_r_reg[3]_i_79/O[1]
                         net (fo=4, unplaced)         0.196     2.875    u_bar/alloc_end65[53]
                         LUT2 (Prop_LUT2_I1_O)        0.070     2.945 r  u_bar/error_code_r[3]_i_54/O
                         net (fo=1, unplaced)         0.260     3.205    u_bar/error_code_r[3]_i_54_n_0
                         CARRY8 (Prop_CARRY8_DI[0]_CO[6])
                                                      0.186     3.391 r  u_bar/error_code_r_reg[3]_i_10/CO[6]
                         net (fo=5, unplaced)         0.156     3.547    u_bar/window_bad
                         LUT3 (Prop_LUT3_I2_O)        0.070     3.617 r  u_bar/error_code_r[3]_i_4/O
                         net (fo=7, unplaced)         0.211     3.828    u_bar/error_code_r[3]_i_4_n_0
                         LUT6 (Prop_LUT6_I3_O)        0.038     3.866 r  u_bar/error_code_r[3]_i_7/O
                         net (fo=1, unplaced)         0.186     4.052    u_bar/error_code_r[3]_i_7_n_0
                         LUT6 (Prop_LUT6_I5_O)        0.038     4.090 r  u_bar/error_code_r[3]_i_1/O
                         net (fo=4, unplaced)         0.152     4.242    u_bar/error_code_r[3]_i_1_n_0
                         FDRE                                         r  u_bar/error_code_r_reg[0]/CE
  -------------------------------------------------------------------    -------------------

                         (clock clk_placeholder rise edge)
                                                      4.000     4.000 r  
                                                      0.000     4.000 r  clk_i (IN)
                         net (fo=2206, unset)         0.021     4.021    u_bar/clk_i
                         FDRE                                         r  u_bar/error_code_r_reg[0]/C
                         clock pessimism              0.000     4.021    
                         clock uncertainty           -0.035     3.986    
                         FDRE (Setup_FDRE_C_CE)      -0.061     3.925    u_bar/error_code_r_reg[0]
  -------------------------------------------------------------------
                         required time                          3.925    
                         arrival time                          -4.242    
  -------------------------------------------------------------------
                         slack                                 -0.317    

Slack (VIOLATED) :        -0.317ns  (required time - arrival time)
  Source:                 u_txn/rdata_r_reg[5]/C
                            (rising edge-triggered cell FDRE clocked by clk_placeholder  {rise@0.000ns fall@2.000ns period=4.000ns})
  Destination:            u_bar/error_code_r_reg[0]/CE
                            (rising edge-triggered cell FDRE clocked by clk_placeholder  {rise@0.000ns fall@2.000ns period=4.000ns})
  Path Group:             clk_placeholder
  Path Type:              Setup (Max at Slow Process Corner)
  Requirement:            4.000ns  (clk_placeholder rise@4.000ns - clk_placeholder rise@0.000ns)
  Data Path Delay:        4.212ns  (logic 1.674ns (39.744%)  route 2.538ns (60.256%))
  Logic Levels:           19  (CARRY8=11 LUT1=1 LUT2=3 LUT3=2 LUT6=2)
  Clock Path Skew:        -0.009ns (DCD - SCD + CPR)
    Destination Clock Delay (DCD):    0.021ns = ( 4.021 - 4.000 ) 
    Source Clock Delay      (SCD):    0.030ns
    Clock Pessimism Removal (CPR):    0.000ns
  Clock Uncertainty:      0.035ns  ((TSJ^2 + TIJ^2)^1/2 + DJ) / 2 + PE
    Total System Jitter     (TSJ):    0.071ns
    Total Input Jitter      (TIJ):    0.000ns
    Discrete Jitter          (DJ):    0.000ns
    Phase Error              (PE):    0.000ns

    Location             Delay type                Incr(ns)  Path(ns)    Netlist Resource(s)
  -------------------------------------------------------------------    -------------------
                         (clock clk_placeholder rise edge)
                                                      0.000     0.000 r  
                                                      0.000     0.000 r  clk_i (IN)
                         net (fo=2206, unset)         0.030     0.030    u_txn/clk_i
                         FDRE                                         r  u_txn/rdata_r_reg[5]/C
  -------------------------------------------------------------------    -------------------
                         FDRE (Prop_FDRE_C_Q)         0.077     0.107 f  u_txn/rdata_r_reg[5]/Q
                         net (fo=10, unplaced)        0.170     0.277    u_bar/rsp_rdata_i[5]
                         LUT1 (Prop_LUT1_I0_O)        0.037     0.314 r  u_bar/size_r[11]_i_9/O
                         net (fo=1, unplaced)         0.023     0.337    u_bar/size_r[11]_i_9_n_0
                         CARRY8 (Prop_CARRY8_S[1]_CO[7])
                                                      0.197     0.534 r  u_bar/size_r_reg[11]_i_2/CO[7]
                         net (fo=1, unplaced)         0.005     0.539    u_bar/size_r_reg[11]_i_2_n_0
                         CARRY8 (Prop_CARRY8_CI_CO[7])
                                                      0.022     0.561 r  u_bar/size_r_reg[19]_i_2/CO[7]
                         net (fo=1, unplaced)         0.005     0.566    u_bar/size_r_reg[19]_i_2_n_0
                         CARRY8 (Prop_CARRY8_CI_CO[7])
                                                      0.022     0.588 r  u_bar/size_r_reg[27]_i_2/CO[7]
                         net (fo=1, unplaced)         0.005     0.593    u_bar/size_r_reg[27]_i_2_n_0
                         CARRY8 (Prop_CARRY8_CI_O[1])
                                                      0.076     0.669 r  u_bar/size_r_reg[31]_i_2/O[1]
                         net (fo=10, unplaced)        0.217     0.886    u_bar/size32[29]
                         LUT3 (Prop_LUT3_I2_O)        0.070     0.956 r  u_bar/addr_r[36]_i_10/O
                         net (fo=1, unplaced)         0.260     1.216    u_bar/addr_r[36]_i_10_n_0
                         CARRY8 (Prop_CARRY8_DI[0]_CO[7])
                                                      0.140     1.356 r  u_bar/addr_r_reg[36]_i_2/CO[7]
                         net (fo=1, unplaced)         0.005     1.361    u_bar/addr_r_reg[36]_i_2_n_0
                         CARRY8 (Prop_CARRY8_CI_O[4])
                                                      0.086     1.447 r  u_bar/addr_r_reg[44]_i_2/O[4]
                         net (fo=4, unplaced)         0.196     1.643    u_bar/align_mask65[41]
                         LUT2 (Prop_LUT2_I1_O)        0.037     1.680 r  u_bar/addr_r[43]_i_5/O
                         net (fo=1, unplaced)         0.029     1.709    u_bar/addr_r[43]_i_5_n_0
                         CARRY8 (Prop_CARRY8_S[5]_CO[7])
                                                      0.166     1.875 r  u_bar/addr_r_reg[43]_i_2/CO[7]
                         net (fo=1, unplaced)         0.005     1.880    u_bar/addr_r_reg[43]_i_2_n_0
                         CARRY8 (Prop_CARRY8_CI_O[0])
                                                      0.056     1.936 f  u_bar/addr_r_reg[51]_i_2/O[0]
                         net (fo=3, unplaced)         0.192     2.128    u_bar/addr_r_reg[51]_i_2_n_15
                         LUT2 (Prop_LUT2_I0_O)        0.070     2.198 f  u_bar/error_code_r[3]_i_273/O
                         net (fo=1, unplaced)         0.260     2.458    u_bar/error_code_r[3]_i_273_n_0
                         CARRY8 (Prop_CARRY8_DI[0]_CO[7])
                                                      0.140     2.598 f  u_bar/error_code_r_reg[3]_i_157/CO[7]
                         net (fo=1, unplaced)         0.005     2.603    u_bar/error_code_r_reg[3]_i_157_n_0
                         CARRY8 (Prop_CARRY8_CI_O[1])
                                                      0.076     2.679 r  u_bar/error_code_r_reg[3]_i_79/O[1]
                         net (fo=4, unplaced)         0.196     2.875    u_bar/alloc_end65[53]
                         LUT2 (Prop_LUT2_I1_O)        0.070     2.945 r  u_bar/error_code_r[3]_i_54/O
                         net (fo=1, unplaced)         0.260     3.205    u_bar/error_code_r[3]_i_54_n_0
                         CARRY8 (Prop_CARRY8_DI[0]_CO[6])
                                                      0.186     3.391 r  u_bar/error_code_r_reg[3]_i_10/CO[6]
                         net (fo=5, unplaced)         0.156     3.547    u_bar/window_bad
                         LUT3 (Prop_LUT3_I2_O)        0.070     3.617 r  u_bar/error_code_r[3]_i_4/O
                         net (fo=7, unplaced)         0.211     3.828    u_bar/error_code_r[3]_i_4_n_0
                         LUT6 (Prop_LUT6_I3_O)        0.038     3.866 r  u_bar/error_code_r[3]_i_7/O
                         net (fo=1, unplaced)         0.186     4.052    u_bar/error_code_r[3]_i_7_n_0
                         LUT6 (Prop_LUT6_I5_O)        0.038     4.090 r  u_bar/error_code_r[3]_i_1/O
                         net (fo=4, unplaced)         0.152     4.242    u_bar/error_code_r[3]_i_1_n_0
                         FDRE                                         r  u_bar/error_code_r_reg[0]/CE
  -------------------------------------------------------------------    -------------------

                         (clock clk_placeholder rise edge)
                                                      4.000     4.000 r  
                                                      0.000     4.000 r  clk_i (IN)
                         net (fo=2206, unset)         0.021     4.021    u_bar/clk_i
                         FDRE                                         r  u_bar/error_code_r_reg[0]/C
                         clock pessimism              0.000     4.021    
                         clock uncertainty           -0.035     3.986    
                         FDRE (Setup_FDRE_C_CE)      -0.061     3.925    u_bar/error_code_r_reg[0]
  -------------------------------------------------------------------
                         required time                          3.925    
                         arrival time                          -4.242    
  -------------------------------------------------------------------
                         slack                                 -0.317    

Slack (VIOLATED) :        -0.317ns  (required time - arrival time)
  Source:                 u_txn/rdata_r_reg[5]/C
                            (rising edge-triggered cell FDRE clocked by clk_placeholder  {rise@0.000ns fall@2.000ns period=4.000ns})
  Destination:            u_bar/error_code_r_reg[0]/CE
                            (rising edge-triggered cell FDRE clocked by clk_placeholder  {rise@0.000ns fall@2.000ns period=4.000ns})
  Path Group:             clk_placeholder
  Path Type:              Setup (Max at Slow Process Corner)
  Requirement:            4.000ns  (clk_placeholder rise@4.000ns - clk_placeholder rise@0.000ns)
  Data Path Delay:        4.212ns  (logic 1.674ns (39.744%)  route 2.538ns (60.256%))
  Logic Levels:           19  (CARRY8=11 LUT1=1 LUT2=3 LUT3=2 LUT6=2)
  Clock Path Skew:        -0.009ns (DCD - SCD + CPR)
    Destination Clock Delay (DCD):    0.021ns = ( 4.021 - 4.000 ) 
    Source Clock Delay      (SCD):    0.030ns
    Clock Pessimism Removal (CPR):    0.000ns
  Clock Uncertainty:      0.035ns  ((TSJ^2 + TIJ^2)^1/2 + DJ) / 2 + PE
    Total System Jitter     (TSJ):    0.071ns
    Total Input Jitter      (TIJ):    0.000ns
    Discrete Jitter          (DJ):    0.000ns
    Phase Error              (PE):    0.000ns

    Location             Delay type                Incr(ns)  Path(ns)    Netlist Resource(s)
  -------------------------------------------------------------------    -------------------
                         (clock clk_placeholder rise edge)
                                                      0.000     0.000 r  
                                                      0.000     0.000 r  clk_i (IN)
                         net (fo=2206, unset)         0.030     0.030    u_txn/clk_i
                         FDRE                                         r  u_txn/rdata_r_reg[5]/C
  -------------------------------------------------------------------    -------------------
                         FDRE (Prop_FDRE_C_Q)         0.077     0.107 r  u_txn/rdata_r_reg[5]/Q
                         net (fo=10, unplaced)        0.170     0.277    u_bar/rsp_rdata_i[5]
                         LUT1 (Prop_LUT1_I0_O)        0.037     0.314 f  u_bar/size_r[11]_i_9/O
                         net (fo=1, unplaced)         0.023     0.337    u_bar/size_r[11]_i_9_n_0
                         CARRY8 (Prop_CARRY8_S[1]_CO[7])
                                                      0.197     0.534 r  u_bar/size_r_reg[11]_i_2/CO[7]
                         net (fo=1, unplaced)         0.005     0.539    u_bar/size_r_reg[11]_i_2_n_0
                         CARRY8 (Prop_CARRY8_CI_CO[7])
                                                      0.022     0.561 r  u_bar/size_r_reg[19]_i_2/CO[7]
                         net (fo=1, unplaced)         0.005     0.566    u_bar/size_r_reg[19]_i_2_n_0
                         CARRY8 (Prop_CARRY8_CI_CO[7])
                                                      0.022     0.588 r  u_bar/size_r_reg[27]_i_2/CO[7]
                         net (fo=1, unplaced)         0.005     0.593    u_bar/size_r_reg[27]_i_2_n_0
                         CARRY8 (Prop_CARRY8_CI_O[1])
                                                      0.076     0.669 r  u_bar/size_r_reg[31]_i_2/O[1]
                         net (fo=10, unplaced)        0.217     0.886    u_bar/size32[29]
                         LUT3 (Prop_LUT3_I2_O)        0.070     0.956 r  u_bar/addr_r[36]_i_10/O
                         net (fo=1, unplaced)         0.260     1.216    u_bar/addr_r[36]_i_10_n_0
                         CARRY8 (Prop_CARRY8_DI[0]_CO[7])
                                                      0.140     1.356 r  u_bar/addr_r_reg[36]_i_2/CO[7]
                         net (fo=1, unplaced)         0.005     1.361    u_bar/addr_r_reg[36]_i_2_n_0
                         CARRY8 (Prop_CARRY8_CI_O[4])
                                                      0.086     1.447 r  u_bar/addr_r_reg[44]_i_2/O[4]
                         net (fo=4, unplaced)         0.196     1.643    u_bar/align_mask65[41]
                         LUT2 (Prop_LUT2_I1_O)        0.037     1.680 r  u_bar/addr_r[43]_i_5/O
                         net (fo=1, unplaced)         0.029     1.709    u_bar/addr_r[43]_i_5_n_0
                         CARRY8 (Prop_CARRY8_S[5]_CO[7])
                                                      0.166     1.875 r  u_bar/addr_r_reg[43]_i_2/CO[7]
                         net (fo=1, unplaced)         0.005     1.880    u_bar/addr_r_reg[43]_i_2_n_0
                         CARRY8 (Prop_CARRY8_CI_O[0])
                                                      0.056     1.936 f  u_bar/addr_r_reg[51]_i_2/O[0]
                         net (fo=3, unplaced)         0.192     2.128    u_bar/addr_r_reg[51]_i_2_n_15
                         LUT2 (Prop_LUT2_I0_O)        0.070     2.198 f  u_bar/error_code_r[3]_i_273/O
                         net (fo=1, unplaced)         0.260     2.458    u_bar/error_code_r[3]_i_273_n_0
                         CARRY8 (Prop_CARRY8_DI[0]_CO[7])
                                                      0.140     2.598 f  u_bar/error_code_r_reg[3]_i_157/CO[7]
                         net (fo=1, unplaced)         0.005     2.603    u_bar/error_code_r_reg[3]_i_157_n_0
                         CARRY8 (Prop_CARRY8_CI_O[1])
                                                      0.076     2.679 r  u_bar/error_code_r_reg[3]_i_79/O[1]
                         net (fo=4, unplaced)         0.196     2.875    u_bar/alloc_end65[53]
                         LUT2 (Prop_LUT2_I1_O)        0.070     2.945 r  u_bar/error_code_r[3]_i_54/O
                         net (fo=1, unplaced)         0.260     3.205    u_bar/error_code_r[3]_i_54_n_0
                         CARRY8 (Prop_CARRY8_DI[0]_CO[6])
                                                      0.186     3.391 r  u_bar/error_code_r_reg[3]_i_10/CO[6]
                         net (fo=5, unplaced)         0.156     3.547    u_bar/window_bad
                         LUT3 (Prop_LUT3_I2_O)        0.070     3.617 r  u_bar/error_code_r[3]_i_4/O
                         net (fo=7, unplaced)         0.211     3.828    u_bar/error_code_r[3]_i_4_n_0
                         LUT6 (Prop_LUT6_I3_O)        0.038     3.866 r  u_bar/error_code_r[3]_i_7/O
                         net (fo=1, unplaced)         0.186     4.052    u_bar/error_code_r[3]_i_7_n_0
                         LUT6 (Prop_LUT6_I5_O)        0.038     4.090 r  u_bar/error_code_r[3]_i_1/O
                         net (fo=4, unplaced)         0.152     4.242    u_bar/error_code_r[3]_i_1_n_0
                         FDRE                                         r  u_bar/error_code_r_reg[0]/CE
  -------------------------------------------------------------------    -------------------

                         (clock clk_placeholder rise edge)
                                                      4.000     4.000 r  
                                                      0.000     4.000 r  clk_i (IN)
                         net (fo=2206, unset)         0.021     4.021    u_bar/clk_i
                         FDRE                                         r  u_bar/error_code_r_reg[0]/C
                         clock pessimism              0.000     4.021    
                         clock uncertainty           -0.035     3.986    
                         FDRE (Setup_FDRE_C_CE)      -0.061     3.925    u_bar/error_code_r_reg[0]
  -------------------------------------------------------------------
                         required time                          3.925    
                         arrival time                          -4.242    
  -------------------------------------------------------------------
                         slack                                 -0.317    

Slack (VIOLATED) :        -0.317ns  (required time - arrival time)
  Source:                 u_txn/rdata_r_reg[5]/C
                            (rising edge-triggered cell FDRE clocked by clk_placeholder  {rise@0.000ns fall@2.000ns period=4.000ns})
  Destination:            u_bar/error_code_r_reg[0]/CE
                            (rising edge-triggered cell FDRE clocked by clk_placeholder  {rise@0.000ns fall@2.000ns period=4.000ns})
  Path Group:             clk_placeholder
  Path Type:              Setup (Max at Slow Process Corner)
  Requirement:            4.000ns  (clk_placeholder rise@4.000ns - clk_placeholder rise@0.000ns)
  Data Path Delay:        4.212ns  (logic 1.674ns (39.744%)  route 2.538ns (60.256%))
  Logic Levels:           19  (CARRY8=11 LUT1=1 LUT2=3 LUT3=2 LUT6=2)
  Clock Path Skew:        -0.009ns (DCD - SCD + CPR)
    Destination Clock Delay (DCD):    0.021ns = ( 4.021 - 4.000 ) 
    Source Clock Delay      (SCD):    0.030ns
    Clock Pessimism Removal (CPR):    0.000ns
  Clock Uncertainty:      0.035ns  ((TSJ^2 + TIJ^2)^1/2 + DJ) / 2 + PE
    Total System Jitter     (TSJ):    0.071ns
    Total Input Jitter      (TIJ):    0.000ns
    Discrete Jitter          (DJ):    0.000ns
    Phase Error              (PE):    0.000ns

    Location             Delay type                Incr(ns)  Path(ns)    Netlist Resource(s)
  -------------------------------------------------------------------    -------------------
                         (clock clk_placeholder rise edge)
                                                      0.000     0.000 r  
                                                      0.000     0.000 r  clk_i (IN)
                         net (fo=2206, unset)         0.030     0.030    u_txn/clk_i
                         FDRE                                         r  u_txn/rdata_r_reg[5]/C
  -------------------------------------------------------------------    -------------------
                         FDRE (Prop_FDRE_C_Q)         0.077     0.107 f  u_txn/rdata_r_reg[5]/Q
                         net (fo=10, unplaced)        0.170     0.277    u_bar/rsp_rdata_i[5]
                         LUT1 (Prop_LUT1_I0_O)        0.037     0.314 r  u_bar/size_r[11]_i_9/O
                         net (fo=1, unplaced)         0.023     0.337    u_bar/size_r[11]_i_9_n_0
                         CARRY8 (Prop_CARRY8_S[1]_CO[7])
                                                      0.197     0.534 f  u_bar/size_r_reg[11]_i_2/CO[7]
                         net (fo=1, unplaced)         0.005     0.539    u_bar/size_r_reg[11]_i_2_n_0
                         CARRY8 (Prop_CARRY8_CI_CO[7])
                                                      0.022     0.561 f  u_bar/size_r_reg[19]_i_2/CO[7]
                         net (fo=1, unplaced)         0.005     0.566    u_bar/size_r_reg[19]_i_2_n_0
                         CARRY8 (Prop_CARRY8_CI_CO[7])
                                                      0.022     0.588 f  u_bar/size_r_reg[27]_i_2/CO[7]
                         net (fo=1, unplaced)         0.005     0.593    u_bar/size_r_reg[27]_i_2_n_0
                         CARRY8 (Prop_CARRY8_CI_O[1])
                                                      0.076     0.669 r  u_bar/size_r_reg[31]_i_2/O[1]
                         net (fo=10, unplaced)        0.217     0.886    u_bar/size32[29]
                         LUT3 (Prop_LUT3_I2_O)        0.070     0.956 r  u_bar/addr_r[36]_i_10/O
                         net (fo=1, unplaced)         0.260     1.216    u_bar/addr_r[36]_i_10_n_0
                         CARRY8 (Prop_CARRY8_DI[0]_CO[7])
                                                      0.140     1.356 r  u_bar/addr_r_reg[36]_i_2/CO[7]
                         net (fo=1, unplaced)         0.005     1.361    u_bar/addr_r_reg[36]_i_2_n_0
                         CARRY8 (Prop_CARRY8_CI_O[4])
                                                      0.086     1.447 r  u_bar/addr_r_reg[44]_i_2/O[4]
                         net (fo=4, unplaced)         0.196     1.643    u_bar/align_mask65[41]
                         LUT2 (Prop_LUT2_I1_O)        0.037     1.680 r  u_bar/addr_r[43]_i_5/O
                         net (fo=1, unplaced)         0.029     1.709    u_bar/addr_r[43]_i_5_n_0
                         CARRY8 (Prop_CARRY8_S[5]_CO[7])
                                                      0.166     1.875 r  u_bar/addr_r_reg[43]_i_2/CO[7]
                         net (fo=1, unplaced)         0.005     1.880    u_bar/addr_r_reg[43]_i_2_n_0
                         CARRY8 (Prop_CARRY8_CI_O[0])
                                                      0.056     1.936 f  u_bar/addr_r_reg[51]_i_2/O[0]
                         net (fo=3, unplaced)         0.192     2.128    u_bar/addr_r_reg[51]_i_2_n_15
                         LUT2 (Prop_LUT2_I0_O)        0.070     2.198 f  u_bar/error_code_r[3]_i_273/O
                         net (fo=1, unplaced)         0.260     2.458    u_bar/error_code_r[3]_i_273_n_0
                         CARRY8 (Prop_CARRY8_DI[0]_CO[7])
                                                      0.140     2.598 f  u_bar/error_code_r_reg[3]_i_157/CO[7]
                         net (fo=1, unplaced)         0.005     2.603    u_bar/error_code_r_reg[3]_i_157_n_0
                         CARRY8 (Prop_CARRY8_CI_O[1])
                                                      0.076     2.679 r  u_bar/error_code_r_reg[3]_i_79/O[1]
                         net (fo=4, unplaced)         0.196     2.875    u_bar/alloc_end65[53]
                         LUT2 (Prop_LUT2_I1_O)        0.070     2.945 r  u_bar/error_code_r[3]_i_54/O
                         net (fo=1, unplaced)         0.260     3.205    u_bar/error_code_r[3]_i_54_n_0
                         CARRY8 (Prop_CARRY8_DI[0]_CO[6])
                                                      0.186     3.391 r  u_bar/error_code_r_reg[3]_i_10/CO[6]
                         net (fo=5, unplaced)         0.156     3.547    u_bar/window_bad
                         LUT3 (Prop_LUT3_I2_O)        0.070     3.617 r  u_bar/error_code_r[3]_i_4/O
                         net (fo=7, unplaced)         0.211     3.828    u_bar/error_code_r[3]_i_4_n_0
                         LUT6 (Prop_LUT6_I3_O)        0.038     3.866 r  u_bar/error_code_r[3]_i_7/O
                         net (fo=1, unplaced)         0.186     4.052    u_bar/error_code_r[3]_i_7_n_0
                         LUT6 (Prop_LUT6_I5_O)        0.038     4.090 r  u_bar/error_code_r[3]_i_1/O
                         net (fo=4, unplaced)         0.152     4.242    u_bar/error_code_r[3]_i_1_n_0
                         FDRE                                         r  u_bar/error_code_r_reg[0]/CE
  -------------------------------------------------------------------    -------------------

                         (clock clk_placeholder rise edge)
                                                      4.000     4.000 r  
                                                      0.000     4.000 r  clk_i (IN)
                         net (fo=2206, unset)         0.021     4.021    u_bar/clk_i
                         FDRE                                         r  u_bar/error_code_r_reg[0]/C
                         clock pessimism              0.000     4.021    
                         clock uncertainty           -0.035     3.986    
                         FDRE (Setup_FDRE_C_CE)      -0.061     3.925    u_bar/error_code_r_reg[0]
  -------------------------------------------------------------------
                         required time                          3.925    
                         arrival time                          -4.242    
  -------------------------------------------------------------------
                         slack                                 -0.317    

Slack (VIOLATED) :        -0.317ns  (required time - arrival time)
  Source:                 u_txn/rdata_r_reg[5]/C
                            (rising edge-triggered cell FDRE clocked by clk_placeholder  {rise@0.000ns fall@2.000ns period=4.000ns})
  Destination:            u_bar/error_code_r_reg[0]/CE
                            (rising edge-triggered cell FDRE clocked by clk_placeholder  {rise@0.000ns fall@2.000ns period=4.000ns})
  Path Group:             clk_placeholder
  Path Type:              Setup (Max at Slow Process Corner)
  Requirement:            4.000ns  (clk_placeholder rise@4.000ns - clk_placeholder rise@0.000ns)
  Data Path Delay:        4.212ns  (logic 1.674ns (39.744%)  route 2.538ns (60.256%))
  Logic Levels:           19  (CARRY8=11 LUT1=1 LUT2=3 LUT3=2 LUT6=2)
  Clock Path Skew:        -0.009ns (DCD - SCD + CPR)
    Destination Clock Delay (DCD):    0.021ns = ( 4.021 - 4.000 ) 
    Source Clock Delay      (SCD):    0.030ns
    Clock Pessimism Removal (CPR):    0.000ns
  Clock Uncertainty:      0.035ns  ((TSJ^2 + TIJ^2)^1/2 + DJ) / 2 + PE
    Total System Jitter     (TSJ):    0.071ns
    Total Input Jitter      (TIJ):    0.000ns
    Discrete Jitter          (DJ):    0.000ns
    Phase Error              (PE):    0.000ns

    Location             Delay type                Incr(ns)  Path(ns)    Netlist Resource(s)
  -------------------------------------------------------------------    -------------------
                         (clock clk_placeholder rise edge)
                                                      0.000     0.000 r  
                                                      0.000     0.000 r  clk_i (IN)
                         net (fo=2206, unset)         0.030     0.030    u_txn/clk_i
                         FDRE                                         r  u_txn/rdata_r_reg[5]/C
  -------------------------------------------------------------------    -------------------
                         FDRE (Prop_FDRE_C_Q)         0.077     0.107 r  u_txn/rdata_r_reg[5]/Q
                         net (fo=10, unplaced)        0.170     0.277    u_bar/rsp_rdata_i[5]
                         LUT1 (Prop_LUT1_I0_O)        0.037     0.314 f  u_bar/size_r[11]_i_9/O
                         net (fo=1, unplaced)         0.023     0.337    u_bar/size_r[11]_i_9_n_0
                         CARRY8 (Prop_CARRY8_S[1]_CO[7])
                                                      0.197     0.534 f  u_bar/size_r_reg[11]_i_2/CO[7]
                         net (fo=1, unplaced)         0.005     0.539    u_bar/size_r_reg[11]_i_2_n_0
                         CARRY8 (Prop_CARRY8_CI_CO[7])
                                                      0.022     0.561 f  u_bar/size_r_reg[19]_i_2/CO[7]
                         net (fo=1, unplaced)         0.005     0.566    u_bar/size_r_reg[19]_i_2_n_0
                         CARRY8 (Prop_CARRY8_CI_CO[7])
                                                      0.022     0.588 f  u_bar/size_r_reg[27]_i_2/CO[7]
                         net (fo=1, unplaced)         0.005     0.593    u_bar/size_r_reg[27]_i_2_n_0
                         CARRY8 (Prop_CARRY8_CI_O[1])
                                                      0.076     0.669 r  u_bar/size_r_reg[31]_i_2/O[1]
                         net (fo=10, unplaced)        0.217     0.886    u_bar/size32[29]
                         LUT3 (Prop_LUT3_I2_O)        0.070     0.956 r  u_bar/addr_r[36]_i_10/O
                         net (fo=1, unplaced)         0.260     1.216    u_bar/addr_r[36]_i_10_n_0
                         CARRY8 (Prop_CARRY8_DI[0]_CO[7])
                                                      0.140     1.356 r  u_bar/addr_r_reg[36]_i_2/CO[7]
                         net (fo=1, unplaced)         0.005     1.361    u_bar/addr_r_reg[36]_i_2_n_0
                         CARRY8 (Prop_CARRY8_CI_O[4])
                                                      0.086     1.447 r  u_bar/addr_r_reg[44]_i_2/O[4]
                         net (fo=4, unplaced)         0.196     1.643    u_bar/align_mask65[41]
                         LUT2 (Prop_LUT2_I1_O)        0.037     1.680 r  u_bar/addr_r[43]_i_5/O
                         net (fo=1, unplaced)         0.029     1.709    u_bar/addr_r[43]_i_5_n_0
                         CARRY8 (Prop_CARRY8_S[5]_CO[7])
                                                      0.166     1.875 r  u_bar/addr_r_reg[43]_i_2/CO[7]
                         net (fo=1, unplaced)         0.005     1.880    u_bar/addr_r_reg[43]_i_2_n_0
                         CARRY8 (Prop_CARRY8_CI_O[0])
                                                      0.056     1.936 f  u_bar/addr_r_reg[51]_i_2/O[0]
                         net (fo=3, unplaced)         0.192     2.128    u_bar/addr_r_reg[51]_i_2_n_15
                         LUT2 (Prop_LUT2_I0_O)        0.070     2.198 f  u_bar/error_code_r[3]_i_273/O
                         net (fo=1, unplaced)         0.260     2.458    u_bar/error_code_r[3]_i_273_n_0
                         CARRY8 (Prop_CARRY8_DI[0]_CO[7])
                                                      0.140     2.598 f  u_bar/error_code_r_reg[3]_i_157/CO[7]
                         net (fo=1, unplaced)         0.005     2.603    u_bar/error_code_r_reg[3]_i_157_n_0
                         CARRY8 (Prop_CARRY8_CI_O[1])
                                                      0.076     2.679 r  u_bar/error_code_r_reg[3]_i_79/O[1]
                         net (fo=4, unplaced)         0.196     2.875    u_bar/alloc_end65[53]
                         LUT2 (Prop_LUT2_I1_O)        0.070     2.945 r  u_bar/error_code_r[3]_i_54/O
                         net (fo=1, unplaced)         0.260     3.205    u_bar/error_code_r[3]_i_54_n_0
                         CARRY8 (Prop_CARRY8_DI[0]_CO[6])
                                                      0.186     3.391 r  u_bar/error_code_r_reg[3]_i_10/CO[6]
                         net (fo=5, unplaced)         0.156     3.547    u_bar/window_bad
                         LUT3 (Prop_LUT3_I2_O)        0.070     3.617 r  u_bar/error_code_r[3]_i_4/O
                         net (fo=7, unplaced)         0.211     3.828    u_bar/error_code_r[3]_i_4_n_0
                         LUT6 (Prop_LUT6_I3_O)        0.038     3.866 r  u_bar/error_code_r[3]_i_7/O
                         net (fo=1, unplaced)         0.186     4.052    u_bar/error_code_r[3]_i_7_n_0
                         LUT6 (Prop_LUT6_I5_O)        0.038     4.090 r  u_bar/error_code_r[3]_i_1/O
                         net (fo=4, unplaced)         0.152     4.242    u_bar/error_code_r[3]_i_1_n_0
                         FDRE                                         r  u_bar/error_code_r_reg[0]/CE
  -------------------------------------------------------------------    -------------------

                         (clock clk_placeholder rise edge)
                                                      4.000     4.000 r  
                                                      0.000     4.000 r  clk_i (IN)
                         net (fo=2206, unset)         0.021     4.021    u_bar/clk_i
                         FDRE                                         r  u_bar/error_code_r_reg[0]/C
                         clock pessimism              0.000     4.021    
                         clock uncertainty           -0.035     3.986    
                         FDRE (Setup_FDRE_C_CE)      -0.061     3.925    u_bar/error_code_r_reg[0]
  -------------------------------------------------------------------
                         required time                          3.925    
                         arrival time                          -4.242    
  -------------------------------------------------------------------
                         slack                                 -0.317    

Slack (VIOLATED) :        -0.317ns  (required time - arrival time)
  Source:                 u_txn/rdata_r_reg[5]/C
                            (rising edge-triggered cell FDRE clocked by clk_placeholder  {rise@0.000ns fall@2.000ns period=4.000ns})
  Destination:            u_bar/error_code_r_reg[0]/CE
                            (rising edge-triggered cell FDRE clocked by clk_placeholder  {rise@0.000ns fall@2.000ns period=4.000ns})
  Path Group:             clk_placeholder
  Path Type:              Setup (Max at Slow Process Corner)
  Requirement:            4.000ns  (clk_placeholder rise@4.000ns - clk_placeholder rise@0.000ns)
  Data Path Delay:        4.212ns  (logic 1.674ns (39.744%)  route 2.538ns (60.256%))
  Logic Levels:           19  (CARRY8=11 LUT1=1 LUT2=3 LUT3=2 LUT6=2)
  Clock Path Skew:        -0.009ns (DCD - SCD + CPR)
    Destination Clock Delay (DCD):    0.021ns = ( 4.021 - 4.000 ) 
    Source Clock Delay      (SCD):    0.030ns
    Clock Pessimism Removal (CPR):    0.000ns
  Clock Uncertainty:      0.035ns  ((TSJ^2 + TIJ^2)^1/2 + DJ) / 2 + PE
    Total System Jitter     (TSJ):    0.071ns
    Total Input Jitter      (TIJ):    0.000ns
    Discrete Jitter          (DJ):    0.000ns
    Phase Error              (PE):    0.000ns

    Location             Delay type                Incr(ns)  Path(ns)    Netlist Resource(s)
  -------------------------------------------------------------------    -------------------
                         (clock clk_placeholder rise edge)
                                                      0.000     0.000 r  
                                                      0.000     0.000 r  clk_i (IN)
                         net (fo=2206, unset)         0.030     0.030    u_txn/clk_i
                         FDRE                                         r  u_txn/rdata_r_reg[5]/C
  -------------------------------------------------------------------    -------------------
                         FDRE (Prop_FDRE_C_Q)         0.077     0.107 f  u_txn/rdata_r_reg[5]/Q
                         net (fo=10, unplaced)        0.170     0.277    u_bar/rsp_rdata_i[5]
                         LUT1 (Prop_LUT1_I0_O)        0.037     0.314 r  u_bar/size_r[11]_i_9/O
                         net (fo=1, unplaced)         0.023     0.337    u_bar/size_r[11]_i_9_n_0
                         CARRY8 (Prop_CARRY8_S[1]_CO[7])
                                                      0.197     0.534 r  u_bar/size_r_reg[11]_i_2/CO[7]
                         net (fo=1, unplaced)         0.005     0.539    u_bar/size_r_reg[11]_i_2_n_0
                         CARRY8 (Prop_CARRY8_CI_CO[7])
                                                      0.022     0.561 r  u_bar/size_r_reg[19]_i_2/CO[7]
                         net (fo=1, unplaced)         0.005     0.566    u_bar/size_r_reg[19]_i_2_n_0
                         CARRY8 (Prop_CARRY8_CI_CO[7])
                                                      0.022     0.588 r  u_bar/size_r_reg[27]_i_2/CO[7]
                         net (fo=1, unplaced)         0.005     0.593    u_bar/size_r_reg[27]_i_2_n_0
                         CARRY8 (Prop_CARRY8_CI_O[1])
                                                      0.076     0.669 r  u_bar/size_r_reg[31]_i_2/O[1]
                         net (fo=10, unplaced)        0.217     0.886    u_bar/size32[29]
                         LUT3 (Prop_LUT3_I2_O)        0.070     0.956 r  u_bar/addr_r[36]_i_10/O
                         net (fo=1, unplaced)         0.260     1.216    u_bar/addr_r[36]_i_10_n_0
                         CARRY8 (Prop_CARRY8_DI[0]_CO[7])
                                                      0.140     1.356 r  u_bar/addr_r_reg[36]_i_2/CO[7]
                         net (fo=1, unplaced)         0.005     1.361    u_bar/addr_r_reg[36]_i_2_n_0
                         CARRY8 (Prop_CARRY8_CI_O[4])
                                                      0.086     1.447 r  u_bar/addr_r_reg[44]_i_2/O[4]
                         net (fo=4, unplaced)         0.196     1.643    u_bar/align_mask65[41]
                         LUT2 (Prop_LUT2_I1_O)        0.037     1.680 r  u_bar/addr_r[43]_i_5/O
                         net (fo=1, unplaced)         0.029     1.709    u_bar/addr_r[43]_i_5_n_0
                         CARRY8 (Prop_CARRY8_S[5]_CO[7])
                                                      0.166     1.875 f  u_bar/addr_r_reg[43]_i_2/CO[7]
                         net (fo=1, unplaced)         0.005     1.880    u_bar/addr_r_reg[43]_i_2_n_0
                         CARRY8 (Prop_CARRY8_CI_O[0])
                                                      0.056     1.936 f  u_bar/addr_r_reg[51]_i_2/O[0]
                         net (fo=3, unplaced)         0.192     2.128    u_bar/addr_r_reg[51]_i_2_n_15
                         LUT2 (Prop_LUT2_I0_O)        0.070     2.198 f  u_bar/error_code_r[3]_i_273/O
                         net (fo=1, unplaced)         0.260     2.458    u_bar/error_code_r[3]_i_273_n_0
                         CARRY8 (Prop_CARRY8_DI[0]_CO[7])
                                                      0.140     2.598 f  u_bar/error_code_r_reg[3]_i_157/CO[7]
                         net (fo=1, unplaced)         0.005     2.603    u_bar/error_code_r_reg[3]_i_157_n_0
                         CARRY8 (Prop_CARRY8_CI_O[1])
                                                      0.076     2.679 r  u_bar/error_code_r_reg[3]_i_79/O[1]
                         net (fo=4, unplaced)         0.196     2.875    u_bar/alloc_end65[53]
                         LUT2 (Prop_LUT2_I1_O)        0.070     2.945 r  u_bar/error_code_r[3]_i_54/O
                         net (fo=1, unplaced)         0.260     3.205    u_bar/error_code_r[3]_i_54_n_0
                         CARRY8 (Prop_CARRY8_DI[0]_CO[6])
                                                      0.186     3.391 r  u_bar/error_code_r_reg[3]_i_10/CO[6]
                         net (fo=5, unplaced)         0.156     3.547    u_bar/window_bad
                         LUT3 (Prop_LUT3_I2_O)        0.070     3.617 r  u_bar/error_code_r[3]_i_4/O
                         net (fo=7, unplaced)         0.211     3.828    u_bar/error_code_r[3]_i_4_n_0
                         LUT6 (Prop_LUT6_I3_O)        0.038     3.866 r  u_bar/error_code_r[3]_i_7/O
                         net (fo=1, unplaced)         0.186     4.052    u_bar/error_code_r[3]_i_7_n_0
                         LUT6 (Prop_LUT6_I5_O)        0.038     4.090 r  u_bar/error_code_r[3]_i_1/O
                         net (fo=4, unplaced)         0.152     4.242    u_bar/error_code_r[3]_i_1_n_0
                         FDRE                                         r  u_bar/error_code_r_reg[0]/CE
  -------------------------------------------------------------------    -------------------

                         (clock clk_placeholder rise edge)
                                                      4.000     4.000 r  
                                                      0.000     4.000 r  clk_i (IN)
                         net (fo=2206, unset)         0.021     4.021    u_bar/clk_i
                         FDRE                                         r  u_bar/error_code_r_reg[0]/C
                         clock pessimism              0.000     4.021    
                         clock uncertainty           -0.035     3.986    
                         FDRE (Setup_FDRE_C_CE)      -0.061     3.925    u_bar/error_code_r_reg[0]
  -------------------------------------------------------------------
                         required time                          3.925    
                         arrival time                          -4.242    
  -------------------------------------------------------------------
                         slack                                 -0.317    

Slack (VIOLATED) :        -0.317ns  (required time - arrival time)
  Source:                 u_txn/rdata_r_reg[5]/C
                            (rising edge-triggered cell FDRE clocked by clk_placeholder  {rise@0.000ns fall@2.000ns period=4.000ns})
  Destination:            u_bar/error_code_r_reg[0]/CE
                            (rising edge-triggered cell FDRE clocked by clk_placeholder  {rise@0.000ns fall@2.000ns period=4.000ns})
  Path Group:             clk_placeholder
  Path Type:              Setup (Max at Slow Process Corner)
  Requirement:            4.000ns  (clk_placeholder rise@4.000ns - clk_placeholder rise@0.000ns)
  Data Path Delay:        4.212ns  (logic 1.674ns (39.744%)  route 2.538ns (60.256%))
  Logic Levels:           19  (CARRY8=11 LUT1=1 LUT2=3 LUT3=2 LUT6=2)
  Clock Path Skew:        -0.009ns (DCD - SCD + CPR)
    Destination Clock Delay (DCD):    0.021ns = ( 4.021 - 4.000 ) 
    Source Clock Delay      (SCD):    0.030ns
    Clock Pessimism Removal (CPR):    0.000ns
  Clock Uncertainty:      0.035ns  ((TSJ^2 + TIJ^2)^1/2 + DJ) / 2 + PE
    Total System Jitter     (TSJ):    0.071ns
    Total Input Jitter      (TIJ):    0.000ns
    Discrete Jitter          (DJ):    0.000ns
    Phase Error              (PE):    0.000ns

    Location             Delay type                Incr(ns)  Path(ns)    Netlist Resource(s)
  -------------------------------------------------------------------    -------------------
                         (clock clk_placeholder rise edge)
                                                      0.000     0.000 r  
                                                      0.000     0.000 r  clk_i (IN)
                         net (fo=2206, unset)         0.030     0.030    u_txn/clk_i
                         FDRE                                         r  u_txn/rdata_r_reg[5]/C
  -------------------------------------------------------------------    -------------------
                         FDRE (Prop_FDRE_C_Q)         0.077     0.107 r  u_txn/rdata_r_reg[5]/Q
                         net (fo=10, unplaced)        0.170     0.277    u_bar/rsp_rdata_i[5]
                         LUT1 (Prop_LUT1_I0_O)        0.037     0.314 f  u_bar/size_r[11]_i_9/O
                         net (fo=1, unplaced)         0.023     0.337    u_bar/size_r[11]_i_9_n_0
                         CARRY8 (Prop_CARRY8_S[1]_CO[7])
                                                      0.197     0.534 r  u_bar/size_r_reg[11]_i_2/CO[7]
                         net (fo=1, unplaced)         0.005     0.539    u_bar/size_r_reg[11]_i_2_n_0
                         CARRY8 (Prop_CARRY8_CI_CO[7])
                                                      0.022     0.561 r  u_bar/size_r_reg[19]_i_2/CO[7]
                         net (fo=1, unplaced)         0.005     0.566    u_bar/size_r_reg[19]_i_2_n_0
                         CARRY8 (Prop_CARRY8_CI_CO[7])
                                                      0.022     0.588 r  u_bar/size_r_reg[27]_i_2/CO[7]
                         net (fo=1, unplaced)         0.005     0.593    u_bar/size_r_reg[27]_i_2_n_0
                         CARRY8 (Prop_CARRY8_CI_O[1])
                                                      0.076     0.669 r  u_bar/size_r_reg[31]_i_2/O[1]
                         net (fo=10, unplaced)        0.217     0.886    u_bar/size32[29]
                         LUT3 (Prop_LUT3_I2_O)        0.070     0.956 r  u_bar/addr_r[36]_i_10/O
                         net (fo=1, unplaced)         0.260     1.216    u_bar/addr_r[36]_i_10_n_0
                         CARRY8 (Prop_CARRY8_DI[0]_CO[7])
                                                      0.140     1.356 r  u_bar/addr_r_reg[36]_i_2/CO[7]
                         net (fo=1, unplaced)         0.005     1.361    u_bar/addr_r_reg[36]_i_2_n_0
                         CARRY8 (Prop_CARRY8_CI_O[4])
                                                      0.086     1.447 r  u_bar/addr_r_reg[44]_i_2/O[4]
                         net (fo=4, unplaced)         0.196     1.643    u_bar/align_mask65[41]
                         LUT2 (Prop_LUT2_I1_O)        0.037     1.680 r  u_bar/addr_r[43]_i_5/O
                         net (fo=1, unplaced)         0.029     1.709    u_bar/addr_r[43]_i_5_n_0
                         CARRY8 (Prop_CARRY8_S[5]_CO[7])
                                                      0.166     1.875 f  u_bar/addr_r_reg[43]_i_2/CO[7]
                         net (fo=1, unplaced)         0.005     1.880    u_bar/addr_r_reg[43]_i_2_n_0
                         CARRY8 (Prop_CARRY8_CI_O[0])
                                                      0.056     1.936 f  u_bar/addr_r_reg[51]_i_2/O[0]
                         net (fo=3, unplaced)         0.192     2.128    u_bar/addr_r_reg[51]_i_2_n_15
                         LUT2 (Prop_LUT2_I0_O)        0.070     2.198 f  u_bar/error_code_r[3]_i_273/O
                         net (fo=1, unplaced)         0.260     2.458    u_bar/error_code_r[3]_i_273_n_0
                         CARRY8 (Prop_CARRY8_DI[0]_CO[7])
                                                      0.140     2.598 f  u_bar/error_code_r_reg[3]_i_157/CO[7]
                         net (fo=1, unplaced)         0.005     2.603    u_bar/error_code_r_reg[3]_i_157_n_0
                         CARRY8 (Prop_CARRY8_CI_O[1])
                                                      0.076     2.679 r  u_bar/error_code_r_reg[3]_i_79/O[1]
                         net (fo=4, unplaced)         0.196     2.875    u_bar/alloc_end65[53]
                         LUT2 (Prop_LUT2_I1_O)        0.070     2.945 r  u_bar/error_code_r[3]_i_54/O
                         net (fo=1, unplaced)         0.260     3.205    u_bar/error_code_r[3]_i_54_n_0
                         CARRY8 (Prop_CARRY8_DI[0]_CO[6])
                                                      0.186     3.391 r  u_bar/error_code_r_reg[3]_i_10/CO[6]
                         net (fo=5, unplaced)         0.156     3.547    u_bar/window_bad
                         LUT3 (Prop_LUT3_I2_O)        0.070     3.617 r  u_bar/error_code_r[3]_i_4/O
                         net (fo=7, unplaced)         0.211     3.828    u_bar/error_code_r[3]_i_4_n_0
                         LUT6 (Prop_LUT6_I3_O)        0.038     3.866 r  u_bar/error_code_r[3]_i_7/O
                         net (fo=1, unplaced)         0.186     4.052    u_bar/error_code_r[3]_i_7_n_0
                         LUT6 (Prop_LUT6_I5_O)        0.038     4.090 r  u_bar/error_code_r[3]_i_1/O
                         net (fo=4, unplaced)         0.152     4.242    u_bar/error_code_r[3]_i_1_n_0
                         FDRE                                         r  u_bar/error_code_r_reg[0]/CE
  -------------------------------------------------------------------    -------------------

                         (clock clk_placeholder rise edge)
                                                      4.000     4.000 r  
                                                      0.000     4.000 r  clk_i (IN)
                         net (fo=2206, unset)         0.021     4.021    u_bar/clk_i
                         FDRE                                         r  u_bar/error_code_r_reg[0]/C
                         clock pessimism              0.000     4.021    
                         clock uncertainty           -0.035     3.986    
                         FDRE (Setup_FDRE_C_CE)      -0.061     3.925    u_bar/error_code_r_reg[0]
  -------------------------------------------------------------------
                         required time                          3.925    
                         arrival time                          -4.242    
  -------------------------------------------------------------------
                         slack                                 -0.317    

Slack (VIOLATED) :        -0.317ns  (required time - arrival time)
  Source:                 u_txn/rdata_r_reg[5]/C
                            (rising edge-triggered cell FDRE clocked by clk_placeholder  {rise@0.000ns fall@2.000ns period=4.000ns})
  Destination:            u_bar/error_code_r_reg[0]/CE
                            (rising edge-triggered cell FDRE clocked by clk_placeholder  {rise@0.000ns fall@2.000ns period=4.000ns})
  Path Group:             clk_placeholder
  Path Type:              Setup (Max at Slow Process Corner)
  Requirement:            4.000ns  (clk_placeholder rise@4.000ns - clk_placeholder rise@0.000ns)
  Data Path Delay:        4.212ns  (logic 1.674ns (39.744%)  route 2.538ns (60.256%))
  Logic Levels:           19  (CARRY8=11 LUT1=1 LUT2=3 LUT3=2 LUT6=2)
  Clock Path Skew:        -0.009ns (DCD - SCD + CPR)
    Destination Clock Delay (DCD):    0.021ns = ( 4.021 - 4.000 ) 
    Source Clock Delay      (SCD):    0.030ns
    Clock Pessimism Removal (CPR):    0.000ns
  Clock Uncertainty:      0.035ns  ((TSJ^2 + TIJ^2)^1/2 + DJ) / 2 + PE
    Total System Jitter     (TSJ):    0.071ns
    Total Input Jitter      (TIJ):    0.000ns
    Discrete Jitter          (DJ):    0.000ns
    Phase Error              (PE):    0.000ns

    Location             Delay type                Incr(ns)  Path(ns)    Netlist Resource(s)
  -------------------------------------------------------------------    -------------------
                         (clock clk_placeholder rise edge)
                                                      0.000     0.000 r  
                                                      0.000     0.000 r  clk_i (IN)
                         net (fo=2206, unset)         0.030     0.030    u_txn/clk_i
                         FDRE                                         r  u_txn/rdata_r_reg[5]/C
  -------------------------------------------------------------------    -------------------
                         FDRE (Prop_FDRE_C_Q)         0.077     0.107 f  u_txn/rdata_r_reg[5]/Q
                         net (fo=10, unplaced)        0.170     0.277    u_bar/rsp_rdata_i[5]
                         LUT1 (Prop_LUT1_I0_O)        0.037     0.314 r  u_bar/size_r[11]_i_9/O
                         net (fo=1, unplaced)         0.023     0.337    u_bar/size_r[11]_i_9_n_0
                         CARRY8 (Prop_CARRY8_S[1]_CO[7])
                                                      0.197     0.534 f  u_bar/size_r_reg[11]_i_2/CO[7]
                         net (fo=1, unplaced)         0.005     0.539    u_bar/size_r_reg[11]_i_2_n_0
                         CARRY8 (Prop_CARRY8_CI_CO[7])
                                                      0.022     0.561 f  u_bar/size_r_reg[19]_i_2/CO[7]
                         net (fo=1, unplaced)         0.005     0.566    u_bar/size_r_reg[19]_i_2_n_0
                         CARRY8 (Prop_CARRY8_CI_CO[7])
                                                      0.022     0.588 f  u_bar/size_r_reg[27]_i_2/CO[7]
                         net (fo=1, unplaced)         0.005     0.593    u_bar/size_r_reg[27]_i_2_n_0
                         CARRY8 (Prop_CARRY8_CI_O[1])
                                                      0.076     0.669 r  u_bar/size_r_reg[31]_i_2/O[1]
                         net (fo=10, unplaced)        0.217     0.886    u_bar/size32[29]
                         LUT3 (Prop_LUT3_I2_O)        0.070     0.956 r  u_bar/addr_r[36]_i_10/O
                         net (fo=1, unplaced)         0.260     1.216    u_bar/addr_r[36]_i_10_n_0
                         CARRY8 (Prop_CARRY8_DI[0]_CO[7])
                                                      0.140     1.356 r  u_bar/addr_r_reg[36]_i_2/CO[7]
                         net (fo=1, unplaced)         0.005     1.361    u_bar/addr_r_reg[36]_i_2_n_0
                         CARRY8 (Prop_CARRY8_CI_O[4])
                                                      0.086     1.447 r  u_bar/addr_r_reg[44]_i_2/O[4]
                         net (fo=4, unplaced)         0.196     1.643    u_bar/align_mask65[41]
                         LUT2 (Prop_LUT2_I1_O)        0.037     1.680 r  u_bar/addr_r[43]_i_5/O
                         net (fo=1, unplaced)         0.029     1.709    u_bar/addr_r[43]_i_5_n_0
                         CARRY8 (Prop_CARRY8_S[5]_CO[7])
                                                      0.166     1.875 f  u_bar/addr_r_reg[43]_i_2/CO[7]
                         net (fo=1, unplaced)         0.005     1.880    u_bar/addr_r_reg[43]_i_2_n_0
                         CARRY8 (Prop_CARRY8_CI_O[0])
                                                      0.056     1.936 f  u_bar/addr_r_reg[51]_i_2/O[0]
                         net (fo=3, unplaced)         0.192     2.128    u_bar/addr_r_reg[51]_i_2_n_15
                         LUT2 (Prop_LUT2_I0_O)        0.070     2.198 f  u_bar/error_code_r[3]_i_273/O
                         net (fo=1, unplaced)         0.260     2.458    u_bar/error_code_r[3]_i_273_n_0
                         CARRY8 (Prop_CARRY8_DI[0]_CO[7])
                                                      0.140     2.598 f  u_bar/error_code_r_reg[3]_i_157/CO[7]
                         net (fo=1, unplaced)         0.005     2.603    u_bar/error_code_r_reg[3]_i_157_n_0
                         CARRY8 (Prop_CARRY8_CI_O[1])
                                                      0.076     2.679 r  u_bar/error_code_r_reg[3]_i_79/O[1]
                         net (fo=4, unplaced)         0.196     2.875    u_bar/alloc_end65[53]
                         LUT2 (Prop_LUT2_I1_O)        0.070     2.945 r  u_bar/error_code_r[3]_i_54/O
                         net (fo=1, unplaced)         0.260     3.205    u_bar/error_code_r[3]_i_54_n_0
                         CARRY8 (Prop_CARRY8_DI[0]_CO[6])
                                                      0.186     3.391 r  u_bar/error_code_r_reg[3]_i_10/CO[6]
                         net (fo=5, unplaced)         0.156     3.547    u_bar/window_bad
                         LUT3 (Prop_LUT3_I2_O)        0.070     3.617 r  u_bar/error_code_r[3]_i_4/O
                         net (fo=7, unplaced)         0.211     3.828    u_bar/error_code_r[3]_i_4_n_0
                         LUT6 (Prop_LUT6_I3_O)        0.038     3.866 r  u_bar/error_code_r[3]_i_7/O
                         net (fo=1, unplaced)         0.186     4.052    u_bar/error_code_r[3]_i_7_n_0
                         LUT6 (Prop_LUT6_I5_O)        0.038     4.090 r  u_bar/error_code_r[3]_i_1/O
                         net (fo=4, unplaced)         0.152     4.242    u_bar/error_code_r[3]_i_1_n_0
                         FDRE                                         r  u_bar/error_code_r_reg[0]/CE
  -------------------------------------------------------------------    -------------------

                         (clock clk_placeholder rise edge)
                                                      4.000     4.000 r  
                                                      0.000     4.000 r  clk_i (IN)
                         net (fo=2206, unset)         0.021     4.021    u_bar/clk_i
                         FDRE                                         r  u_bar/error_code_r_reg[0]/C
                         clock pessimism              0.000     4.021    
                         clock uncertainty           -0.035     3.986    
                         FDRE (Setup_FDRE_C_CE)      -0.061     3.925    u_bar/error_code_r_reg[0]
  -------------------------------------------------------------------
                         required time                          3.925    
                         arrival time                          -4.242    
  -------------------------------------------------------------------
                         slack                                 -0.317    

Slack (VIOLATED) :        -0.317ns  (required time - arrival time)
  Source:                 u_txn/rdata_r_reg[5]/C
                            (rising edge-triggered cell FDRE clocked by clk_placeholder  {rise@0.000ns fall@2.000ns period=4.000ns})
  Destination:            u_bar/error_code_r_reg[0]/CE
                            (rising edge-triggered cell FDRE clocked by clk_placeholder  {rise@0.000ns fall@2.000ns period=4.000ns})
  Path Group:             clk_placeholder
  Path Type:              Setup (Max at Slow Process Corner)
  Requirement:            4.000ns  (clk_placeholder rise@4.000ns - clk_placeholder rise@0.000ns)
  Data Path Delay:        4.212ns  (logic 1.674ns (39.744%)  route 2.538ns (60.256%))
  Logic Levels:           19  (CARRY8=11 LUT1=1 LUT2=3 LUT3=2 LUT6=2)
  Clock Path Skew:        -0.009ns (DCD - SCD + CPR)
    Destination Clock Delay (DCD):    0.021ns = ( 4.021 - 4.000 ) 
    Source Clock Delay      (SCD):    0.030ns
    Clock Pessimism Removal (CPR):    0.000ns
  Clock Uncertainty:      0.035ns  ((TSJ^2 + TIJ^2)^1/2 + DJ) / 2 + PE
    Total System Jitter     (TSJ):    0.071ns
    Total Input Jitter      (TIJ):    0.000ns
    Discrete Jitter          (DJ):    0.000ns
    Phase Error              (PE):    0.000ns

    Location             Delay type                Incr(ns)  Path(ns)    Netlist Resource(s)
  -------------------------------------------------------------------    -------------------
                         (clock clk_placeholder rise edge)
                                                      0.000     0.000 r  
                                                      0.000     0.000 r  clk_i (IN)
                         net (fo=2206, unset)         0.030     0.030    u_txn/clk_i
                         FDRE                                         r  u_txn/rdata_r_reg[5]/C
  -------------------------------------------------------------------    -------------------
                         FDRE (Prop_FDRE_C_Q)         0.077     0.107 r  u_txn/rdata_r_reg[5]/Q
                         net (fo=10, unplaced)        0.170     0.277    u_bar/rsp_rdata_i[5]
                         LUT1 (Prop_LUT1_I0_O)        0.037     0.314 f  u_bar/size_r[11]_i_9/O
                         net (fo=1, unplaced)         0.023     0.337    u_bar/size_r[11]_i_9_n_0
                         CARRY8 (Prop_CARRY8_S[1]_CO[7])
                                                      0.197     0.534 f  u_bar/size_r_reg[11]_i_2/CO[7]
                         net (fo=1, unplaced)         0.005     0.539    u_bar/size_r_reg[11]_i_2_n_0
                         CARRY8 (Prop_CARRY8_CI_CO[7])
                                                      0.022     0.561 f  u_bar/size_r_reg[19]_i_2/CO[7]
                         net (fo=1, unplaced)         0.005     0.566    u_bar/size_r_reg[19]_i_2_n_0
                         CARRY8 (Prop_CARRY8_CI_CO[7])
                                                      0.022     0.588 f  u_bar/size_r_reg[27]_i_2/CO[7]
                         net (fo=1, unplaced)         0.005     0.593    u_bar/size_r_reg[27]_i_2_n_0
                         CARRY8 (Prop_CARRY8_CI_O[1])
                                                      0.076     0.669 r  u_bar/size_r_reg[31]_i_2/O[1]
                         net (fo=10, unplaced)        0.217     0.886    u_bar/size32[29]
                         LUT3 (Prop_LUT3_I2_O)        0.070     0.956 r  u_bar/addr_r[36]_i_10/O
                         net (fo=1, unplaced)         0.260     1.216    u_bar/addr_r[36]_i_10_n_0
                         CARRY8 (Prop_CARRY8_DI[0]_CO[7])
                                                      0.140     1.356 r  u_bar/addr_r_reg[36]_i_2/CO[7]
                         net (fo=1, unplaced)         0.005     1.361    u_bar/addr_r_reg[36]_i_2_n_0
                         CARRY8 (Prop_CARRY8_CI_O[4])
                                                      0.086     1.447 r  u_bar/addr_r_reg[44]_i_2/O[4]
                         net (fo=4, unplaced)         0.196     1.643    u_bar/align_mask65[41]
                         LUT2 (Prop_LUT2_I1_O)        0.037     1.680 r  u_bar/addr_r[43]_i_5/O
                         net (fo=1, unplaced)         0.029     1.709    u_bar/addr_r[43]_i_5_n_0
                         CARRY8 (Prop_CARRY8_S[5]_CO[7])
                                                      0.166     1.875 f  u_bar/addr_r_reg[43]_i_2/CO[7]
                         net (fo=1, unplaced)         0.005     1.880    u_bar/addr_r_reg[43]_i_2_n_0
                         CARRY8 (Prop_CARRY8_CI_O[0])
                                                      0.056     1.936 f  u_bar/addr_r_reg[51]_i_2/O[0]
                         net (fo=3, unplaced)         0.192     2.128    u_bar/addr_r_reg[51]_i_2_n_15
                         LUT2 (Prop_LUT2_I0_O)        0.070     2.198 f  u_bar/error_code_r[3]_i_273/O
                         net (fo=1, unplaced)         0.260     2.458    u_bar/error_code_r[3]_i_273_n_0
                         CARRY8 (Prop_CARRY8_DI[0]_CO[7])
                                                      0.140     2.598 f  u_bar/error_code_r_reg[3]_i_157/CO[7]
                         net (fo=1, unplaced)         0.005     2.603    u_bar/error_code_r_reg[3]_i_157_n_0
                         CARRY8 (Prop_CARRY8_CI_O[1])
                                                      0.076     2.679 r  u_bar/error_code_r_reg[3]_i_79/O[1]
                         net (fo=4, unplaced)         0.196     2.875    u_bar/alloc_end65[53]
                         LUT2 (Prop_LUT2_I1_O)        0.070     2.945 r  u_bar/error_code_r[3]_i_54/O
                         net (fo=1, unplaced)         0.260     3.205    u_bar/error_code_r[3]_i_54_n_0
                         CARRY8 (Prop_CARRY8_DI[0]_CO[6])
                                                      0.186     3.391 r  u_bar/error_code_r_reg[3]_i_10/CO[6]
                         net (fo=5, unplaced)         0.156     3.547    u_bar/window_bad
                         LUT3 (Prop_LUT3_I2_O)        0.070     3.617 r  u_bar/error_code_r[3]_i_4/O
                         net (fo=7, unplaced)         0.211     3.828    u_bar/error_code_r[3]_i_4_n_0
                         LUT6 (Prop_LUT6_I3_O)        0.038     3.866 r  u_bar/error_code_r[3]_i_7/O
                         net (fo=1, unplaced)         0.186     4.052    u_bar/error_code_r[3]_i_7_n_0
                         LUT6 (Prop_LUT6_I5_O)        0.038     4.090 r  u_bar/error_code_r[3]_i_1/O
                         net (fo=4, unplaced)         0.152     4.242    u_bar/error_code_r[3]_i_1_n_0
                         FDRE                                         r  u_bar/error_code_r_reg[0]/CE
  -------------------------------------------------------------------    -------------------

                         (clock clk_placeholder rise edge)
                                                      4.000     4.000 r  
                                                      0.000     4.000 r  clk_i (IN)
                         net (fo=2206, unset)         0.021     4.021    u_bar/clk_i
                         FDRE                                         r  u_bar/error_code_r_reg[0]/C
                         clock pessimism              0.000     4.021    
                         clock uncertainty           -0.035     3.986    
                         FDRE (Setup_FDRE_C_CE)      -0.061     3.925    u_bar/error_code_r_reg[0]
  -------------------------------------------------------------------
                         required time                          3.925    
                         arrival time                          -4.242    
  -------------------------------------------------------------------
                         slack                                 -0.317    




