Copyright 1986-2022 Xilinx, Inc. All Rights Reserved. Copyright 2022-2023 Advanced Micro Devices, Inc. All Rights Reserved.
-----------------------------------------------------------------------------------------------------------------------------------------------------------
| Tool Version      : Vivado v.2023.2 (lin64) Build 4029153 Fri Oct 13 20:13:54 MDT 2023
| Date              : Fri Aug  7 06:56:14 2026
| Host              : vlsi031.ee.washington.edu running 64-bit CentOS Linux release 7.9.2009 (Core)
| Command           : report_timing -delay_type max -max_paths 20 -nworst 20 -sort_by slack -file /home/kourosh/synth_s1/pcie_rq_rc_top/timing_worst20.rpt
| Design            : pcie_rq_rc_top
| Device            : xczu7ev-ffvc1156
| Speed File        : -2  PRODUCTION 1.30 05-15-2022
| Design State      : Synthesized
| Temperature Grade : E
-----------------------------------------------------------------------------------------------------------------------------------------------------------

Timing Report

Slack (VIOLATED) :        -1.055ns  (required time - arrival time)
  Source:                 u_tlp_layer/parser_inst/header_r_reg[requester_id][3]/C
                            (rising edge-triggered cell FDRE clocked by clk_placeholder  {rise@0.000ns fall@2.000ns period=4.000ns})
  Destination:            u_tlp_layer/tracker_inst/remaining_r_reg[5][0]/CE
                            (rising edge-triggered cell FDRE clocked by clk_placeholder  {rise@0.000ns fall@2.000ns period=4.000ns})
  Path Group:             clk_placeholder
  Path Type:              Setup (Max at Slow Process Corner)
  Requirement:            4.000ns  (clk_placeholder rise@4.000ns - clk_placeholder rise@0.000ns)
  Data Path Delay:        4.950ns  (logic 1.479ns (29.879%)  route 3.471ns (70.121%))
  Logic Levels:           17  (CARRY8=1 LUT2=2 LUT4=5 LUT5=1 LUT6=8)
  Clock Path Skew:        -0.009ns (DCD - SCD + CPR)
    Destination Clock Delay (DCD):    0.021ns = ( 4.021 - 4.000 ) 
    Source Clock Delay      (SCD):    0.030ns
    Clock Pessimism Removal (CPR):    0.000ns
  Clock Uncertainty:      0.035ns  ((TSJ^2 + TIJ^2)^1/2 + DJ) / 2 + PE
    Total System Jitter     (TSJ):    0.071ns
    Total Input Jitter      (TIJ):    0.000ns
    Discrete Jitter          (DJ):    0.000ns
    Phase Error              (PE):    0.000ns

    Location             Delay type                Incr(ns)  Path(ns)    Netlist Resource(s)
  -------------------------------------------------------------------    -------------------
                         (clock clk_placeholder rise edge)
                                                      0.000     0.000 r  
                                                      0.000     0.000 r  clk_i (IN)
                         net (fo=157419, unset)       0.030     0.030    u_tlp_layer/parser_inst/clk_i
                         FDRE                                         r  u_tlp_layer/parser_inst/header_r_reg[requester_id][3]/C
  -------------------------------------------------------------------    -------------------
                         FDRE (Prop_FDRE_C_Q)         0.077     0.107 r  u_tlp_layer/parser_inst/header_r_reg[requester_id][3]/Q
                         net (fo=56, unplaced)        0.226     0.333    u_tlp_layer/tracker_inst/completion_header_i[requester_id][3]
                         LUT6 (Prop_LUT6_I0_O)        0.150     0.483 r  u_tlp_layer/tracker_inst/zombie_r[11]_i_9/O
                         net (fo=1, unplaced)         0.186     0.669    u_tlp_layer/tracker_inst/zombie_r[11]_i_9_n_0
                         LUT6 (Prop_LUT6_I5_O)        0.038     0.707 f  u_tlp_layer/tracker_inst/zombie_r[11]_i_4/O
                         net (fo=1, unplaced)         0.141     0.848    u_tlp_layer/tracker_inst/zombie_r[11]_i_4_n_0
                         LUT4 (Prop_LUT4_I0_O)        0.100     0.948 f  u_tlp_layer/tracker_inst/zombie_r[11]_i_3/O
                         net (fo=26, unplaced)        0.241     1.189    u_tlp_layer/tracker_inst/zombie_r[11]_i_3_n_0
                         LUT4 (Prop_LUT4_I3_O)        0.070     1.259 f  u_tlp_layer/tracker_inst/remaining_r[0][9]_i_6/O
                         net (fo=1, unplaced)         0.098     1.357    u_tlp_layer/tracker_inst/remaining_r[0][9]_i_6_n_0
                         LUT6 (Prop_LUT6_I0_O)        0.125     1.482 f  u_tlp_layer/tracker_inst/remaining_r[0][9]_i_4/O
                         net (fo=25, unplaced)        0.194     1.676    u_tlp_layer/tracker_inst/remaining_r[0][9]_i_4_n_0
                         LUT6 (Prop_LUT6_I0_O)        0.090     1.766 f  u_tlp_layer/tracker_inst/remaining_r[4][12]_i_7/O
                         net (fo=178, unplaced)       0.285     2.051    u_tlp_layer/tracker_inst/remaining_r[4][12]_i_7_n_0
                         LUT4 (Prop_LUT4_I2_O)        0.038     2.089 f  u_tlp_layer/tracker_inst/remaining_r[0][7]_i_167/O
                         net (fo=1, unplaced)         0.105     2.194    u_tlp_layer/tracker_inst/remaining_r[0][7]_i_167_n_0
                         LUT6 (Prop_LUT6_I0_O)        0.150     2.344 r  u_tlp_layer/tracker_inst/remaining_r[0][7]_i_63/O
                         net (fo=1, unplaced)         0.098     2.442    u_tlp_layer/tracker_inst/remaining_r[0][7]_i_63_n_0
                         LUT6 (Prop_LUT6_I1_O)        0.125     2.567 r  u_tlp_layer/tracker_inst/remaining_r[0][7]_i_11/O
                         net (fo=8, unplaced)         0.214     2.781    u_tlp_layer/tracker_inst/remaining_r[0]
                         LUT4 (Prop_LUT4_I2_O)        0.070     2.851 f  u_tlp_layer/tracker_inst/result_valid_r_i_53/O
                         net (fo=1, unplaced)         0.260     3.111    u_tlp_layer/tracker_inst/result_valid_r_i_53_n_0
                         CARRY8 (Prop_CARRY8_DI[0]_CO[6])
                                                      0.186     3.297 f  u_tlp_layer/tracker_inst/result_valid_r_reg_i_32/CO[6]
                         net (fo=1, unplaced)         0.138     3.435    u_tlp_layer/tracker_inst/active_r6
                         LUT6 (Prop_LUT6_I2_O)        0.038     3.473 f  u_tlp_layer/tracker_inst/result_valid_r_i_16/O
                         net (fo=1, unplaced)         0.186     3.659    u_tlp_layer/tracker_inst/result_valid_r_i_16_n_0
                         LUT4 (Prop_LUT4_I1_O)        0.038     3.697 f  u_tlp_layer/tracker_inst/result_valid_r_i_7/O
                         net (fo=2, unplaced)         0.186     3.883    u_tlp_layer/tracker_inst/result_valid_r_i_7_n_0
                         LUT6 (Prop_LUT6_I2_O)        0.038     3.921 r  u_tlp_layer/tracker_inst/unexpected_r_i_3/O
                         net (fo=50, unplaced)        0.256     4.177    u_tlp_layer/tracker_inst/unexpected_r_i_3_n_0
                         LUT5 (Prop_LUT5_I3_O)        0.038     4.215 f  u_tlp_layer/tracker_inst/remaining_r[1][6]_i_3/O
                         net (fo=110, unplaced)       0.274     4.489    u_tlp_layer/tracker_inst/remaining_r[1][6]_i_3_n_0
                         LUT2 (Prop_LUT2_I1_O)        0.070     4.559 r  u_tlp_layer/tracker_inst/remaining_r[5][12]_i_3/O
                         net (fo=5, unplaced)         0.204     4.763    u_tlp_layer/tracker_inst/remaining_r[5][12]_i_3_n_0
                         LUT2 (Prop_LUT2_I0_O)        0.038     4.801 r  u_tlp_layer/tracker_inst/remaining_r[5][12]_i_1/O
                         net (fo=13, unplaced)        0.179     4.980    u_tlp_layer/tracker_inst/remaining_r[5][12]_i_1_n_0
                         FDRE                                         r  u_tlp_layer/tracker_inst/remaining_r_reg[5][0]/CE
  -------------------------------------------------------------------    -------------------

                         (clock clk_placeholder rise edge)
                                                      4.000     4.000 r  
                                                      0.000     4.000 r  clk_i (IN)
                         net (fo=157419, unset)       0.021     4.021    u_tlp_layer/tracker_inst/clk_i
                         FDRE                                         r  u_tlp_layer/tracker_inst/remaining_r_reg[5][0]/C
                         clock pessimism              0.000     4.021    
                         clock uncertainty           -0.035     3.986    
                         FDRE (Setup_FDRE_C_CE)      -0.061     3.925    u_tlp_layer/tracker_inst/remaining_r_reg[5][0]
  -------------------------------------------------------------------
                         required time                          3.925    
                         arrival time                          -4.980    
  -------------------------------------------------------------------
                         slack                                 -1.055    

Slack (VIOLATED) :        -1.055ns  (required time - arrival time)
  Source:                 u_tlp_layer/parser_inst/header_r_reg[requester_id][3]/C
                            (rising edge-triggered cell FDRE clocked by clk_placeholder  {rise@0.000ns fall@2.000ns period=4.000ns})
  Destination:            u_tlp_layer/tracker_inst/remaining_r_reg[5][0]/CE
                            (rising edge-triggered cell FDRE clocked by clk_placeholder  {rise@0.000ns fall@2.000ns period=4.000ns})
  Path Group:             clk_placeholder
  Path Type:              Setup (Max at Slow Process Corner)
  Requirement:            4.000ns  (clk_placeholder rise@4.000ns - clk_placeholder rise@0.000ns)
  Data Path Delay:        4.950ns  (logic 1.479ns (29.879%)  route 3.471ns (70.121%))
  Logic Levels:           17  (CARRY8=1 LUT2=2 LUT4=5 LUT5=1 LUT6=8)
  Clock Path Skew:        -0.009ns (DCD - SCD + CPR)
    Destination Clock Delay (DCD):    0.021ns = ( 4.021 - 4.000 ) 
    Source Clock Delay      (SCD):    0.030ns
    Clock Pessimism Removal (CPR):    0.000ns
  Clock Uncertainty:      0.035ns  ((TSJ^2 + TIJ^2)^1/2 + DJ) / 2 + PE
    Total System Jitter     (TSJ):    0.071ns
    Total Input Jitter      (TIJ):    0.000ns
    Discrete Jitter          (DJ):    0.000ns
    Phase Error              (PE):    0.000ns

    Location             Delay type                Incr(ns)  Path(ns)    Netlist Resource(s)
  -------------------------------------------------------------------    -------------------
                         (clock clk_placeholder rise edge)
                                                      0.000     0.000 r  
                                                      0.000     0.000 r  clk_i (IN)
                         net (fo=157419, unset)       0.030     0.030    u_tlp_layer/parser_inst/clk_i
                         FDRE                                         r  u_tlp_layer/parser_inst/header_r_reg[requester_id][3]/C
  -------------------------------------------------------------------    -------------------
                         FDRE (Prop_FDRE_C_Q)         0.077     0.107 f  u_tlp_layer/parser_inst/header_r_reg[requester_id][3]/Q
                         net (fo=56, unplaced)        0.226     0.333    u_tlp_layer/tracker_inst/completion_header_i[requester_id][3]
                         LUT6 (Prop_LUT6_I0_O)        0.150     0.483 f  u_tlp_layer/tracker_inst/zombie_r[11]_i_9/O
                         net (fo=1, unplaced)         0.186     0.669    u_tlp_layer/tracker_inst/zombie_r[11]_i_9_n_0
                         LUT6 (Prop_LUT6_I5_O)        0.038     0.707 r  u_tlp_layer/tracker_inst/zombie_r[11]_i_4/O
                         net (fo=1, unplaced)         0.141     0.848    u_tlp_layer/tracker_inst/zombie_r[11]_i_4_n_0
                         LUT4 (Prop_LUT4_I0_O)        0.100     0.948 r  u_tlp_layer/tracker_inst/zombie_r[11]_i_3/O
                         net (fo=26, unplaced)        0.241     1.189    u_tlp_layer/tracker_inst/zombie_r[11]_i_3_n_0
                         LUT4 (Prop_LUT4_I3_O)        0.070     1.259 r  u_tlp_layer/tracker_inst/remaining_r[0][9]_i_6/O
                         net (fo=1, unplaced)         0.098     1.357    u_tlp_layer/tracker_inst/remaining_r[0][9]_i_6_n_0
                         LUT6 (Prop_LUT6_I0_O)        0.125     1.482 r  u_tlp_layer/tracker_inst/remaining_r[0][9]_i_4/O
                         net (fo=25, unplaced)        0.194     1.676    u_tlp_layer/tracker_inst/remaining_r[0][9]_i_4_n_0
                         LUT6 (Prop_LUT6_I0_O)        0.090     1.766 r  u_tlp_layer/tracker_inst/remaining_r[4][12]_i_7/O
                         net (fo=178, unplaced)       0.285     2.051    u_tlp_layer/tracker_inst/remaining_r[4][12]_i_7_n_0
                         LUT4 (Prop_LUT4_I2_O)        0.038     2.089 r  u_tlp_layer/tracker_inst/remaining_r[0][7]_i_167/O
                         net (fo=1, unplaced)         0.105     2.194    u_tlp_layer/tracker_inst/remaining_r[0][7]_i_167_n_0
                         LUT6 (Prop_LUT6_I0_O)        0.150     2.344 f  u_tlp_layer/tracker_inst/remaining_r[0][7]_i_63/O
                         net (fo=1, unplaced)         0.098     2.442    u_tlp_layer/tracker_inst/remaining_r[0][7]_i_63_n_0
                         LUT6 (Prop_LUT6_I1_O)        0.125     2.567 f  u_tlp_layer/tracker_inst/remaining_r[0][7]_i_11/O
                         net (fo=8, unplaced)         0.214     2.781    u_tlp_layer/tracker_inst/remaining_r[0]
                         LUT4 (Prop_LUT4_I2_O)        0.070     2.851 r  u_tlp_layer/tracker_inst/result_valid_r_i_53/O
                         net (fo=1, unplaced)         0.260     3.111    u_tlp_layer/tracker_inst/result_valid_r_i_53_n_0
                         CARRY8 (Prop_CARRY8_DI[0]_CO[6])
                                                      0.186     3.297 r  u_tlp_layer/tracker_inst/result_valid_r_reg_i_32/CO[6]
                         net (fo=1, unplaced)         0.138     3.435    u_tlp_layer/tracker_inst/active_r6
                         LUT6 (Prop_LUT6_I2_O)        0.038     3.473 r  u_tlp_layer/tracker_inst/result_valid_r_i_16/O
                         net (fo=1, unplaced)         0.186     3.659    u_tlp_layer/tracker_inst/result_valid_r_i_16_n_0
                         LUT4 (Prop_LUT4_I1_O)        0.038     3.697 r  u_tlp_layer/tracker_inst/result_valid_r_i_7/O
                         net (fo=2, unplaced)         0.186     3.883    u_tlp_layer/tracker_inst/result_valid_r_i_7_n_0
                         LUT6 (Prop_LUT6_I2_O)        0.038     3.921 f  u_tlp_layer/tracker_inst/unexpected_r_i_3/O
                         net (fo=50, unplaced)        0.256     4.177    u_tlp_layer/tracker_inst/unexpected_r_i_3_n_0
                         LUT5 (Prop_LUT5_I3_O)        0.038     4.215 r  u_tlp_layer/tracker_inst/remaining_r[1][6]_i_3/O
                         net (fo=110, unplaced)       0.274     4.489    u_tlp_layer/tracker_inst/remaining_r[1][6]_i_3_n_0
                         LUT2 (Prop_LUT2_I1_O)        0.070     4.559 f  u_tlp_layer/tracker_inst/remaining_r[5][12]_i_3/O
                         net (fo=5, unplaced)         0.204     4.763    u_tlp_layer/tracker_inst/remaining_r[5][12]_i_3_n_0
                         LUT2 (Prop_LUT2_I0_O)        0.038     4.801 f  u_tlp_layer/tracker_inst/remaining_r[5][12]_i_1/O
                         net (fo=13, unplaced)        0.179     4.980    u_tlp_layer/tracker_inst/remaining_r[5][12]_i_1_n_0
                         FDRE                                         f  u_tlp_layer/tracker_inst/remaining_r_reg[5][0]/CE
  -------------------------------------------------------------------    -------------------

                         (clock clk_placeholder rise edge)
                                                      4.000     4.000 r  
                                                      0.000     4.000 r  clk_i (IN)
                         net (fo=157419, unset)       0.021     4.021    u_tlp_layer/tracker_inst/clk_i
                         FDRE                                         r  u_tlp_layer/tracker_inst/remaining_r_reg[5][0]/C
                         clock pessimism              0.000     4.021    
                         clock uncertainty           -0.035     3.986    
                         FDRE (Setup_FDRE_C_CE)      -0.061     3.925    u_tlp_layer/tracker_inst/remaining_r_reg[5][0]
  -------------------------------------------------------------------
                         required time                          3.925    
                         arrival time                          -4.980    
  -------------------------------------------------------------------
                         slack                                 -1.055    

Slack (VIOLATED) :        -1.055ns  (required time - arrival time)
  Source:                 u_tlp_layer/parser_inst/header_r_reg[requester_id][3]/C
                            (rising edge-triggered cell FDRE clocked by clk_placeholder  {rise@0.000ns fall@2.000ns period=4.000ns})
  Destination:            u_tlp_layer/tracker_inst/remaining_r_reg[5][10]/CE
                            (rising edge-triggered cell FDRE clocked by clk_placeholder  {rise@0.000ns fall@2.000ns period=4.000ns})
  Path Group:             clk_placeholder
  Path Type:              Setup (Max at Slow Process Corner)
  Requirement:            4.000ns  (clk_placeholder rise@4.000ns - clk_placeholder rise@0.000ns)
  Data Path Delay:        4.950ns  (logic 1.479ns (29.879%)  route 3.471ns (70.121%))
  Logic Levels:           17  (CARRY8=1 LUT2=2 LUT4=5 LUT5=1 LUT6=8)
  Clock Path Skew:        -0.009ns (DCD - SCD + CPR)
    Destination Clock Delay (DCD):    0.021ns = ( 4.021 - 4.000 ) 
    Source Clock Delay      (SCD):    0.030ns
    Clock Pessimism Removal (CPR):    0.000ns
  Clock Uncertainty:      0.035ns  ((TSJ^2 + TIJ^2)^1/2 + DJ) / 2 + PE
    Total System Jitter     (TSJ):    0.071ns
    Total Input Jitter      (TIJ):    0.000ns
    Discrete Jitter          (DJ):    0.000ns
    Phase Error              (PE):    0.000ns

    Location             Delay type                Incr(ns)  Path(ns)    Netlist Resource(s)
  -------------------------------------------------------------------    -------------------
                         (clock clk_placeholder rise edge)
                                                      0.000     0.000 r  
                                                      0.000     0.000 r  clk_i (IN)
                         net (fo=157419, unset)       0.030     0.030    u_tlp_layer/parser_inst/clk_i
                         FDRE                                         r  u_tlp_layer/parser_inst/header_r_reg[requester_id][3]/C
  -------------------------------------------------------------------    -------------------
                         FDRE (Prop_FDRE_C_Q)         0.077     0.107 r  u_tlp_layer/parser_inst/header_r_reg[requester_id][3]/Q
                         net (fo=56, unplaced)        0.226     0.333    u_tlp_layer/tracker_inst/completion_header_i[requester_id][3]
                         LUT6 (Prop_LUT6_I0_O)        0.150     0.483 r  u_tlp_layer/tracker_inst/zombie_r[11]_i_9/O
                         net (fo=1, unplaced)         0.186     0.669    u_tlp_layer/tracker_inst/zombie_r[11]_i_9_n_0
                         LUT6 (Prop_LUT6_I5_O)        0.038     0.707 f  u_tlp_layer/tracker_inst/zombie_r[11]_i_4/O
                         net (fo=1, unplaced)         0.141     0.848    u_tlp_layer/tracker_inst/zombie_r[11]_i_4_n_0
                         LUT4 (Prop_LUT4_I0_O)        0.100     0.948 f  u_tlp_layer/tracker_inst/zombie_r[11]_i_3/O
                         net (fo=26, unplaced)        0.241     1.189    u_tlp_layer/tracker_inst/zombie_r[11]_i_3_n_0
                         LUT4 (Prop_LUT4_I3_O)        0.070     1.259 f  u_tlp_layer/tracker_inst/remaining_r[0][9]_i_6/O
                         net (fo=1, unplaced)         0.098     1.357    u_tlp_layer/tracker_inst/remaining_r[0][9]_i_6_n_0
                         LUT6 (Prop_LUT6_I0_O)        0.125     1.482 f  u_tlp_layer/tracker_inst/remaining_r[0][9]_i_4/O
                         net (fo=25, unplaced)        0.194     1.676    u_tlp_layer/tracker_inst/remaining_r[0][9]_i_4_n_0
                         LUT6 (Prop_LUT6_I0_O)        0.090     1.766 f  u_tlp_layer/tracker_inst/remaining_r[4][12]_i_7/O
                         net (fo=178, unplaced)       0.285     2.051    u_tlp_layer/tracker_inst/remaining_r[4][12]_i_7_n_0
                         LUT4 (Prop_LUT4_I2_O)        0.038     2.089 f  u_tlp_layer/tracker_inst/remaining_r[0][7]_i_167/O
                         net (fo=1, unplaced)         0.105     2.194    u_tlp_layer/tracker_inst/remaining_r[0][7]_i_167_n_0
                         LUT6 (Prop_LUT6_I0_O)        0.150     2.344 r  u_tlp_layer/tracker_inst/remaining_r[0][7]_i_63/O
                         net (fo=1, unplaced)         0.098     2.442    u_tlp_layer/tracker_inst/remaining_r[0][7]_i_63_n_0
                         LUT6 (Prop_LUT6_I1_O)        0.125     2.567 r  u_tlp_layer/tracker_inst/remaining_r[0][7]_i_11/O
                         net (fo=8, unplaced)         0.214     2.781    u_tlp_layer/tracker_inst/remaining_r[0]
                         LUT4 (Prop_LUT4_I2_O)        0.070     2.851 f  u_tlp_layer/tracker_inst/result_valid_r_i_53/O
                         net (fo=1, unplaced)         0.260     3.111    u_tlp_layer/tracker_inst/result_valid_r_i_53_n_0
                         CARRY8 (Prop_CARRY8_DI[0]_CO[6])
                                                      0.186     3.297 f  u_tlp_layer/tracker_inst/result_valid_r_reg_i_32/CO[6]
                         net (fo=1, unplaced)         0.138     3.435    u_tlp_layer/tracker_inst/active_r6
                         LUT6 (Prop_LUT6_I2_O)        0.038     3.473 f  u_tlp_layer/tracker_inst/result_valid_r_i_16/O
                         net (fo=1, unplaced)         0.186     3.659    u_tlp_layer/tracker_inst/result_valid_r_i_16_n_0
                         LUT4 (Prop_LUT4_I1_O)        0.038     3.697 f  u_tlp_layer/tracker_inst/result_valid_r_i_7/O
                         net (fo=2, unplaced)         0.186     3.883    u_tlp_layer/tracker_inst/result_valid_r_i_7_n_0
                         LUT6 (Prop_LUT6_I2_O)        0.038     3.921 r  u_tlp_layer/tracker_inst/unexpected_r_i_3/O
                         net (fo=50, unplaced)        0.256     4.177    u_tlp_layer/tracker_inst/unexpected_r_i_3_n_0
                         LUT5 (Prop_LUT5_I3_O)        0.038     4.215 f  u_tlp_layer/tracker_inst/remaining_r[1][6]_i_3/O
                         net (fo=110, unplaced)       0.274     4.489    u_tlp_layer/tracker_inst/remaining_r[1][6]_i_3_n_0
                         LUT2 (Prop_LUT2_I1_O)        0.070     4.559 r  u_tlp_layer/tracker_inst/remaining_r[5][12]_i_3/O
                         net (fo=5, unplaced)         0.204     4.763    u_tlp_layer/tracker_inst/remaining_r[5][12]_i_3_n_0
                         LUT2 (Prop_LUT2_I0_O)        0.038     4.801 r  u_tlp_layer/tracker_inst/remaining_r[5][12]_i_1/O
                         net (fo=13, unplaced)        0.179     4.980    u_tlp_layer/tracker_inst/remaining_r[5][12]_i_1_n_0
                         FDRE                                         r  u_tlp_layer/tracker_inst/remaining_r_reg[5][10]/CE
  -------------------------------------------------------------------    -------------------

                         (clock clk_placeholder rise edge)
                                                      4.000     4.000 r  
                                                      0.000     4.000 r  clk_i (IN)
                         net (fo=157419, unset)       0.021     4.021    u_tlp_layer/tracker_inst/clk_i
                         FDRE                                         r  u_tlp_layer/tracker_inst/remaining_r_reg[5][10]/C
                         clock pessimism              0.000     4.021    
                         clock uncertainty           -0.035     3.986    
                         FDRE (Setup_FDRE_C_CE)      -0.061     3.925    u_tlp_layer/tracker_inst/remaining_r_reg[5][10]
  -------------------------------------------------------------------
                         required time                          3.925    
                         arrival time                          -4.980    
  -------------------------------------------------------------------
                         slack                                 -1.055    

Slack (VIOLATED) :        -1.055ns  (required time - arrival time)
  Source:                 u_tlp_layer/parser_inst/header_r_reg[requester_id][3]/C
                            (rising edge-triggered cell FDRE clocked by clk_placeholder  {rise@0.000ns fall@2.000ns period=4.000ns})
  Destination:            u_tlp_layer/tracker_inst/remaining_r_reg[5][10]/CE
                            (rising edge-triggered cell FDRE clocked by clk_placeholder  {rise@0.000ns fall@2.000ns period=4.000ns})
  Path Group:             clk_placeholder
  Path Type:              Setup (Max at Slow Process Corner)
  Requirement:            4.000ns  (clk_placeholder rise@4.000ns - clk_placeholder rise@0.000ns)
  Data Path Delay:        4.950ns  (logic 1.479ns (29.879%)  route 3.471ns (70.121%))
  Logic Levels:           17  (CARRY8=1 LUT2=2 LUT4=5 LUT5=1 LUT6=8)
  Clock Path Skew:        -0.009ns (DCD - SCD + CPR)
    Destination Clock Delay (DCD):    0.021ns = ( 4.021 - 4.000 ) 
    Source Clock Delay      (SCD):    0.030ns
    Clock Pessimism Removal (CPR):    0.000ns
  Clock Uncertainty:      0.035ns  ((TSJ^2 + TIJ^2)^1/2 + DJ) / 2 + PE
    Total System Jitter     (TSJ):    0.071ns
    Total Input Jitter      (TIJ):    0.000ns
    Discrete Jitter          (DJ):    0.000ns
    Phase Error              (PE):    0.000ns

    Location             Delay type                Incr(ns)  Path(ns)    Netlist Resource(s)
  -------------------------------------------------------------------    -------------------
                         (clock clk_placeholder rise edge)
                                                      0.000     0.000 r  
                                                      0.000     0.000 r  clk_i (IN)
                         net (fo=157419, unset)       0.030     0.030    u_tlp_layer/parser_inst/clk_i
                         FDRE                                         r  u_tlp_layer/parser_inst/header_r_reg[requester_id][3]/C
  -------------------------------------------------------------------    -------------------
                         FDRE (Prop_FDRE_C_Q)         0.077     0.107 f  u_tlp_layer/parser_inst/header_r_reg[requester_id][3]/Q
                         net (fo=56, unplaced)        0.226     0.333    u_tlp_layer/tracker_inst/completion_header_i[requester_id][3]
                         LUT6 (Prop_LUT6_I0_O)        0.150     0.483 f  u_tlp_layer/tracker_inst/zombie_r[11]_i_9/O
                         net (fo=1, unplaced)         0.186     0.669    u_tlp_layer/tracker_inst/zombie_r[11]_i_9_n_0
                         LUT6 (Prop_LUT6_I5_O)        0.038     0.707 r  u_tlp_layer/tracker_inst/zombie_r[11]_i_4/O
                         net (fo=1, unplaced)         0.141     0.848    u_tlp_layer/tracker_inst/zombie_r[11]_i_4_n_0
                         LUT4 (Prop_LUT4_I0_O)        0.100     0.948 r  u_tlp_layer/tracker_inst/zombie_r[11]_i_3/O
                         net (fo=26, unplaced)        0.241     1.189    u_tlp_layer/tracker_inst/zombie_r[11]_i_3_n_0
                         LUT4 (Prop_LUT4_I3_O)        0.070     1.259 r  u_tlp_layer/tracker_inst/remaining_r[0][9]_i_6/O
                         net (fo=1, unplaced)         0.098     1.357    u_tlp_layer/tracker_inst/remaining_r[0][9]_i_6_n_0
                         LUT6 (Prop_LUT6_I0_O)        0.125     1.482 r  u_tlp_layer/tracker_inst/remaining_r[0][9]_i_4/O
                         net (fo=25, unplaced)        0.194     1.676    u_tlp_layer/tracker_inst/remaining_r[0][9]_i_4_n_0
                         LUT6 (Prop_LUT6_I0_O)        0.090     1.766 r  u_tlp_layer/tracker_inst/remaining_r[4][12]_i_7/O
                         net (fo=178, unplaced)       0.285     2.051    u_tlp_layer/tracker_inst/remaining_r[4][12]_i_7_n_0
                         LUT4 (Prop_LUT4_I2_O)        0.038     2.089 r  u_tlp_layer/tracker_inst/remaining_r[0][7]_i_167/O
                         net (fo=1, unplaced)         0.105     2.194    u_tlp_layer/tracker_inst/remaining_r[0][7]_i_167_n_0
                         LUT6 (Prop_LUT6_I0_O)        0.150     2.344 f  u_tlp_layer/tracker_inst/remaining_r[0][7]_i_63/O
                         net (fo=1, unplaced)         0.098     2.442    u_tlp_layer/tracker_inst/remaining_r[0][7]_i_63_n_0
                         LUT6 (Prop_LUT6_I1_O)        0.125     2.567 f  u_tlp_layer/tracker_inst/remaining_r[0][7]_i_11/O
                         net (fo=8, unplaced)         0.214     2.781    u_tlp_layer/tracker_inst/remaining_r[0]
                         LUT4 (Prop_LUT4_I2_O)        0.070     2.851 r  u_tlp_layer/tracker_inst/result_valid_r_i_53/O
                         net (fo=1, unplaced)         0.260     3.111    u_tlp_layer/tracker_inst/result_valid_r_i_53_n_0
                         CARRY8 (Prop_CARRY8_DI[0]_CO[6])
                                                      0.186     3.297 r  u_tlp_layer/tracker_inst/result_valid_r_reg_i_32/CO[6]
                         net (fo=1, unplaced)         0.138     3.435    u_tlp_layer/tracker_inst/active_r6
                         LUT6 (Prop_LUT6_I2_O)        0.038     3.473 r  u_tlp_layer/tracker_inst/result_valid_r_i_16/O
                         net (fo=1, unplaced)         0.186     3.659    u_tlp_layer/tracker_inst/result_valid_r_i_16_n_0
                         LUT4 (Prop_LUT4_I1_O)        0.038     3.697 r  u_tlp_layer/tracker_inst/result_valid_r_i_7/O
                         net (fo=2, unplaced)         0.186     3.883    u_tlp_layer/tracker_inst/result_valid_r_i_7_n_0
                         LUT6 (Prop_LUT6_I2_O)        0.038     3.921 f  u_tlp_layer/tracker_inst/unexpected_r_i_3/O
                         net (fo=50, unplaced)        0.256     4.177    u_tlp_layer/tracker_inst/unexpected_r_i_3_n_0
                         LUT5 (Prop_LUT5_I3_O)        0.038     4.215 r  u_tlp_layer/tracker_inst/remaining_r[1][6]_i_3/O
                         net (fo=110, unplaced)       0.274     4.489    u_tlp_layer/tracker_inst/remaining_r[1][6]_i_3_n_0
                         LUT2 (Prop_LUT2_I1_O)        0.070     4.559 f  u_tlp_layer/tracker_inst/remaining_r[5][12]_i_3/O
                         net (fo=5, unplaced)         0.204     4.763    u_tlp_layer/tracker_inst/remaining_r[5][12]_i_3_n_0
                         LUT2 (Prop_LUT2_I0_O)        0.038     4.801 f  u_tlp_layer/tracker_inst/remaining_r[5][12]_i_1/O
                         net (fo=13, unplaced)        0.179     4.980    u_tlp_layer/tracker_inst/remaining_r[5][12]_i_1_n_0
                         FDRE                                         f  u_tlp_layer/tracker_inst/remaining_r_reg[5][10]/CE
  -------------------------------------------------------------------    -------------------

                         (clock clk_placeholder rise edge)
                                                      4.000     4.000 r  
                                                      0.000     4.000 r  clk_i (IN)
                         net (fo=157419, unset)       0.021     4.021    u_tlp_layer/tracker_inst/clk_i
                         FDRE                                         r  u_tlp_layer/tracker_inst/remaining_r_reg[5][10]/C
                         clock pessimism              0.000     4.021    
                         clock uncertainty           -0.035     3.986    
                         FDRE (Setup_FDRE_C_CE)      -0.061     3.925    u_tlp_layer/tracker_inst/remaining_r_reg[5][10]
  -------------------------------------------------------------------
                         required time                          3.925    
                         arrival time                          -4.980    
  -------------------------------------------------------------------
                         slack                                 -1.055    

Slack (VIOLATED) :        -1.055ns  (required time - arrival time)
  Source:                 u_tlp_layer/parser_inst/header_r_reg[requester_id][3]/C
                            (rising edge-triggered cell FDRE clocked by clk_placeholder  {rise@0.000ns fall@2.000ns period=4.000ns})
  Destination:            u_tlp_layer/tracker_inst/remaining_r_reg[5][11]/CE
                            (rising edge-triggered cell FDRE clocked by clk_placeholder  {rise@0.000ns fall@2.000ns period=4.000ns})
  Path Group:             clk_placeholder
  Path Type:              Setup (Max at Slow Process Corner)
  Requirement:            4.000ns  (clk_placeholder rise@4.000ns - clk_placeholder rise@0.000ns)
  Data Path Delay:        4.950ns  (logic 1.479ns (29.879%)  route 3.471ns (70.121%))
  Logic Levels:           17  (CARRY8=1 LUT2=2 LUT4=5 LUT5=1 LUT6=8)
  Clock Path Skew:        -0.009ns (DCD - SCD + CPR)
    Destination Clock Delay (DCD):    0.021ns = ( 4.021 - 4.000 ) 
    Source Clock Delay      (SCD):    0.030ns
    Clock Pessimism Removal (CPR):    0.000ns
  Clock Uncertainty:      0.035ns  ((TSJ^2 + TIJ^2)^1/2 + DJ) / 2 + PE
    Total System Jitter     (TSJ):    0.071ns
    Total Input Jitter      (TIJ):    0.000ns
    Discrete Jitter          (DJ):    0.000ns
    Phase Error              (PE):    0.000ns

    Location             Delay type                Incr(ns)  Path(ns)    Netlist Resource(s)
  -------------------------------------------------------------------    -------------------
                         (clock clk_placeholder rise edge)
                                                      0.000     0.000 r  
                                                      0.000     0.000 r  clk_i (IN)
                         net (fo=157419, unset)       0.030     0.030    u_tlp_layer/parser_inst/clk_i
                         FDRE                                         r  u_tlp_layer/parser_inst/header_r_reg[requester_id][3]/C
  -------------------------------------------------------------------    -------------------
                         FDRE (Prop_FDRE_C_Q)         0.077     0.107 r  u_tlp_layer/parser_inst/header_r_reg[requester_id][3]/Q
                         net (fo=56, unplaced)        0.226     0.333    u_tlp_layer/tracker_inst/completion_header_i[requester_id][3]
                         LUT6 (Prop_LUT6_I0_O)        0.150     0.483 r  u_tlp_layer/tracker_inst/zombie_r[11]_i_9/O
                         net (fo=1, unplaced)         0.186     0.669    u_tlp_layer/tracker_inst/zombie_r[11]_i_9_n_0
                         LUT6 (Prop_LUT6_I5_O)        0.038     0.707 f  u_tlp_layer/tracker_inst/zombie_r[11]_i_4/O
                         net (fo=1, unplaced)         0.141     0.848    u_tlp_layer/tracker_inst/zombie_r[11]_i_4_n_0
                         LUT4 (Prop_LUT4_I0_O)        0.100     0.948 f  u_tlp_layer/tracker_inst/zombie_r[11]_i_3/O
                         net (fo=26, unplaced)        0.241     1.189    u_tlp_layer/tracker_inst/zombie_r[11]_i_3_n_0
                         LUT4 (Prop_LUT4_I3_O)        0.070     1.259 f  u_tlp_layer/tracker_inst/remaining_r[0][9]_i_6/O
                         net (fo=1, unplaced)         0.098     1.357    u_tlp_layer/tracker_inst/remaining_r[0][9]_i_6_n_0
                         LUT6 (Prop_LUT6_I0_O)        0.125     1.482 f  u_tlp_layer/tracker_inst/remaining_r[0][9]_i_4/O
                         net (fo=25, unplaced)        0.194     1.676    u_tlp_layer/tracker_inst/remaining_r[0][9]_i_4_n_0
                         LUT6 (Prop_LUT6_I0_O)        0.090     1.766 f  u_tlp_layer/tracker_inst/remaining_r[4][12]_i_7/O
                         net (fo=178, unplaced)       0.285     2.051    u_tlp_layer/tracker_inst/remaining_r[4][12]_i_7_n_0
                         LUT4 (Prop_LUT4_I2_O)        0.038     2.089 f  u_tlp_layer/tracker_inst/remaining_r[0][7]_i_167/O
                         net (fo=1, unplaced)         0.105     2.194    u_tlp_layer/tracker_inst/remaining_r[0][7]_i_167_n_0
                         LUT6 (Prop_LUT6_I0_O)        0.150     2.344 r  u_tlp_layer/tracker_inst/remaining_r[0][7]_i_63/O
                         net (fo=1, unplaced)         0.098     2.442    u_tlp_layer/tracker_inst/remaining_r[0][7]_i_63_n_0
                         LUT6 (Prop_LUT6_I1_O)        0.125     2.567 r  u_tlp_layer/tracker_inst/remaining_r[0][7]_i_11/O
                         net (fo=8, unplaced)         0.214     2.781    u_tlp_layer/tracker_inst/remaining_r[0]
                         LUT4 (Prop_LUT4_I2_O)        0.070     2.851 f  u_tlp_layer/tracker_inst/result_valid_r_i_53/O
                         net (fo=1, unplaced)         0.260     3.111    u_tlp_layer/tracker_inst/result_valid_r_i_53_n_0
                         CARRY8 (Prop_CARRY8_DI[0]_CO[6])
                                                      0.186     3.297 f  u_tlp_layer/tracker_inst/result_valid_r_reg_i_32/CO[6]
                         net (fo=1, unplaced)         0.138     3.435    u_tlp_layer/tracker_inst/active_r6
                         LUT6 (Prop_LUT6_I2_O)        0.038     3.473 f  u_tlp_layer/tracker_inst/result_valid_r_i_16/O
                         net (fo=1, unplaced)         0.186     3.659    u_tlp_layer/tracker_inst/result_valid_r_i_16_n_0
                         LUT4 (Prop_LUT4_I1_O)        0.038     3.697 f  u_tlp_layer/tracker_inst/result_valid_r_i_7/O
                         net (fo=2, unplaced)         0.186     3.883    u_tlp_layer/tracker_inst/result_valid_r_i_7_n_0
                         LUT6 (Prop_LUT6_I2_O)        0.038     3.921 r  u_tlp_layer/tracker_inst/unexpected_r_i_3/O
                         net (fo=50, unplaced)        0.256     4.177    u_tlp_layer/tracker_inst/unexpected_r_i_3_n_0
                         LUT5 (Prop_LUT5_I3_O)        0.038     4.215 f  u_tlp_layer/tracker_inst/remaining_r[1][6]_i_3/O
                         net (fo=110, unplaced)       0.274     4.489    u_tlp_layer/tracker_inst/remaining_r[1][6]_i_3_n_0
                         LUT2 (Prop_LUT2_I1_O)        0.070     4.559 r  u_tlp_layer/tracker_inst/remaining_r[5][12]_i_3/O
                         net (fo=5, unplaced)         0.204     4.763    u_tlp_layer/tracker_inst/remaining_r[5][12]_i_3_n_0
                         LUT2 (Prop_LUT2_I0_O)        0.038     4.801 r  u_tlp_layer/tracker_inst/remaining_r[5][12]_i_1/O
                         net (fo=13, unplaced)        0.179     4.980    u_tlp_layer/tracker_inst/remaining_r[5][12]_i_1_n_0
                         FDRE                                         r  u_tlp_layer/tracker_inst/remaining_r_reg[5][11]/CE
  -------------------------------------------------------------------    -------------------

                         (clock clk_placeholder rise edge)
                                                      4.000     4.000 r  
                                                      0.000     4.000 r  clk_i (IN)
                         net (fo=157419, unset)       0.021     4.021    u_tlp_layer/tracker_inst/clk_i
                         FDRE                                         r  u_tlp_layer/tracker_inst/remaining_r_reg[5][11]/C
                         clock pessimism              0.000     4.021    
                         clock uncertainty           -0.035     3.986    
                         FDRE (Setup_FDRE_C_CE)      -0.061     3.925    u_tlp_layer/tracker_inst/remaining_r_reg[5][11]
  -------------------------------------------------------------------
                         required time                          3.925    
                         arrival time                          -4.980    
  -------------------------------------------------------------------
                         slack                                 -1.055    

Slack (VIOLATED) :        -1.055ns  (required time - arrival time)
  Source:                 u_tlp_layer/parser_inst/header_r_reg[requester_id][3]/C
                            (rising edge-triggered cell FDRE clocked by clk_placeholder  {rise@0.000ns fall@2.000ns period=4.000ns})
  Destination:            u_tlp_layer/tracker_inst/remaining_r_reg[5][11]/CE
                            (rising edge-triggered cell FDRE clocked by clk_placeholder  {rise@0.000ns fall@2.000ns period=4.000ns})
  Path Group:             clk_placeholder
  Path Type:              Setup (Max at Slow Process Corner)
  Requirement:            4.000ns  (clk_placeholder rise@4.000ns - clk_placeholder rise@0.000ns)
  Data Path Delay:        4.950ns  (logic 1.479ns (29.879%)  route 3.471ns (70.121%))
  Logic Levels:           17  (CARRY8=1 LUT2=2 LUT4=5 LUT5=1 LUT6=8)
  Clock Path Skew:        -0.009ns (DCD - SCD + CPR)
    Destination Clock Delay (DCD):    0.021ns = ( 4.021 - 4.000 ) 
    Source Clock Delay      (SCD):    0.030ns
    Clock Pessimism Removal (CPR):    0.000ns
  Clock Uncertainty:      0.035ns  ((TSJ^2 + TIJ^2)^1/2 + DJ) / 2 + PE
    Total System Jitter     (TSJ):    0.071ns
    Total Input Jitter      (TIJ):    0.000ns
    Discrete Jitter          (DJ):    0.000ns
    Phase Error              (PE):    0.000ns

    Location             Delay type                Incr(ns)  Path(ns)    Netlist Resource(s)
  -------------------------------------------------------------------    -------------------
                         (clock clk_placeholder rise edge)
                                                      0.000     0.000 r  
                                                      0.000     0.000 r  clk_i (IN)
                         net (fo=157419, unset)       0.030     0.030    u_tlp_layer/parser_inst/clk_i
                         FDRE                                         r  u_tlp_layer/parser_inst/header_r_reg[requester_id][3]/C
  -------------------------------------------------------------------    -------------------
                         FDRE (Prop_FDRE_C_Q)         0.077     0.107 f  u_tlp_layer/parser_inst/header_r_reg[requester_id][3]/Q
                         net (fo=56, unplaced)        0.226     0.333    u_tlp_layer/tracker_inst/completion_header_i[requester_id][3]
                         LUT6 (Prop_LUT6_I0_O)        0.150     0.483 f  u_tlp_layer/tracker_inst/zombie_r[11]_i_9/O
                         net (fo=1, unplaced)         0.186     0.669    u_tlp_layer/tracker_inst/zombie_r[11]_i_9_n_0
                         LUT6 (Prop_LUT6_I5_O)        0.038     0.707 r  u_tlp_layer/tracker_inst/zombie_r[11]_i_4/O
                         net (fo=1, unplaced)         0.141     0.848    u_tlp_layer/tracker_inst/zombie_r[11]_i_4_n_0
                         LUT4 (Prop_LUT4_I0_O)        0.100     0.948 r  u_tlp_layer/tracker_inst/zombie_r[11]_i_3/O
                         net (fo=26, unplaced)        0.241     1.189    u_tlp_layer/tracker_inst/zombie_r[11]_i_3_n_0
                         LUT4 (Prop_LUT4_I3_O)        0.070     1.259 r  u_tlp_layer/tracker_inst/remaining_r[0][9]_i_6/O
                         net (fo=1, unplaced)         0.098     1.357    u_tlp_layer/tracker_inst/remaining_r[0][9]_i_6_n_0
                         LUT6 (Prop_LUT6_I0_O)        0.125     1.482 r  u_tlp_layer/tracker_inst/remaining_r[0][9]_i_4/O
                         net (fo=25, unplaced)        0.194     1.676    u_tlp_layer/tracker_inst/remaining_r[0][9]_i_4_n_0
                         LUT6 (Prop_LUT6_I0_O)        0.090     1.766 r  u_tlp_layer/tracker_inst/remaining_r[4][12]_i_7/O
                         net (fo=178, unplaced)       0.285     2.051    u_tlp_layer/tracker_inst/remaining_r[4][12]_i_7_n_0
                         LUT4 (Prop_LUT4_I2_O)        0.038     2.089 r  u_tlp_layer/tracker_inst/remaining_r[0][7]_i_167/O
                         net (fo=1, unplaced)         0.105     2.194    u_tlp_layer/tracker_inst/remaining_r[0][7]_i_167_n_0
                         LUT6 (Prop_LUT6_I0_O)        0.150     2.344 f  u_tlp_layer/tracker_inst/remaining_r[0][7]_i_63/O
                         net (fo=1, unplaced)         0.098     2.442    u_tlp_layer/tracker_inst/remaining_r[0][7]_i_63_n_0
                         LUT6 (Prop_LUT6_I1_O)        0.125     2.567 f  u_tlp_layer/tracker_inst/remaining_r[0][7]_i_11/O
                         net (fo=8, unplaced)         0.214     2.781    u_tlp_layer/tracker_inst/remaining_r[0]
                         LUT4 (Prop_LUT4_I2_O)        0.070     2.851 r  u_tlp_layer/tracker_inst/result_valid_r_i_53/O
                         net (fo=1, unplaced)         0.260     3.111    u_tlp_layer/tracker_inst/result_valid_r_i_53_n_0
                         CARRY8 (Prop_CARRY8_DI[0]_CO[6])
                                                      0.186     3.297 r  u_tlp_layer/tracker_inst/result_valid_r_reg_i_32/CO[6]
                         net (fo=1, unplaced)         0.138     3.435    u_tlp_layer/tracker_inst/active_r6
                         LUT6 (Prop_LUT6_I2_O)        0.038     3.473 r  u_tlp_layer/tracker_inst/result_valid_r_i_16/O
                         net (fo=1, unplaced)         0.186     3.659    u_tlp_layer/tracker_inst/result_valid_r_i_16_n_0
                         LUT4 (Prop_LUT4_I1_O)        0.038     3.697 r  u_tlp_layer/tracker_inst/result_valid_r_i_7/O
                         net (fo=2, unplaced)         0.186     3.883    u_tlp_layer/tracker_inst/result_valid_r_i_7_n_0
                         LUT6 (Prop_LUT6_I2_O)        0.038     3.921 f  u_tlp_layer/tracker_inst/unexpected_r_i_3/O
                         net (fo=50, unplaced)        0.256     4.177    u_tlp_layer/tracker_inst/unexpected_r_i_3_n_0
                         LUT5 (Prop_LUT5_I3_O)        0.038     4.215 r  u_tlp_layer/tracker_inst/remaining_r[1][6]_i_3/O
                         net (fo=110, unplaced)       0.274     4.489    u_tlp_layer/tracker_inst/remaining_r[1][6]_i_3_n_0
                         LUT2 (Prop_LUT2_I1_O)        0.070     4.559 f  u_tlp_layer/tracker_inst/remaining_r[5][12]_i_3/O
                         net (fo=5, unplaced)         0.204     4.763    u_tlp_layer/tracker_inst/remaining_r[5][12]_i_3_n_0
                         LUT2 (Prop_LUT2_I0_O)        0.038     4.801 f  u_tlp_layer/tracker_inst/remaining_r[5][12]_i_1/O
                         net (fo=13, unplaced)        0.179     4.980    u_tlp_layer/tracker_inst/remaining_r[5][12]_i_1_n_0
                         FDRE                                         f  u_tlp_layer/tracker_inst/remaining_r_reg[5][11]/CE
  -------------------------------------------------------------------    -------------------

                         (clock clk_placeholder rise edge)
                                                      4.000     4.000 r  
                                                      0.000     4.000 r  clk_i (IN)
                         net (fo=157419, unset)       0.021     4.021    u_tlp_layer/tracker_inst/clk_i
                         FDRE                                         r  u_tlp_layer/tracker_inst/remaining_r_reg[5][11]/C
                         clock pessimism              0.000     4.021    
                         clock uncertainty           -0.035     3.986    
                         FDRE (Setup_FDRE_C_CE)      -0.061     3.925    u_tlp_layer/tracker_inst/remaining_r_reg[5][11]
  -------------------------------------------------------------------
                         required time                          3.925    
                         arrival time                          -4.980    
  -------------------------------------------------------------------
                         slack                                 -1.055    

Slack (VIOLATED) :        -1.055ns  (required time - arrival time)
  Source:                 u_tlp_layer/parser_inst/header_r_reg[requester_id][3]/C
                            (rising edge-triggered cell FDRE clocked by clk_placeholder  {rise@0.000ns fall@2.000ns period=4.000ns})
  Destination:            u_tlp_layer/tracker_inst/remaining_r_reg[5][12]/CE
                            (rising edge-triggered cell FDRE clocked by clk_placeholder  {rise@0.000ns fall@2.000ns period=4.000ns})
  Path Group:             clk_placeholder
  Path Type:              Setup (Max at Slow Process Corner)
  Requirement:            4.000ns  (clk_placeholder rise@4.000ns - clk_placeholder rise@0.000ns)
  Data Path Delay:        4.950ns  (logic 1.479ns (29.879%)  route 3.471ns (70.121%))
  Logic Levels:           17  (CARRY8=1 LUT2=2 LUT4=5 LUT5=1 LUT6=8)
  Clock Path Skew:        -0.009ns (DCD - SCD + CPR)
    Destination Clock Delay (DCD):    0.021ns = ( 4.021 - 4.000 ) 
    Source Clock Delay      (SCD):    0.030ns
    Clock Pessimism Removal (CPR):    0.000ns
  Clock Uncertainty:      0.035ns  ((TSJ^2 + TIJ^2)^1/2 + DJ) / 2 + PE
    Total System Jitter     (TSJ):    0.071ns
    Total Input Jitter      (TIJ):    0.000ns
    Discrete Jitter          (DJ):    0.000ns
    Phase Error              (PE):    0.000ns

    Location             Delay type                Incr(ns)  Path(ns)    Netlist Resource(s)
  -------------------------------------------------------------------    -------------------
                         (clock clk_placeholder rise edge)
                                                      0.000     0.000 r  
                                                      0.000     0.000 r  clk_i (IN)
                         net (fo=157419, unset)       0.030     0.030    u_tlp_layer/parser_inst/clk_i
                         FDRE                                         r  u_tlp_layer/parser_inst/header_r_reg[requester_id][3]/C
  -------------------------------------------------------------------    -------------------
                         FDRE (Prop_FDRE_C_Q)         0.077     0.107 r  u_tlp_layer/parser_inst/header_r_reg[requester_id][3]/Q
                         net (fo=56, unplaced)        0.226     0.333    u_tlp_layer/tracker_inst/completion_header_i[requester_id][3]
                         LUT6 (Prop_LUT6_I0_O)        0.150     0.483 r  u_tlp_layer/tracker_inst/zombie_r[11]_i_9/O
                         net (fo=1, unplaced)         0.186     0.669    u_tlp_layer/tracker_inst/zombie_r[11]_i_9_n_0
                         LUT6 (Prop_LUT6_I5_O)        0.038     0.707 f  u_tlp_layer/tracker_inst/zombie_r[11]_i_4/O
                         net (fo=1, unplaced)         0.141     0.848    u_tlp_layer/tracker_inst/zombie_r[11]_i_4_n_0
                         LUT4 (Prop_LUT4_I0_O)        0.100     0.948 f  u_tlp_layer/tracker_inst/zombie_r[11]_i_3/O
                         net (fo=26, unplaced)        0.241     1.189    u_tlp_layer/tracker_inst/zombie_r[11]_i_3_n_0
                         LUT4 (Prop_LUT4_I3_O)        0.070     1.259 f  u_tlp_layer/tracker_inst/remaining_r[0][9]_i_6/O
                         net (fo=1, unplaced)         0.098     1.357    u_tlp_layer/tracker_inst/remaining_r[0][9]_i_6_n_0
                         LUT6 (Prop_LUT6_I0_O)        0.125     1.482 f  u_tlp_layer/tracker_inst/remaining_r[0][9]_i_4/O
                         net (fo=25, unplaced)        0.194     1.676    u_tlp_layer/tracker_inst/remaining_r[0][9]_i_4_n_0
                         LUT6 (Prop_LUT6_I0_O)        0.090     1.766 f  u_tlp_layer/tracker_inst/remaining_r[4][12]_i_7/O
                         net (fo=178, unplaced)       0.285     2.051    u_tlp_layer/tracker_inst/remaining_r[4][12]_i_7_n_0
                         LUT4 (Prop_LUT4_I2_O)        0.038     2.089 f  u_tlp_layer/tracker_inst/remaining_r[0][7]_i_167/O
                         net (fo=1, unplaced)         0.105     2.194    u_tlp_layer/tracker_inst/remaining_r[0][7]_i_167_n_0
                         LUT6 (Prop_LUT6_I0_O)        0.150     2.344 r  u_tlp_layer/tracker_inst/remaining_r[0][7]_i_63/O
                         net (fo=1, unplaced)         0.098     2.442    u_tlp_layer/tracker_inst/remaining_r[0][7]_i_63_n_0
                         LUT6 (Prop_LUT6_I1_O)        0.125     2.567 r  u_tlp_layer/tracker_inst/remaining_r[0][7]_i_11/O
                         net (fo=8, unplaced)         0.214     2.781    u_tlp_layer/tracker_inst/remaining_r[0]
                         LUT4 (Prop_LUT4_I2_O)        0.070     2.851 f  u_tlp_layer/tracker_inst/result_valid_r_i_53/O
                         net (fo=1, unplaced)         0.260     3.111    u_tlp_layer/tracker_inst/result_valid_r_i_53_n_0
                         CARRY8 (Prop_CARRY8_DI[0]_CO[6])
                                                      0.186     3.297 f  u_tlp_layer/tracker_inst/result_valid_r_reg_i_32/CO[6]
                         net (fo=1, unplaced)         0.138     3.435    u_tlp_layer/tracker_inst/active_r6
                         LUT6 (Prop_LUT6_I2_O)        0.038     3.473 f  u_tlp_layer/tracker_inst/result_valid_r_i_16/O
                         net (fo=1, unplaced)         0.186     3.659    u_tlp_layer/tracker_inst/result_valid_r_i_16_n_0
                         LUT4 (Prop_LUT4_I1_O)        0.038     3.697 f  u_tlp_layer/tracker_inst/result_valid_r_i_7/O
                         net (fo=2, unplaced)         0.186     3.883    u_tlp_layer/tracker_inst/result_valid_r_i_7_n_0
                         LUT6 (Prop_LUT6_I2_O)        0.038     3.921 r  u_tlp_layer/tracker_inst/unexpected_r_i_3/O
                         net (fo=50, unplaced)        0.256     4.177    u_tlp_layer/tracker_inst/unexpected_r_i_3_n_0
                         LUT5 (Prop_LUT5_I3_O)        0.038     4.215 f  u_tlp_layer/tracker_inst/remaining_r[1][6]_i_3/O
                         net (fo=110, unplaced)       0.274     4.489    u_tlp_layer/tracker_inst/remaining_r[1][6]_i_3_n_0
                         LUT2 (Prop_LUT2_I1_O)        0.070     4.559 r  u_tlp_layer/tracker_inst/remaining_r[5][12]_i_3/O
                         net (fo=5, unplaced)         0.204     4.763    u_tlp_layer/tracker_inst/remaining_r[5][12]_i_3_n_0
                         LUT2 (Prop_LUT2_I0_O)        0.038     4.801 r  u_tlp_layer/tracker_inst/remaining_r[5][12]_i_1/O
                         net (fo=13, unplaced)        0.179     4.980    u_tlp_layer/tracker_inst/remaining_r[5][12]_i_1_n_0
                         FDRE                                         r  u_tlp_layer/tracker_inst/remaining_r_reg[5][12]/CE
  -------------------------------------------------------------------    -------------------

                         (clock clk_placeholder rise edge)
                                                      4.000     4.000 r  
                                                      0.000     4.000 r  clk_i (IN)
                         net (fo=157419, unset)       0.021     4.021    u_tlp_layer/tracker_inst/clk_i
                         FDRE                                         r  u_tlp_layer/tracker_inst/remaining_r_reg[5][12]/C
                         clock pessimism              0.000     4.021    
                         clock uncertainty           -0.035     3.986    
                         FDRE (Setup_FDRE_C_CE)      -0.061     3.925    u_tlp_layer/tracker_inst/remaining_r_reg[5][12]
  -------------------------------------------------------------------
                         required time                          3.925    
                         arrival time                          -4.980    
  -------------------------------------------------------------------
                         slack                                 -1.055    

Slack (VIOLATED) :        -1.055ns  (required time - arrival time)
  Source:                 u_tlp_layer/parser_inst/header_r_reg[requester_id][3]/C
                            (rising edge-triggered cell FDRE clocked by clk_placeholder  {rise@0.000ns fall@2.000ns period=4.000ns})
  Destination:            u_tlp_layer/tracker_inst/remaining_r_reg[5][12]/CE
                            (rising edge-triggered cell FDRE clocked by clk_placeholder  {rise@0.000ns fall@2.000ns period=4.000ns})
  Path Group:             clk_placeholder
  Path Type:              Setup (Max at Slow Process Corner)
  Requirement:            4.000ns  (clk_placeholder rise@4.000ns - clk_placeholder rise@0.000ns)
  Data Path Delay:        4.950ns  (logic 1.479ns (29.879%)  route 3.471ns (70.121%))
  Logic Levels:           17  (CARRY8=1 LUT2=2 LUT4=5 LUT5=1 LUT6=8)
  Clock Path Skew:        -0.009ns (DCD - SCD + CPR)
    Destination Clock Delay (DCD):    0.021ns = ( 4.021 - 4.000 ) 
    Source Clock Delay      (SCD):    0.030ns
    Clock Pessimism Removal (CPR):    0.000ns
  Clock Uncertainty:      0.035ns  ((TSJ^2 + TIJ^2)^1/2 + DJ) / 2 + PE
    Total System Jitter     (TSJ):    0.071ns
    Total Input Jitter      (TIJ):    0.000ns
    Discrete Jitter          (DJ):    0.000ns
    Phase Error              (PE):    0.000ns

    Location             Delay type                Incr(ns)  Path(ns)    Netlist Resource(s)
  -------------------------------------------------------------------    -------------------
                         (clock clk_placeholder rise edge)
                                                      0.000     0.000 r  
                                                      0.000     0.000 r  clk_i (IN)
                         net (fo=157419, unset)       0.030     0.030    u_tlp_layer/parser_inst/clk_i
                         FDRE                                         r  u_tlp_layer/parser_inst/header_r_reg[requester_id][3]/C
  -------------------------------------------------------------------    -------------------
                         FDRE (Prop_FDRE_C_Q)         0.077     0.107 f  u_tlp_layer/parser_inst/header_r_reg[requester_id][3]/Q
                         net (fo=56, unplaced)        0.226     0.333    u_tlp_layer/tracker_inst/completion_header_i[requester_id][3]
                         LUT6 (Prop_LUT6_I0_O)        0.150     0.483 f  u_tlp_layer/tracker_inst/zombie_r[11]_i_9/O
                         net (fo=1, unplaced)         0.186     0.669    u_tlp_layer/tracker_inst/zombie_r[11]_i_9_n_0
                         LUT6 (Prop_LUT6_I5_O)        0.038     0.707 r  u_tlp_layer/tracker_inst/zombie_r[11]_i_4/O
                         net (fo=1, unplaced)         0.141     0.848    u_tlp_layer/tracker_inst/zombie_r[11]_i_4_n_0
                         LUT4 (Prop_LUT4_I0_O)        0.100     0.948 r  u_tlp_layer/tracker_inst/zombie_r[11]_i_3/O
                         net (fo=26, unplaced)        0.241     1.189    u_tlp_layer/tracker_inst/zombie_r[11]_i_3_n_0
                         LUT4 (Prop_LUT4_I3_O)        0.070     1.259 r  u_tlp_layer/tracker_inst/remaining_r[0][9]_i_6/O
                         net (fo=1, unplaced)         0.098     1.357    u_tlp_layer/tracker_inst/remaining_r[0][9]_i_6_n_0
                         LUT6 (Prop_LUT6_I0_O)        0.125     1.482 r  u_tlp_layer/tracker_inst/remaining_r[0][9]_i_4/O
                         net (fo=25, unplaced)        0.194     1.676    u_tlp_layer/tracker_inst/remaining_r[0][9]_i_4_n_0
                         LUT6 (Prop_LUT6_I0_O)        0.090     1.766 r  u_tlp_layer/tracker_inst/remaining_r[4][12]_i_7/O
                         net (fo=178, unplaced)       0.285     2.051    u_tlp_layer/tracker_inst/remaining_r[4][12]_i_7_n_0
                         LUT4 (Prop_LUT4_I2_O)        0.038     2.089 r  u_tlp_layer/tracker_inst/remaining_r[0][7]_i_167/O
                         net (fo=1, unplaced)         0.105     2.194    u_tlp_layer/tracker_inst/remaining_r[0][7]_i_167_n_0
                         LUT6 (Prop_LUT6_I0_O)        0.150     2.344 f  u_tlp_layer/tracker_inst/remaining_r[0][7]_i_63/O
                         net (fo=1, unplaced)         0.098     2.442    u_tlp_layer/tracker_inst/remaining_r[0][7]_i_63_n_0
                         LUT6 (Prop_LUT6_I1_O)        0.125     2.567 f  u_tlp_layer/tracker_inst/remaining_r[0][7]_i_11/O
                         net (fo=8, unplaced)         0.214     2.781    u_tlp_layer/tracker_inst/remaining_r[0]
                         LUT4 (Prop_LUT4_I2_O)        0.070     2.851 r  u_tlp_layer/tracker_inst/result_valid_r_i_53/O
                         net (fo=1, unplaced)         0.260     3.111    u_tlp_layer/tracker_inst/result_valid_r_i_53_n_0
                         CARRY8 (Prop_CARRY8_DI[0]_CO[6])
                                                      0.186     3.297 r  u_tlp_layer/tracker_inst/result_valid_r_reg_i_32/CO[6]
                         net (fo=1, unplaced)         0.138     3.435    u_tlp_layer/tracker_inst/active_r6
                         LUT6 (Prop_LUT6_I2_O)        0.038     3.473 r  u_tlp_layer/tracker_inst/result_valid_r_i_16/O
                         net (fo=1, unplaced)         0.186     3.659    u_tlp_layer/tracker_inst/result_valid_r_i_16_n_0
                         LUT4 (Prop_LUT4_I1_O)        0.038     3.697 r  u_tlp_layer/tracker_inst/result_valid_r_i_7/O
                         net (fo=2, unplaced)         0.186     3.883    u_tlp_layer/tracker_inst/result_valid_r_i_7_n_0
                         LUT6 (Prop_LUT6_I2_O)        0.038     3.921 f  u_tlp_layer/tracker_inst/unexpected_r_i_3/O
                         net (fo=50, unplaced)        0.256     4.177    u_tlp_layer/tracker_inst/unexpected_r_i_3_n_0
                         LUT5 (Prop_LUT5_I3_O)        0.038     4.215 r  u_tlp_layer/tracker_inst/remaining_r[1][6]_i_3/O
                         net (fo=110, unplaced)       0.274     4.489    u_tlp_layer/tracker_inst/remaining_r[1][6]_i_3_n_0
                         LUT2 (Prop_LUT2_I1_O)        0.070     4.559 f  u_tlp_layer/tracker_inst/remaining_r[5][12]_i_3/O
                         net (fo=5, unplaced)         0.204     4.763    u_tlp_layer/tracker_inst/remaining_r[5][12]_i_3_n_0
                         LUT2 (Prop_LUT2_I0_O)        0.038     4.801 f  u_tlp_layer/tracker_inst/remaining_r[5][12]_i_1/O
                         net (fo=13, unplaced)        0.179     4.980    u_tlp_layer/tracker_inst/remaining_r[5][12]_i_1_n_0
                         FDRE                                         f  u_tlp_layer/tracker_inst/remaining_r_reg[5][12]/CE
  -------------------------------------------------------------------    -------------------

                         (clock clk_placeholder rise edge)
                                                      4.000     4.000 r  
                                                      0.000     4.000 r  clk_i (IN)
                         net (fo=157419, unset)       0.021     4.021    u_tlp_layer/tracker_inst/clk_i
                         FDRE                                         r  u_tlp_layer/tracker_inst/remaining_r_reg[5][12]/C
                         clock pessimism              0.000     4.021    
                         clock uncertainty           -0.035     3.986    
                         FDRE (Setup_FDRE_C_CE)      -0.061     3.925    u_tlp_layer/tracker_inst/remaining_r_reg[5][12]
  -------------------------------------------------------------------
                         required time                          3.925    
                         arrival time                          -4.980    
  -------------------------------------------------------------------
                         slack                                 -1.055    

Slack (VIOLATED) :        -1.055ns  (required time - arrival time)
  Source:                 u_tlp_layer/parser_inst/header_r_reg[requester_id][3]/C
                            (rising edge-triggered cell FDRE clocked by clk_placeholder  {rise@0.000ns fall@2.000ns period=4.000ns})
  Destination:            u_tlp_layer/tracker_inst/remaining_r_reg[5][1]/CE
                            (rising edge-triggered cell FDRE clocked by clk_placeholder  {rise@0.000ns fall@2.000ns period=4.000ns})
  Path Group:             clk_placeholder
  Path Type:              Setup (Max at Slow Process Corner)
  Requirement:            4.000ns  (clk_placeholder rise@4.000ns - clk_placeholder rise@0.000ns)
  Data Path Delay:        4.950ns  (logic 1.479ns (29.879%)  route 3.471ns (70.121%))
  Logic Levels:           17  (CARRY8=1 LUT2=2 LUT4=5 LUT5=1 LUT6=8)
  Clock Path Skew:        -0.009ns (DCD - SCD + CPR)
    Destination Clock Delay (DCD):    0.021ns = ( 4.021 - 4.000 ) 
    Source Clock Delay      (SCD):    0.030ns
    Clock Pessimism Removal (CPR):    0.000ns
  Clock Uncertainty:      0.035ns  ((TSJ^2 + TIJ^2)^1/2 + DJ) / 2 + PE
    Total System Jitter     (TSJ):    0.071ns
    Total Input Jitter      (TIJ):    0.000ns
    Discrete Jitter          (DJ):    0.000ns
    Phase Error              (PE):    0.000ns

    Location             Delay type                Incr(ns)  Path(ns)    Netlist Resource(s)
  -------------------------------------------------------------------    -------------------
                         (clock clk_placeholder rise edge)
                                                      0.000     0.000 r  
                                                      0.000     0.000 r  clk_i (IN)
                         net (fo=157419, unset)       0.030     0.030    u_tlp_layer/parser_inst/clk_i
                         FDRE                                         r  u_tlp_layer/parser_inst/header_r_reg[requester_id][3]/C
  -------------------------------------------------------------------    -------------------
                         FDRE (Prop_FDRE_C_Q)         0.077     0.107 r  u_tlp_layer/parser_inst/header_r_reg[requester_id][3]/Q
                         net (fo=56, unplaced)        0.226     0.333    u_tlp_layer/tracker_inst/completion_header_i[requester_id][3]
                         LUT6 (Prop_LUT6_I0_O)        0.150     0.483 r  u_tlp_layer/tracker_inst/zombie_r[11]_i_9/O
                         net (fo=1, unplaced)         0.186     0.669    u_tlp_layer/tracker_inst/zombie_r[11]_i_9_n_0
                         LUT6 (Prop_LUT6_I5_O)        0.038     0.707 f  u_tlp_layer/tracker_inst/zombie_r[11]_i_4/O
                         net (fo=1, unplaced)         0.141     0.848    u_tlp_layer/tracker_inst/zombie_r[11]_i_4_n_0
                         LUT4 (Prop_LUT4_I0_O)        0.100     0.948 f  u_tlp_layer/tracker_inst/zombie_r[11]_i_3/O
                         net (fo=26, unplaced)        0.241     1.189    u_tlp_layer/tracker_inst/zombie_r[11]_i_3_n_0
                         LUT4 (Prop_LUT4_I3_O)        0.070     1.259 f  u_tlp_layer/tracker_inst/remaining_r[0][9]_i_6/O
                         net (fo=1, unplaced)         0.098     1.357    u_tlp_layer/tracker_inst/remaining_r[0][9]_i_6_n_0
                         LUT6 (Prop_LUT6_I0_O)        0.125     1.482 f  u_tlp_layer/tracker_inst/remaining_r[0][9]_i_4/O
                         net (fo=25, unplaced)        0.194     1.676    u_tlp_layer/tracker_inst/remaining_r[0][9]_i_4_n_0
                         LUT6 (Prop_LUT6_I0_O)        0.090     1.766 f  u_tlp_layer/tracker_inst/remaining_r[4][12]_i_7/O
                         net (fo=178, unplaced)       0.285     2.051    u_tlp_layer/tracker_inst/remaining_r[4][12]_i_7_n_0
                         LUT4 (Prop_LUT4_I2_O)        0.038     2.089 f  u_tlp_layer/tracker_inst/remaining_r[0][7]_i_167/O
                         net (fo=1, unplaced)         0.105     2.194    u_tlp_layer/tracker_inst/remaining_r[0][7]_i_167_n_0
                         LUT6 (Prop_LUT6_I0_O)        0.150     2.344 r  u_tlp_layer/tracker_inst/remaining_r[0][7]_i_63/O
                         net (fo=1, unplaced)         0.098     2.442    u_tlp_layer/tracker_inst/remaining_r[0][7]_i_63_n_0
                         LUT6 (Prop_LUT6_I1_O)        0.125     2.567 r  u_tlp_layer/tracker_inst/remaining_r[0][7]_i_11/O
                         net (fo=8, unplaced)         0.214     2.781    u_tlp_layer/tracker_inst/remaining_r[0]
                         LUT4 (Prop_LUT4_I2_O)        0.070     2.851 f  u_tlp_layer/tracker_inst/result_valid_r_i_53/O
                         net (fo=1, unplaced)         0.260     3.111    u_tlp_layer/tracker_inst/result_valid_r_i_53_n_0
                         CARRY8 (Prop_CARRY8_DI[0]_CO[6])
                                                      0.186     3.297 f  u_tlp_layer/tracker_inst/result_valid_r_reg_i_32/CO[6]
                         net (fo=1, unplaced)         0.138     3.435    u_tlp_layer/tracker_inst/active_r6
                         LUT6 (Prop_LUT6_I2_O)        0.038     3.473 f  u_tlp_layer/tracker_inst/result_valid_r_i_16/O
                         net (fo=1, unplaced)         0.186     3.659    u_tlp_layer/tracker_inst/result_valid_r_i_16_n_0
                         LUT4 (Prop_LUT4_I1_O)        0.038     3.697 f  u_tlp_layer/tracker_inst/result_valid_r_i_7/O
                         net (fo=2, unplaced)         0.186     3.883    u_tlp_layer/tracker_inst/result_valid_r_i_7_n_0
                         LUT6 (Prop_LUT6_I2_O)        0.038     3.921 r  u_tlp_layer/tracker_inst/unexpected_r_i_3/O
                         net (fo=50, unplaced)        0.256     4.177    u_tlp_layer/tracker_inst/unexpected_r_i_3_n_0
                         LUT5 (Prop_LUT5_I3_O)        0.038     4.215 f  u_tlp_layer/tracker_inst/remaining_r[1][6]_i_3/O
                         net (fo=110, unplaced)       0.274     4.489    u_tlp_layer/tracker_inst/remaining_r[1][6]_i_3_n_0
                         LUT2 (Prop_LUT2_I1_O)        0.070     4.559 r  u_tlp_layer/tracker_inst/remaining_r[5][12]_i_3/O
                         net (fo=5, unplaced)         0.204     4.763    u_tlp_layer/tracker_inst/remaining_r[5][12]_i_3_n_0
                         LUT2 (Prop_LUT2_I0_O)        0.038     4.801 r  u_tlp_layer/tracker_inst/remaining_r[5][12]_i_1/O
                         net (fo=13, unplaced)        0.179     4.980    u_tlp_layer/tracker_inst/remaining_r[5][12]_i_1_n_0
                         FDRE                                         r  u_tlp_layer/tracker_inst/remaining_r_reg[5][1]/CE
  -------------------------------------------------------------------    -------------------

                         (clock clk_placeholder rise edge)
                                                      4.000     4.000 r  
                                                      0.000     4.000 r  clk_i (IN)
                         net (fo=157419, unset)       0.021     4.021    u_tlp_layer/tracker_inst/clk_i
                         FDRE                                         r  u_tlp_layer/tracker_inst/remaining_r_reg[5][1]/C
                         clock pessimism              0.000     4.021    
                         clock uncertainty           -0.035     3.986    
                         FDRE (Setup_FDRE_C_CE)      -0.061     3.925    u_tlp_layer/tracker_inst/remaining_r_reg[5][1]
  -------------------------------------------------------------------
                         required time                          3.925    
                         arrival time                          -4.980    
  -------------------------------------------------------------------
                         slack                                 -1.055    

Slack (VIOLATED) :        -1.055ns  (required time - arrival time)
  Source:                 u_tlp_layer/parser_inst/header_r_reg[requester_id][3]/C
                            (rising edge-triggered cell FDRE clocked by clk_placeholder  {rise@0.000ns fall@2.000ns period=4.000ns})
  Destination:            u_tlp_layer/tracker_inst/remaining_r_reg[5][1]/CE
                            (rising edge-triggered cell FDRE clocked by clk_placeholder  {rise@0.000ns fall@2.000ns period=4.000ns})
  Path Group:             clk_placeholder
  Path Type:              Setup (Max at Slow Process Corner)
  Requirement:            4.000ns  (clk_placeholder rise@4.000ns - clk_placeholder rise@0.000ns)
  Data Path Delay:        4.950ns  (logic 1.479ns (29.879%)  route 3.471ns (70.121%))
  Logic Levels:           17  (CARRY8=1 LUT2=2 LUT4=5 LUT5=1 LUT6=8)
  Clock Path Skew:        -0.009ns (DCD - SCD + CPR)
    Destination Clock Delay (DCD):    0.021ns = ( 4.021 - 4.000 ) 
    Source Clock Delay      (SCD):    0.030ns
    Clock Pessimism Removal (CPR):    0.000ns
  Clock Uncertainty:      0.035ns  ((TSJ^2 + TIJ^2)^1/2 + DJ) / 2 + PE
    Total System Jitter     (TSJ):    0.071ns
    Total Input Jitter      (TIJ):    0.000ns
    Discrete Jitter          (DJ):    0.000ns
    Phase Error              (PE):    0.000ns

    Location             Delay type                Incr(ns)  Path(ns)    Netlist Resource(s)
  -------------------------------------------------------------------    -------------------
                         (clock clk_placeholder rise edge)
                                                      0.000     0.000 r  
                                                      0.000     0.000 r  clk_i (IN)
                         net (fo=157419, unset)       0.030     0.030    u_tlp_layer/parser_inst/clk_i
                         FDRE                                         r  u_tlp_layer/parser_inst/header_r_reg[requester_id][3]/C
  -------------------------------------------------------------------    -------------------
                         FDRE (Prop_FDRE_C_Q)         0.077     0.107 f  u_tlp_layer/parser_inst/header_r_reg[requester_id][3]/Q
                         net (fo=56, unplaced)        0.226     0.333    u_tlp_layer/tracker_inst/completion_header_i[requester_id][3]
                         LUT6 (Prop_LUT6_I0_O)        0.150     0.483 f  u_tlp_layer/tracker_inst/zombie_r[11]_i_9/O
                         net (fo=1, unplaced)         0.186     0.669    u_tlp_layer/tracker_inst/zombie_r[11]_i_9_n_0
                         LUT6 (Prop_LUT6_I5_O)        0.038     0.707 r  u_tlp_layer/tracker_inst/zombie_r[11]_i_4/O
                         net (fo=1, unplaced)         0.141     0.848    u_tlp_layer/tracker_inst/zombie_r[11]_i_4_n_0
                         LUT4 (Prop_LUT4_I0_O)        0.100     0.948 r  u_tlp_layer/tracker_inst/zombie_r[11]_i_3/O
                         net (fo=26, unplaced)        0.241     1.189    u_tlp_layer/tracker_inst/zombie_r[11]_i_3_n_0
                         LUT4 (Prop_LUT4_I3_O)        0.070     1.259 r  u_tlp_layer/tracker_inst/remaining_r[0][9]_i_6/O
                         net (fo=1, unplaced)         0.098     1.357    u_tlp_layer/tracker_inst/remaining_r[0][9]_i_6_n_0
                         LUT6 (Prop_LUT6_I0_O)        0.125     1.482 r  u_tlp_layer/tracker_inst/remaining_r[0][9]_i_4/O
                         net (fo=25, unplaced)        0.194     1.676    u_tlp_layer/tracker_inst/remaining_r[0][9]_i_4_n_0
                         LUT6 (Prop_LUT6_I0_O)        0.090     1.766 r  u_tlp_layer/tracker_inst/remaining_r[4][12]_i_7/O
                         net (fo=178, unplaced)       0.285     2.051    u_tlp_layer/tracker_inst/remaining_r[4][12]_i_7_n_0
                         LUT4 (Prop_LUT4_I2_O)        0.038     2.089 r  u_tlp_layer/tracker_inst/remaining_r[0][7]_i_167/O
                         net (fo=1, unplaced)         0.105     2.194    u_tlp_layer/tracker_inst/remaining_r[0][7]_i_167_n_0
                         LUT6 (Prop_LUT6_I0_O)        0.150     2.344 f  u_tlp_layer/tracker_inst/remaining_r[0][7]_i_63/O
                         net (fo=1, unplaced)         0.098     2.442    u_tlp_layer/tracker_inst/remaining_r[0][7]_i_63_n_0
                         LUT6 (Prop_LUT6_I1_O)        0.125     2.567 f  u_tlp_layer/tracker_inst/remaining_r[0][7]_i_11/O
                         net (fo=8, unplaced)         0.214     2.781    u_tlp_layer/tracker_inst/remaining_r[0]
                         LUT4 (Prop_LUT4_I2_O)        0.070     2.851 r  u_tlp_layer/tracker_inst/result_valid_r_i_53/O
                         net (fo=1, unplaced)         0.260     3.111    u_tlp_layer/tracker_inst/result_valid_r_i_53_n_0
                         CARRY8 (Prop_CARRY8_DI[0]_CO[6])
                                                      0.186     3.297 r  u_tlp_layer/tracker_inst/result_valid_r_reg_i_32/CO[6]
                         net (fo=1, unplaced)         0.138     3.435    u_tlp_layer/tracker_inst/active_r6
                         LUT6 (Prop_LUT6_I2_O)        0.038     3.473 r  u_tlp_layer/tracker_inst/result_valid_r_i_16/O
                         net (fo=1, unplaced)         0.186     3.659    u_tlp_layer/tracker_inst/result_valid_r_i_16_n_0
                         LUT4 (Prop_LUT4_I1_O)        0.038     3.697 r  u_tlp_layer/tracker_inst/result_valid_r_i_7/O
                         net (fo=2, unplaced)         0.186     3.883    u_tlp_layer/tracker_inst/result_valid_r_i_7_n_0
                         LUT6 (Prop_LUT6_I2_O)        0.038     3.921 f  u_tlp_layer/tracker_inst/unexpected_r_i_3/O
                         net (fo=50, unplaced)        0.256     4.177    u_tlp_layer/tracker_inst/unexpected_r_i_3_n_0
                         LUT5 (Prop_LUT5_I3_O)        0.038     4.215 r  u_tlp_layer/tracker_inst/remaining_r[1][6]_i_3/O
                         net (fo=110, unplaced)       0.274     4.489    u_tlp_layer/tracker_inst/remaining_r[1][6]_i_3_n_0
                         LUT2 (Prop_LUT2_I1_O)        0.070     4.559 f  u_tlp_layer/tracker_inst/remaining_r[5][12]_i_3/O
                         net (fo=5, unplaced)         0.204     4.763    u_tlp_layer/tracker_inst/remaining_r[5][12]_i_3_n_0
                         LUT2 (Prop_LUT2_I0_O)        0.038     4.801 f  u_tlp_layer/tracker_inst/remaining_r[5][12]_i_1/O
                         net (fo=13, unplaced)        0.179     4.980    u_tlp_layer/tracker_inst/remaining_r[5][12]_i_1_n_0
                         FDRE                                         f  u_tlp_layer/tracker_inst/remaining_r_reg[5][1]/CE
  -------------------------------------------------------------------    -------------------

                         (clock clk_placeholder rise edge)
                                                      4.000     4.000 r  
                                                      0.000     4.000 r  clk_i (IN)
                         net (fo=157419, unset)       0.021     4.021    u_tlp_layer/tracker_inst/clk_i
                         FDRE                                         r  u_tlp_layer/tracker_inst/remaining_r_reg[5][1]/C
                         clock pessimism              0.000     4.021    
                         clock uncertainty           -0.035     3.986    
                         FDRE (Setup_FDRE_C_CE)      -0.061     3.925    u_tlp_layer/tracker_inst/remaining_r_reg[5][1]
  -------------------------------------------------------------------
                         required time                          3.925    
                         arrival time                          -4.980    
  -------------------------------------------------------------------
                         slack                                 -1.055    

Slack (VIOLATED) :        -1.055ns  (required time - arrival time)
  Source:                 u_tlp_layer/parser_inst/header_r_reg[requester_id][3]/C
                            (rising edge-triggered cell FDRE clocked by clk_placeholder  {rise@0.000ns fall@2.000ns period=4.000ns})
  Destination:            u_tlp_layer/tracker_inst/remaining_r_reg[5][2]/CE
                            (rising edge-triggered cell FDRE clocked by clk_placeholder  {rise@0.000ns fall@2.000ns period=4.000ns})
  Path Group:             clk_placeholder
  Path Type:              Setup (Max at Slow Process Corner)
  Requirement:            4.000ns  (clk_placeholder rise@4.000ns - clk_placeholder rise@0.000ns)
  Data Path Delay:        4.950ns  (logic 1.479ns (29.879%)  route 3.471ns (70.121%))
  Logic Levels:           17  (CARRY8=1 LUT2=2 LUT4=5 LUT5=1 LUT6=8)
  Clock Path Skew:        -0.009ns (DCD - SCD + CPR)
    Destination Clock Delay (DCD):    0.021ns = ( 4.021 - 4.000 ) 
    Source Clock Delay      (SCD):    0.030ns
    Clock Pessimism Removal (CPR):    0.000ns
  Clock Uncertainty:      0.035ns  ((TSJ^2 + TIJ^2)^1/2 + DJ) / 2 + PE
    Total System Jitter     (TSJ):    0.071ns
    Total Input Jitter      (TIJ):    0.000ns
    Discrete Jitter          (DJ):    0.000ns
    Phase Error              (PE):    0.000ns

    Location             Delay type                Incr(ns)  Path(ns)    Netlist Resource(s)
  -------------------------------------------------------------------    -------------------
                         (clock clk_placeholder rise edge)
                                                      0.000     0.000 r  
                                                      0.000     0.000 r  clk_i (IN)
                         net (fo=157419, unset)       0.030     0.030    u_tlp_layer/parser_inst/clk_i
                         FDRE                                         r  u_tlp_layer/parser_inst/header_r_reg[requester_id][3]/C
  -------------------------------------------------------------------    -------------------
                         FDRE (Prop_FDRE_C_Q)         0.077     0.107 r  u_tlp_layer/parser_inst/header_r_reg[requester_id][3]/Q
                         net (fo=56, unplaced)        0.226     0.333    u_tlp_layer/tracker_inst/completion_header_i[requester_id][3]
                         LUT6 (Prop_LUT6_I0_O)        0.150     0.483 r  u_tlp_layer/tracker_inst/zombie_r[11]_i_9/O
                         net (fo=1, unplaced)         0.186     0.669    u_tlp_layer/tracker_inst/zombie_r[11]_i_9_n_0
                         LUT6 (Prop_LUT6_I5_O)        0.038     0.707 f  u_tlp_layer/tracker_inst/zombie_r[11]_i_4/O
                         net (fo=1, unplaced)         0.141     0.848    u_tlp_layer/tracker_inst/zombie_r[11]_i_4_n_0
                         LUT4 (Prop_LUT4_I0_O)        0.100     0.948 f  u_tlp_layer/tracker_inst/zombie_r[11]_i_3/O
                         net (fo=26, unplaced)        0.241     1.189    u_tlp_layer/tracker_inst/zombie_r[11]_i_3_n_0
                         LUT4 (Prop_LUT4_I3_O)        0.070     1.259 f  u_tlp_layer/tracker_inst/remaining_r[0][9]_i_6/O
                         net (fo=1, unplaced)         0.098     1.357    u_tlp_layer/tracker_inst/remaining_r[0][9]_i_6_n_0
                         LUT6 (Prop_LUT6_I0_O)        0.125     1.482 f  u_tlp_layer/tracker_inst/remaining_r[0][9]_i_4/O
                         net (fo=25, unplaced)        0.194     1.676    u_tlp_layer/tracker_inst/remaining_r[0][9]_i_4_n_0
                         LUT6 (Prop_LUT6_I0_O)        0.090     1.766 f  u_tlp_layer/tracker_inst/remaining_r[4][12]_i_7/O
                         net (fo=178, unplaced)       0.285     2.051    u_tlp_layer/tracker_inst/remaining_r[4][12]_i_7_n_0
                         LUT4 (Prop_LUT4_I2_O)        0.038     2.089 f  u_tlp_layer/tracker_inst/remaining_r[0][7]_i_167/O
                         net (fo=1, unplaced)         0.105     2.194    u_tlp_layer/tracker_inst/remaining_r[0][7]_i_167_n_0
                         LUT6 (Prop_LUT6_I0_O)        0.150     2.344 r  u_tlp_layer/tracker_inst/remaining_r[0][7]_i_63/O
                         net (fo=1, unplaced)         0.098     2.442    u_tlp_layer/tracker_inst/remaining_r[0][7]_i_63_n_0
                         LUT6 (Prop_LUT6_I1_O)        0.125     2.567 r  u_tlp_layer/tracker_inst/remaining_r[0][7]_i_11/O
                         net (fo=8, unplaced)         0.214     2.781    u_tlp_layer/tracker_inst/remaining_r[0]
                         LUT4 (Prop_LUT4_I2_O)        0.070     2.851 f  u_tlp_layer/tracker_inst/result_valid_r_i_53/O
                         net (fo=1, unplaced)         0.260     3.111    u_tlp_layer/tracker_inst/result_valid_r_i_53_n_0
                         CARRY8 (Prop_CARRY8_DI[0]_CO[6])
                                                      0.186     3.297 f  u_tlp_layer/tracker_inst/result_valid_r_reg_i_32/CO[6]
                         net (fo=1, unplaced)         0.138     3.435    u_tlp_layer/tracker_inst/active_r6
                         LUT6 (Prop_LUT6_I2_O)        0.038     3.473 f  u_tlp_layer/tracker_inst/result_valid_r_i_16/O
                         net (fo=1, unplaced)         0.186     3.659    u_tlp_layer/tracker_inst/result_valid_r_i_16_n_0
                         LUT4 (Prop_LUT4_I1_O)        0.038     3.697 f  u_tlp_layer/tracker_inst/result_valid_r_i_7/O
                         net (fo=2, unplaced)         0.186     3.883    u_tlp_layer/tracker_inst/result_valid_r_i_7_n_0
                         LUT6 (Prop_LUT6_I2_O)        0.038     3.921 r  u_tlp_layer/tracker_inst/unexpected_r_i_3/O
                         net (fo=50, unplaced)        0.256     4.177    u_tlp_layer/tracker_inst/unexpected_r_i_3_n_0
                         LUT5 (Prop_LUT5_I3_O)        0.038     4.215 f  u_tlp_layer/tracker_inst/remaining_r[1][6]_i_3/O
                         net (fo=110, unplaced)       0.274     4.489    u_tlp_layer/tracker_inst/remaining_r[1][6]_i_3_n_0
                         LUT2 (Prop_LUT2_I1_O)        0.070     4.559 r  u_tlp_layer/tracker_inst/remaining_r[5][12]_i_3/O
                         net (fo=5, unplaced)         0.204     4.763    u_tlp_layer/tracker_inst/remaining_r[5][12]_i_3_n_0
                         LUT2 (Prop_LUT2_I0_O)        0.038     4.801 r  u_tlp_layer/tracker_inst/remaining_r[5][12]_i_1/O
                         net (fo=13, unplaced)        0.179     4.980    u_tlp_layer/tracker_inst/remaining_r[5][12]_i_1_n_0
                         FDRE                                         r  u_tlp_layer/tracker_inst/remaining_r_reg[5][2]/CE
  -------------------------------------------------------------------    -------------------

                         (clock clk_placeholder rise edge)
                                                      4.000     4.000 r  
                                                      0.000     4.000 r  clk_i (IN)
                         net (fo=157419, unset)       0.021     4.021    u_tlp_layer/tracker_inst/clk_i
                         FDRE                                         r  u_tlp_layer/tracker_inst/remaining_r_reg[5][2]/C
                         clock pessimism              0.000     4.021    
                         clock uncertainty           -0.035     3.986    
                         FDRE (Setup_FDRE_C_CE)      -0.061     3.925    u_tlp_layer/tracker_inst/remaining_r_reg[5][2]
  -------------------------------------------------------------------
                         required time                          3.925    
                         arrival time                          -4.980    
  -------------------------------------------------------------------
                         slack                                 -1.055    

Slack (VIOLATED) :        -1.055ns  (required time - arrival time)
  Source:                 u_tlp_layer/parser_inst/header_r_reg[requester_id][3]/C
                            (rising edge-triggered cell FDRE clocked by clk_placeholder  {rise@0.000ns fall@2.000ns period=4.000ns})
  Destination:            u_tlp_layer/tracker_inst/remaining_r_reg[5][2]/CE
                            (rising edge-triggered cell FDRE clocked by clk_placeholder  {rise@0.000ns fall@2.000ns period=4.000ns})
  Path Group:             clk_placeholder
  Path Type:              Setup (Max at Slow Process Corner)
  Requirement:            4.000ns  (clk_placeholder rise@4.000ns - clk_placeholder rise@0.000ns)
  Data Path Delay:        4.950ns  (logic 1.479ns (29.879%)  route 3.471ns (70.121%))
  Logic Levels:           17  (CARRY8=1 LUT2=2 LUT4=5 LUT5=1 LUT6=8)
  Clock Path Skew:        -0.009ns (DCD - SCD + CPR)
    Destination Clock Delay (DCD):    0.021ns = ( 4.021 - 4.000 ) 
    Source Clock Delay      (SCD):    0.030ns
    Clock Pessimism Removal (CPR):    0.000ns
  Clock Uncertainty:      0.035ns  ((TSJ^2 + TIJ^2)^1/2 + DJ) / 2 + PE
    Total System Jitter     (TSJ):    0.071ns
    Total Input Jitter      (TIJ):    0.000ns
    Discrete Jitter          (DJ):    0.000ns
    Phase Error              (PE):    0.000ns

    Location             Delay type                Incr(ns)  Path(ns)    Netlist Resource(s)
  -------------------------------------------------------------------    -------------------
                         (clock clk_placeholder rise edge)
                                                      0.000     0.000 r  
                                                      0.000     0.000 r  clk_i (IN)
                         net (fo=157419, unset)       0.030     0.030    u_tlp_layer/parser_inst/clk_i
                         FDRE                                         r  u_tlp_layer/parser_inst/header_r_reg[requester_id][3]/C
  -------------------------------------------------------------------    -------------------
                         FDRE (Prop_FDRE_C_Q)         0.077     0.107 f  u_tlp_layer/parser_inst/header_r_reg[requester_id][3]/Q
                         net (fo=56, unplaced)        0.226     0.333    u_tlp_layer/tracker_inst/completion_header_i[requester_id][3]
                         LUT6 (Prop_LUT6_I0_O)        0.150     0.483 f  u_tlp_layer/tracker_inst/zombie_r[11]_i_9/O
                         net (fo=1, unplaced)         0.186     0.669    u_tlp_layer/tracker_inst/zombie_r[11]_i_9_n_0
                         LUT6 (Prop_LUT6_I5_O)        0.038     0.707 r  u_tlp_layer/tracker_inst/zombie_r[11]_i_4/O
                         net (fo=1, unplaced)         0.141     0.848    u_tlp_layer/tracker_inst/zombie_r[11]_i_4_n_0
                         LUT4 (Prop_LUT4_I0_O)        0.100     0.948 r  u_tlp_layer/tracker_inst/zombie_r[11]_i_3/O
                         net (fo=26, unplaced)        0.241     1.189    u_tlp_layer/tracker_inst/zombie_r[11]_i_3_n_0
                         LUT4 (Prop_LUT4_I3_O)        0.070     1.259 r  u_tlp_layer/tracker_inst/remaining_r[0][9]_i_6/O
                         net (fo=1, unplaced)         0.098     1.357    u_tlp_layer/tracker_inst/remaining_r[0][9]_i_6_n_0
                         LUT6 (Prop_LUT6_I0_O)        0.125     1.482 r  u_tlp_layer/tracker_inst/remaining_r[0][9]_i_4/O
                         net (fo=25, unplaced)        0.194     1.676    u_tlp_layer/tracker_inst/remaining_r[0][9]_i_4_n_0
                         LUT6 (Prop_LUT6_I0_O)        0.090     1.766 r  u_tlp_layer/tracker_inst/remaining_r[4][12]_i_7/O
                         net (fo=178, unplaced)       0.285     2.051    u_tlp_layer/tracker_inst/remaining_r[4][12]_i_7_n_0
                         LUT4 (Prop_LUT4_I2_O)        0.038     2.089 r  u_tlp_layer/tracker_inst/remaining_r[0][7]_i_167/O
                         net (fo=1, unplaced)         0.105     2.194    u_tlp_layer/tracker_inst/remaining_r[0][7]_i_167_n_0
                         LUT6 (Prop_LUT6_I0_O)        0.150     2.344 f  u_tlp_layer/tracker_inst/remaining_r[0][7]_i_63/O
                         net (fo=1, unplaced)         0.098     2.442    u_tlp_layer/tracker_inst/remaining_r[0][7]_i_63_n_0
                         LUT6 (Prop_LUT6_I1_O)        0.125     2.567 f  u_tlp_layer/tracker_inst/remaining_r[0][7]_i_11/O
                         net (fo=8, unplaced)         0.214     2.781    u_tlp_layer/tracker_inst/remaining_r[0]
                         LUT4 (Prop_LUT4_I2_O)        0.070     2.851 r  u_tlp_layer/tracker_inst/result_valid_r_i_53/O
                         net (fo=1, unplaced)         0.260     3.111    u_tlp_layer/tracker_inst/result_valid_r_i_53_n_0
                         CARRY8 (Prop_CARRY8_DI[0]_CO[6])
                                                      0.186     3.297 r  u_tlp_layer/tracker_inst/result_valid_r_reg_i_32/CO[6]
                         net (fo=1, unplaced)         0.138     3.435    u_tlp_layer/tracker_inst/active_r6
                         LUT6 (Prop_LUT6_I2_O)        0.038     3.473 r  u_tlp_layer/tracker_inst/result_valid_r_i_16/O
                         net (fo=1, unplaced)         0.186     3.659    u_tlp_layer/tracker_inst/result_valid_r_i_16_n_0
                         LUT4 (Prop_LUT4_I1_O)        0.038     3.697 r  u_tlp_layer/tracker_inst/result_valid_r_i_7/O
                         net (fo=2, unplaced)         0.186     3.883    u_tlp_layer/tracker_inst/result_valid_r_i_7_n_0
                         LUT6 (Prop_LUT6_I2_O)        0.038     3.921 f  u_tlp_layer/tracker_inst/unexpected_r_i_3/O
                         net (fo=50, unplaced)        0.256     4.177    u_tlp_layer/tracker_inst/unexpected_r_i_3_n_0
                         LUT5 (Prop_LUT5_I3_O)        0.038     4.215 r  u_tlp_layer/tracker_inst/remaining_r[1][6]_i_3/O
                         net (fo=110, unplaced)       0.274     4.489    u_tlp_layer/tracker_inst/remaining_r[1][6]_i_3_n_0
                         LUT2 (Prop_LUT2_I1_O)        0.070     4.559 f  u_tlp_layer/tracker_inst/remaining_r[5][12]_i_3/O
                         net (fo=5, unplaced)         0.204     4.763    u_tlp_layer/tracker_inst/remaining_r[5][12]_i_3_n_0
                         LUT2 (Prop_LUT2_I0_O)        0.038     4.801 f  u_tlp_layer/tracker_inst/remaining_r[5][12]_i_1/O
                         net (fo=13, unplaced)        0.179     4.980    u_tlp_layer/tracker_inst/remaining_r[5][12]_i_1_n_0
                         FDRE                                         f  u_tlp_layer/tracker_inst/remaining_r_reg[5][2]/CE
  -------------------------------------------------------------------    -------------------

                         (clock clk_placeholder rise edge)
                                                      4.000     4.000 r  
                                                      0.000     4.000 r  clk_i (IN)
                         net (fo=157419, unset)       0.021     4.021    u_tlp_layer/tracker_inst/clk_i
                         FDRE                                         r  u_tlp_layer/tracker_inst/remaining_r_reg[5][2]/C
                         clock pessimism              0.000     4.021    
                         clock uncertainty           -0.035     3.986    
                         FDRE (Setup_FDRE_C_CE)      -0.061     3.925    u_tlp_layer/tracker_inst/remaining_r_reg[5][2]
  -------------------------------------------------------------------
                         required time                          3.925    
                         arrival time                          -4.980    
  -------------------------------------------------------------------
                         slack                                 -1.055    

Slack (VIOLATED) :        -1.055ns  (required time - arrival time)
  Source:                 u_tlp_layer/parser_inst/header_r_reg[requester_id][3]/C
                            (rising edge-triggered cell FDRE clocked by clk_placeholder  {rise@0.000ns fall@2.000ns period=4.000ns})
  Destination:            u_tlp_layer/tracker_inst/remaining_r_reg[5][3]/CE
                            (rising edge-triggered cell FDRE clocked by clk_placeholder  {rise@0.000ns fall@2.000ns period=4.000ns})
  Path Group:             clk_placeholder
  Path Type:              Setup (Max at Slow Process Corner)
  Requirement:            4.000ns  (clk_placeholder rise@4.000ns - clk_placeholder rise@0.000ns)
  Data Path Delay:        4.950ns  (logic 1.479ns (29.879%)  route 3.471ns (70.121%))
  Logic Levels:           17  (CARRY8=1 LUT2=2 LUT4=5 LUT5=1 LUT6=8)
  Clock Path Skew:        -0.009ns (DCD - SCD + CPR)
    Destination Clock Delay (DCD):    0.021ns = ( 4.021 - 4.000 ) 
    Source Clock Delay      (SCD):    0.030ns
    Clock Pessimism Removal (CPR):    0.000ns
  Clock Uncertainty:      0.035ns  ((TSJ^2 + TIJ^2)^1/2 + DJ) / 2 + PE
    Total System Jitter     (TSJ):    0.071ns
    Total Input Jitter      (TIJ):    0.000ns
    Discrete Jitter          (DJ):    0.000ns
    Phase Error              (PE):    0.000ns

    Location             Delay type                Incr(ns)  Path(ns)    Netlist Resource(s)
  -------------------------------------------------------------------    -------------------
                         (clock clk_placeholder rise edge)
                                                      0.000     0.000 r  
                                                      0.000     0.000 r  clk_i (IN)
                         net (fo=157419, unset)       0.030     0.030    u_tlp_layer/parser_inst/clk_i
                         FDRE                                         r  u_tlp_layer/parser_inst/header_r_reg[requester_id][3]/C
  -------------------------------------------------------------------    -------------------
                         FDRE (Prop_FDRE_C_Q)         0.077     0.107 r  u_tlp_layer/parser_inst/header_r_reg[requester_id][3]/Q
                         net (fo=56, unplaced)        0.226     0.333    u_tlp_layer/tracker_inst/completion_header_i[requester_id][3]
                         LUT6 (Prop_LUT6_I0_O)        0.150     0.483 r  u_tlp_layer/tracker_inst/zombie_r[11]_i_9/O
                         net (fo=1, unplaced)         0.186     0.669    u_tlp_layer/tracker_inst/zombie_r[11]_i_9_n_0
                         LUT6 (Prop_LUT6_I5_O)        0.038     0.707 f  u_tlp_layer/tracker_inst/zombie_r[11]_i_4/O
                         net (fo=1, unplaced)         0.141     0.848    u_tlp_layer/tracker_inst/zombie_r[11]_i_4_n_0
                         LUT4 (Prop_LUT4_I0_O)        0.100     0.948 f  u_tlp_layer/tracker_inst/zombie_r[11]_i_3/O
                         net (fo=26, unplaced)        0.241     1.189    u_tlp_layer/tracker_inst/zombie_r[11]_i_3_n_0
                         LUT4 (Prop_LUT4_I3_O)        0.070     1.259 f  u_tlp_layer/tracker_inst/remaining_r[0][9]_i_6/O
                         net (fo=1, unplaced)         0.098     1.357    u_tlp_layer/tracker_inst/remaining_r[0][9]_i_6_n_0
                         LUT6 (Prop_LUT6_I0_O)        0.125     1.482 f  u_tlp_layer/tracker_inst/remaining_r[0][9]_i_4/O
                         net (fo=25, unplaced)        0.194     1.676    u_tlp_layer/tracker_inst/remaining_r[0][9]_i_4_n_0
                         LUT6 (Prop_LUT6_I0_O)        0.090     1.766 f  u_tlp_layer/tracker_inst/remaining_r[4][12]_i_7/O
                         net (fo=178, unplaced)       0.285     2.051    u_tlp_layer/tracker_inst/remaining_r[4][12]_i_7_n_0
                         LUT4 (Prop_LUT4_I2_O)        0.038     2.089 f  u_tlp_layer/tracker_inst/remaining_r[0][7]_i_167/O
                         net (fo=1, unplaced)         0.105     2.194    u_tlp_layer/tracker_inst/remaining_r[0][7]_i_167_n_0
                         LUT6 (Prop_LUT6_I0_O)        0.150     2.344 r  u_tlp_layer/tracker_inst/remaining_r[0][7]_i_63/O
                         net (fo=1, unplaced)         0.098     2.442    u_tlp_layer/tracker_inst/remaining_r[0][7]_i_63_n_0
                         LUT6 (Prop_LUT6_I1_O)        0.125     2.567 r  u_tlp_layer/tracker_inst/remaining_r[0][7]_i_11/O
                         net (fo=8, unplaced)         0.214     2.781    u_tlp_layer/tracker_inst/remaining_r[0]
                         LUT4 (Prop_LUT4_I2_O)        0.070     2.851 f  u_tlp_layer/tracker_inst/result_valid_r_i_53/O
                         net (fo=1, unplaced)         0.260     3.111    u_tlp_layer/tracker_inst/result_valid_r_i_53_n_0
                         CARRY8 (Prop_CARRY8_DI[0]_CO[6])
                                                      0.186     3.297 f  u_tlp_layer/tracker_inst/result_valid_r_reg_i_32/CO[6]
                         net (fo=1, unplaced)         0.138     3.435    u_tlp_layer/tracker_inst/active_r6
                         LUT6 (Prop_LUT6_I2_O)        0.038     3.473 f  u_tlp_layer/tracker_inst/result_valid_r_i_16/O
                         net (fo=1, unplaced)         0.186     3.659    u_tlp_layer/tracker_inst/result_valid_r_i_16_n_0
                         LUT4 (Prop_LUT4_I1_O)        0.038     3.697 f  u_tlp_layer/tracker_inst/result_valid_r_i_7/O
                         net (fo=2, unplaced)         0.186     3.883    u_tlp_layer/tracker_inst/result_valid_r_i_7_n_0
                         LUT6 (Prop_LUT6_I2_O)        0.038     3.921 r  u_tlp_layer/tracker_inst/unexpected_r_i_3/O
                         net (fo=50, unplaced)        0.256     4.177    u_tlp_layer/tracker_inst/unexpected_r_i_3_n_0
                         LUT5 (Prop_LUT5_I3_O)        0.038     4.215 f  u_tlp_layer/tracker_inst/remaining_r[1][6]_i_3/O
                         net (fo=110, unplaced)       0.274     4.489    u_tlp_layer/tracker_inst/remaining_r[1][6]_i_3_n_0
                         LUT2 (Prop_LUT2_I1_O)        0.070     4.559 r  u_tlp_layer/tracker_inst/remaining_r[5][12]_i_3/O
                         net (fo=5, unplaced)         0.204     4.763    u_tlp_layer/tracker_inst/remaining_r[5][12]_i_3_n_0
                         LUT2 (Prop_LUT2_I0_O)        0.038     4.801 r  u_tlp_layer/tracker_inst/remaining_r[5][12]_i_1/O
                         net (fo=13, unplaced)        0.179     4.980    u_tlp_layer/tracker_inst/remaining_r[5][12]_i_1_n_0
                         FDRE                                         r  u_tlp_layer/tracker_inst/remaining_r_reg[5][3]/CE
  -------------------------------------------------------------------    -------------------

                         (clock clk_placeholder rise edge)
                                                      4.000     4.000 r  
                                                      0.000     4.000 r  clk_i (IN)
                         net (fo=157419, unset)       0.021     4.021    u_tlp_layer/tracker_inst/clk_i
                         FDRE                                         r  u_tlp_layer/tracker_inst/remaining_r_reg[5][3]/C
                         clock pessimism              0.000     4.021    
                         clock uncertainty           -0.035     3.986    
                         FDRE (Setup_FDRE_C_CE)      -0.061     3.925    u_tlp_layer/tracker_inst/remaining_r_reg[5][3]
  -------------------------------------------------------------------
                         required time                          3.925    
                         arrival time                          -4.980    
  -------------------------------------------------------------------
                         slack                                 -1.055    

Slack (VIOLATED) :        -1.055ns  (required time - arrival time)
  Source:                 u_tlp_layer/parser_inst/header_r_reg[requester_id][3]/C
                            (rising edge-triggered cell FDRE clocked by clk_placeholder  {rise@0.000ns fall@2.000ns period=4.000ns})
  Destination:            u_tlp_layer/tracker_inst/remaining_r_reg[5][3]/CE
                            (rising edge-triggered cell FDRE clocked by clk_placeholder  {rise@0.000ns fall@2.000ns period=4.000ns})
  Path Group:             clk_placeholder
  Path Type:              Setup (Max at Slow Process Corner)
  Requirement:            4.000ns  (clk_placeholder rise@4.000ns - clk_placeholder rise@0.000ns)
  Data Path Delay:        4.950ns  (logic 1.479ns (29.879%)  route 3.471ns (70.121%))
  Logic Levels:           17  (CARRY8=1 LUT2=2 LUT4=5 LUT5=1 LUT6=8)
  Clock Path Skew:        -0.009ns (DCD - SCD + CPR)
    Destination Clock Delay (DCD):    0.021ns = ( 4.021 - 4.000 ) 
    Source Clock Delay      (SCD):    0.030ns
    Clock Pessimism Removal (CPR):    0.000ns
  Clock Uncertainty:      0.035ns  ((TSJ^2 + TIJ^2)^1/2 + DJ) / 2 + PE
    Total System Jitter     (TSJ):    0.071ns
    Total Input Jitter      (TIJ):    0.000ns
    Discrete Jitter          (DJ):    0.000ns
    Phase Error              (PE):    0.000ns

    Location             Delay type                Incr(ns)  Path(ns)    Netlist Resource(s)
  -------------------------------------------------------------------    -------------------
                         (clock clk_placeholder rise edge)
                                                      0.000     0.000 r  
                                                      0.000     0.000 r  clk_i (IN)
                         net (fo=157419, unset)       0.030     0.030    u_tlp_layer/parser_inst/clk_i
                         FDRE                                         r  u_tlp_layer/parser_inst/header_r_reg[requester_id][3]/C
  -------------------------------------------------------------------    -------------------
                         FDRE (Prop_FDRE_C_Q)         0.077     0.107 f  u_tlp_layer/parser_inst/header_r_reg[requester_id][3]/Q
                         net (fo=56, unplaced)        0.226     0.333    u_tlp_layer/tracker_inst/completion_header_i[requester_id][3]
                         LUT6 (Prop_LUT6_I0_O)        0.150     0.483 f  u_tlp_layer/tracker_inst/zombie_r[11]_i_9/O
                         net (fo=1, unplaced)         0.186     0.669    u_tlp_layer/tracker_inst/zombie_r[11]_i_9_n_0
                         LUT6 (Prop_LUT6_I5_O)        0.038     0.707 r  u_tlp_layer/tracker_inst/zombie_r[11]_i_4/O
                         net (fo=1, unplaced)         0.141     0.848    u_tlp_layer/tracker_inst/zombie_r[11]_i_4_n_0
                         LUT4 (Prop_LUT4_I0_O)        0.100     0.948 r  u_tlp_layer/tracker_inst/zombie_r[11]_i_3/O
                         net (fo=26, unplaced)        0.241     1.189    u_tlp_layer/tracker_inst/zombie_r[11]_i_3_n_0
                         LUT4 (Prop_LUT4_I3_O)        0.070     1.259 r  u_tlp_layer/tracker_inst/remaining_r[0][9]_i_6/O
                         net (fo=1, unplaced)         0.098     1.357    u_tlp_layer/tracker_inst/remaining_r[0][9]_i_6_n_0
                         LUT6 (Prop_LUT6_I0_O)        0.125     1.482 r  u_tlp_layer/tracker_inst/remaining_r[0][9]_i_4/O
                         net (fo=25, unplaced)        0.194     1.676    u_tlp_layer/tracker_inst/remaining_r[0][9]_i_4_n_0
                         LUT6 (Prop_LUT6_I0_O)        0.090     1.766 r  u_tlp_layer/tracker_inst/remaining_r[4][12]_i_7/O
                         net (fo=178, unplaced)       0.285     2.051    u_tlp_layer/tracker_inst/remaining_r[4][12]_i_7_n_0
                         LUT4 (Prop_LUT4_I2_O)        0.038     2.089 r  u_tlp_layer/tracker_inst/remaining_r[0][7]_i_167/O
                         net (fo=1, unplaced)         0.105     2.194    u_tlp_layer/tracker_inst/remaining_r[0][7]_i_167_n_0
                         LUT6 (Prop_LUT6_I0_O)        0.150     2.344 f  u_tlp_layer/tracker_inst/remaining_r[0][7]_i_63/O
                         net (fo=1, unplaced)         0.098     2.442    u_tlp_layer/tracker_inst/remaining_r[0][7]_i_63_n_0
                         LUT6 (Prop_LUT6_I1_O)        0.125     2.567 f  u_tlp_layer/tracker_inst/remaining_r[0][7]_i_11/O
                         net (fo=8, unplaced)         0.214     2.781    u_tlp_layer/tracker_inst/remaining_r[0]
                         LUT4 (Prop_LUT4_I2_O)        0.070     2.851 r  u_tlp_layer/tracker_inst/result_valid_r_i_53/O
                         net (fo=1, unplaced)         0.260     3.111    u_tlp_layer/tracker_inst/result_valid_r_i_53_n_0
                         CARRY8 (Prop_CARRY8_DI[0]_CO[6])
                                                      0.186     3.297 r  u_tlp_layer/tracker_inst/result_valid_r_reg_i_32/CO[6]
                         net (fo=1, unplaced)         0.138     3.435    u_tlp_layer/tracker_inst/active_r6
                         LUT6 (Prop_LUT6_I2_O)        0.038     3.473 r  u_tlp_layer/tracker_inst/result_valid_r_i_16/O
                         net (fo=1, unplaced)         0.186     3.659    u_tlp_layer/tracker_inst/result_valid_r_i_16_n_0
                         LUT4 (Prop_LUT4_I1_O)        0.038     3.697 r  u_tlp_layer/tracker_inst/result_valid_r_i_7/O
                         net (fo=2, unplaced)         0.186     3.883    u_tlp_layer/tracker_inst/result_valid_r_i_7_n_0
                         LUT6 (Prop_LUT6_I2_O)        0.038     3.921 f  u_tlp_layer/tracker_inst/unexpected_r_i_3/O
                         net (fo=50, unplaced)        0.256     4.177    u_tlp_layer/tracker_inst/unexpected_r_i_3_n_0
                         LUT5 (Prop_LUT5_I3_O)        0.038     4.215 r  u_tlp_layer/tracker_inst/remaining_r[1][6]_i_3/O
                         net (fo=110, unplaced)       0.274     4.489    u_tlp_layer/tracker_inst/remaining_r[1][6]_i_3_n_0
                         LUT2 (Prop_LUT2_I1_O)        0.070     4.559 f  u_tlp_layer/tracker_inst/remaining_r[5][12]_i_3/O
                         net (fo=5, unplaced)         0.204     4.763    u_tlp_layer/tracker_inst/remaining_r[5][12]_i_3_n_0
                         LUT2 (Prop_LUT2_I0_O)        0.038     4.801 f  u_tlp_layer/tracker_inst/remaining_r[5][12]_i_1/O
                         net (fo=13, unplaced)        0.179     4.980    u_tlp_layer/tracker_inst/remaining_r[5][12]_i_1_n_0
                         FDRE                                         f  u_tlp_layer/tracker_inst/remaining_r_reg[5][3]/CE
  -------------------------------------------------------------------    -------------------

                         (clock clk_placeholder rise edge)
                                                      4.000     4.000 r  
                                                      0.000     4.000 r  clk_i (IN)
                         net (fo=157419, unset)       0.021     4.021    u_tlp_layer/tracker_inst/clk_i
                         FDRE                                         r  u_tlp_layer/tracker_inst/remaining_r_reg[5][3]/C
                         clock pessimism              0.000     4.021    
                         clock uncertainty           -0.035     3.986    
                         FDRE (Setup_FDRE_C_CE)      -0.061     3.925    u_tlp_layer/tracker_inst/remaining_r_reg[5][3]
  -------------------------------------------------------------------
                         required time                          3.925    
                         arrival time                          -4.980    
  -------------------------------------------------------------------
                         slack                                 -1.055    

Slack (VIOLATED) :        -1.055ns  (required time - arrival time)
  Source:                 u_tlp_layer/parser_inst/header_r_reg[requester_id][3]/C
                            (rising edge-triggered cell FDRE clocked by clk_placeholder  {rise@0.000ns fall@2.000ns period=4.000ns})
  Destination:            u_tlp_layer/tracker_inst/remaining_r_reg[5][4]/CE
                            (rising edge-triggered cell FDRE clocked by clk_placeholder  {rise@0.000ns fall@2.000ns period=4.000ns})
  Path Group:             clk_placeholder
  Path Type:              Setup (Max at Slow Process Corner)
  Requirement:            4.000ns  (clk_placeholder rise@4.000ns - clk_placeholder rise@0.000ns)
  Data Path Delay:        4.950ns  (logic 1.479ns (29.879%)  route 3.471ns (70.121%))
  Logic Levels:           17  (CARRY8=1 LUT2=2 LUT4=5 LUT5=1 LUT6=8)
  Clock Path Skew:        -0.009ns (DCD - SCD + CPR)
    Destination Clock Delay (DCD):    0.021ns = ( 4.021 - 4.000 ) 
    Source Clock Delay      (SCD):    0.030ns
    Clock Pessimism Removal (CPR):    0.000ns
  Clock Uncertainty:      0.035ns  ((TSJ^2 + TIJ^2)^1/2 + DJ) / 2 + PE
    Total System Jitter     (TSJ):    0.071ns
    Total Input Jitter      (TIJ):    0.000ns
    Discrete Jitter          (DJ):    0.000ns
    Phase Error              (PE):    0.000ns

    Location             Delay type                Incr(ns)  Path(ns)    Netlist Resource(s)
  -------------------------------------------------------------------    -------------------
                         (clock clk_placeholder rise edge)
                                                      0.000     0.000 r  
                                                      0.000     0.000 r  clk_i (IN)
                         net (fo=157419, unset)       0.030     0.030    u_tlp_layer/parser_inst/clk_i
                         FDRE                                         r  u_tlp_layer/parser_inst/header_r_reg[requester_id][3]/C
  -------------------------------------------------------------------    -------------------
                         FDRE (Prop_FDRE_C_Q)         0.077     0.107 r  u_tlp_layer/parser_inst/header_r_reg[requester_id][3]/Q
                         net (fo=56, unplaced)        0.226     0.333    u_tlp_layer/tracker_inst/completion_header_i[requester_id][3]
                         LUT6 (Prop_LUT6_I0_O)        0.150     0.483 r  u_tlp_layer/tracker_inst/zombie_r[11]_i_9/O
                         net (fo=1, unplaced)         0.186     0.669    u_tlp_layer/tracker_inst/zombie_r[11]_i_9_n_0
                         LUT6 (Prop_LUT6_I5_O)        0.038     0.707 f  u_tlp_layer/tracker_inst/zombie_r[11]_i_4/O
                         net (fo=1, unplaced)         0.141     0.848    u_tlp_layer/tracker_inst/zombie_r[11]_i_4_n_0
                         LUT4 (Prop_LUT4_I0_O)        0.100     0.948 f  u_tlp_layer/tracker_inst/zombie_r[11]_i_3/O
                         net (fo=26, unplaced)        0.241     1.189    u_tlp_layer/tracker_inst/zombie_r[11]_i_3_n_0
                         LUT4 (Prop_LUT4_I3_O)        0.070     1.259 f  u_tlp_layer/tracker_inst/remaining_r[0][9]_i_6/O
                         net (fo=1, unplaced)         0.098     1.357    u_tlp_layer/tracker_inst/remaining_r[0][9]_i_6_n_0
                         LUT6 (Prop_LUT6_I0_O)        0.125     1.482 f  u_tlp_layer/tracker_inst/remaining_r[0][9]_i_4/O
                         net (fo=25, unplaced)        0.194     1.676    u_tlp_layer/tracker_inst/remaining_r[0][9]_i_4_n_0
                         LUT6 (Prop_LUT6_I0_O)        0.090     1.766 f  u_tlp_layer/tracker_inst/remaining_r[4][12]_i_7/O
                         net (fo=178, unplaced)       0.285     2.051    u_tlp_layer/tracker_inst/remaining_r[4][12]_i_7_n_0
                         LUT4 (Prop_LUT4_I2_O)        0.038     2.089 f  u_tlp_layer/tracker_inst/remaining_r[0][7]_i_167/O
                         net (fo=1, unplaced)         0.105     2.194    u_tlp_layer/tracker_inst/remaining_r[0][7]_i_167_n_0
                         LUT6 (Prop_LUT6_I0_O)        0.150     2.344 r  u_tlp_layer/tracker_inst/remaining_r[0][7]_i_63/O
                         net (fo=1, unplaced)         0.098     2.442    u_tlp_layer/tracker_inst/remaining_r[0][7]_i_63_n_0
                         LUT6 (Prop_LUT6_I1_O)        0.125     2.567 r  u_tlp_layer/tracker_inst/remaining_r[0][7]_i_11/O
                         net (fo=8, unplaced)         0.214     2.781    u_tlp_layer/tracker_inst/remaining_r[0]
                         LUT4 (Prop_LUT4_I2_O)        0.070     2.851 f  u_tlp_layer/tracker_inst/result_valid_r_i_53/O
                         net (fo=1, unplaced)         0.260     3.111    u_tlp_layer/tracker_inst/result_valid_r_i_53_n_0
                         CARRY8 (Prop_CARRY8_DI[0]_CO[6])
                                                      0.186     3.297 f  u_tlp_layer/tracker_inst/result_valid_r_reg_i_32/CO[6]
                         net (fo=1, unplaced)         0.138     3.435    u_tlp_layer/tracker_inst/active_r6
                         LUT6 (Prop_LUT6_I2_O)        0.038     3.473 f  u_tlp_layer/tracker_inst/result_valid_r_i_16/O
                         net (fo=1, unplaced)         0.186     3.659    u_tlp_layer/tracker_inst/result_valid_r_i_16_n_0
                         LUT4 (Prop_LUT4_I1_O)        0.038     3.697 f  u_tlp_layer/tracker_inst/result_valid_r_i_7/O
                         net (fo=2, unplaced)         0.186     3.883    u_tlp_layer/tracker_inst/result_valid_r_i_7_n_0
                         LUT6 (Prop_LUT6_I2_O)        0.038     3.921 r  u_tlp_layer/tracker_inst/unexpected_r_i_3/O
                         net (fo=50, unplaced)        0.256     4.177    u_tlp_layer/tracker_inst/unexpected_r_i_3_n_0
                         LUT5 (Prop_LUT5_I3_O)        0.038     4.215 f  u_tlp_layer/tracker_inst/remaining_r[1][6]_i_3/O
                         net (fo=110, unplaced)       0.274     4.489    u_tlp_layer/tracker_inst/remaining_r[1][6]_i_3_n_0
                         LUT2 (Prop_LUT2_I1_O)        0.070     4.559 r  u_tlp_layer/tracker_inst/remaining_r[5][12]_i_3/O
                         net (fo=5, unplaced)         0.204     4.763    u_tlp_layer/tracker_inst/remaining_r[5][12]_i_3_n_0
                         LUT2 (Prop_LUT2_I0_O)        0.038     4.801 r  u_tlp_layer/tracker_inst/remaining_r[5][12]_i_1/O
                         net (fo=13, unplaced)        0.179     4.980    u_tlp_layer/tracker_inst/remaining_r[5][12]_i_1_n_0
                         FDRE                                         r  u_tlp_layer/tracker_inst/remaining_r_reg[5][4]/CE
  -------------------------------------------------------------------    -------------------

                         (clock clk_placeholder rise edge)
                                                      4.000     4.000 r  
                                                      0.000     4.000 r  clk_i (IN)
                         net (fo=157419, unset)       0.021     4.021    u_tlp_layer/tracker_inst/clk_i
                         FDRE                                         r  u_tlp_layer/tracker_inst/remaining_r_reg[5][4]/C
                         clock pessimism              0.000     4.021    
                         clock uncertainty           -0.035     3.986    
                         FDRE (Setup_FDRE_C_CE)      -0.061     3.925    u_tlp_layer/tracker_inst/remaining_r_reg[5][4]
  -------------------------------------------------------------------
                         required time                          3.925    
                         arrival time                          -4.980    
  -------------------------------------------------------------------
                         slack                                 -1.055    

Slack (VIOLATED) :        -1.055ns  (required time - arrival time)
  Source:                 u_tlp_layer/parser_inst/header_r_reg[requester_id][3]/C
                            (rising edge-triggered cell FDRE clocked by clk_placeholder  {rise@0.000ns fall@2.000ns period=4.000ns})
  Destination:            u_tlp_layer/tracker_inst/remaining_r_reg[5][4]/CE
                            (rising edge-triggered cell FDRE clocked by clk_placeholder  {rise@0.000ns fall@2.000ns period=4.000ns})
  Path Group:             clk_placeholder
  Path Type:              Setup (Max at Slow Process Corner)
  Requirement:            4.000ns  (clk_placeholder rise@4.000ns - clk_placeholder rise@0.000ns)
  Data Path Delay:        4.950ns  (logic 1.479ns (29.879%)  route 3.471ns (70.121%))
  Logic Levels:           17  (CARRY8=1 LUT2=2 LUT4=5 LUT5=1 LUT6=8)
  Clock Path Skew:        -0.009ns (DCD - SCD + CPR)
    Destination Clock Delay (DCD):    0.021ns = ( 4.021 - 4.000 ) 
    Source Clock Delay      (SCD):    0.030ns
    Clock Pessimism Removal (CPR):    0.000ns
  Clock Uncertainty:      0.035ns  ((TSJ^2 + TIJ^2)^1/2 + DJ) / 2 + PE
    Total System Jitter     (TSJ):    0.071ns
    Total Input Jitter      (TIJ):    0.000ns
    Discrete Jitter          (DJ):    0.000ns
    Phase Error              (PE):    0.000ns

    Location             Delay type                Incr(ns)  Path(ns)    Netlist Resource(s)
  -------------------------------------------------------------------    -------------------
                         (clock clk_placeholder rise edge)
                                                      0.000     0.000 r  
                                                      0.000     0.000 r  clk_i (IN)
                         net (fo=157419, unset)       0.030     0.030    u_tlp_layer/parser_inst/clk_i
                         FDRE                                         r  u_tlp_layer/parser_inst/header_r_reg[requester_id][3]/C
  -------------------------------------------------------------------    -------------------
                         FDRE (Prop_FDRE_C_Q)         0.077     0.107 f  u_tlp_layer/parser_inst/header_r_reg[requester_id][3]/Q
                         net (fo=56, unplaced)        0.226     0.333    u_tlp_layer/tracker_inst/completion_header_i[requester_id][3]
                         LUT6 (Prop_LUT6_I0_O)        0.150     0.483 f  u_tlp_layer/tracker_inst/zombie_r[11]_i_9/O
                         net (fo=1, unplaced)         0.186     0.669    u_tlp_layer/tracker_inst/zombie_r[11]_i_9_n_0
                         LUT6 (Prop_LUT6_I5_O)        0.038     0.707 r  u_tlp_layer/tracker_inst/zombie_r[11]_i_4/O
                         net (fo=1, unplaced)         0.141     0.848    u_tlp_layer/tracker_inst/zombie_r[11]_i_4_n_0
                         LUT4 (Prop_LUT4_I0_O)        0.100     0.948 r  u_tlp_layer/tracker_inst/zombie_r[11]_i_3/O
                         net (fo=26, unplaced)        0.241     1.189    u_tlp_layer/tracker_inst/zombie_r[11]_i_3_n_0
                         LUT4 (Prop_LUT4_I3_O)        0.070     1.259 r  u_tlp_layer/tracker_inst/remaining_r[0][9]_i_6/O
                         net (fo=1, unplaced)         0.098     1.357    u_tlp_layer/tracker_inst/remaining_r[0][9]_i_6_n_0
                         LUT6 (Prop_LUT6_I0_O)        0.125     1.482 r  u_tlp_layer/tracker_inst/remaining_r[0][9]_i_4/O
                         net (fo=25, unplaced)        0.194     1.676    u_tlp_layer/tracker_inst/remaining_r[0][9]_i_4_n_0
                         LUT6 (Prop_LUT6_I0_O)        0.090     1.766 r  u_tlp_layer/tracker_inst/remaining_r[4][12]_i_7/O
                         net (fo=178, unplaced)       0.285     2.051    u_tlp_layer/tracker_inst/remaining_r[4][12]_i_7_n_0
                         LUT4 (Prop_LUT4_I2_O)        0.038     2.089 r  u_tlp_layer/tracker_inst/remaining_r[0][7]_i_167/O
                         net (fo=1, unplaced)         0.105     2.194    u_tlp_layer/tracker_inst/remaining_r[0][7]_i_167_n_0
                         LUT6 (Prop_LUT6_I0_O)        0.150     2.344 f  u_tlp_layer/tracker_inst/remaining_r[0][7]_i_63/O
                         net (fo=1, unplaced)         0.098     2.442    u_tlp_layer/tracker_inst/remaining_r[0][7]_i_63_n_0
                         LUT6 (Prop_LUT6_I1_O)        0.125     2.567 f  u_tlp_layer/tracker_inst/remaining_r[0][7]_i_11/O
                         net (fo=8, unplaced)         0.214     2.781    u_tlp_layer/tracker_inst/remaining_r[0]
                         LUT4 (Prop_LUT4_I2_O)        0.070     2.851 r  u_tlp_layer/tracker_inst/result_valid_r_i_53/O
                         net (fo=1, unplaced)         0.260     3.111    u_tlp_layer/tracker_inst/result_valid_r_i_53_n_0
                         CARRY8 (Prop_CARRY8_DI[0]_CO[6])
                                                      0.186     3.297 r  u_tlp_layer/tracker_inst/result_valid_r_reg_i_32/CO[6]
                         net (fo=1, unplaced)         0.138     3.435    u_tlp_layer/tracker_inst/active_r6
                         LUT6 (Prop_LUT6_I2_O)        0.038     3.473 r  u_tlp_layer/tracker_inst/result_valid_r_i_16/O
                         net (fo=1, unplaced)         0.186     3.659    u_tlp_layer/tracker_inst/result_valid_r_i_16_n_0
                         LUT4 (Prop_LUT4_I1_O)        0.038     3.697 r  u_tlp_layer/tracker_inst/result_valid_r_i_7/O
                         net (fo=2, unplaced)         0.186     3.883    u_tlp_layer/tracker_inst/result_valid_r_i_7_n_0
                         LUT6 (Prop_LUT6_I2_O)        0.038     3.921 f  u_tlp_layer/tracker_inst/unexpected_r_i_3/O
                         net (fo=50, unplaced)        0.256     4.177    u_tlp_layer/tracker_inst/unexpected_r_i_3_n_0
                         LUT5 (Prop_LUT5_I3_O)        0.038     4.215 r  u_tlp_layer/tracker_inst/remaining_r[1][6]_i_3/O
                         net (fo=110, unplaced)       0.274     4.489    u_tlp_layer/tracker_inst/remaining_r[1][6]_i_3_n_0
                         LUT2 (Prop_LUT2_I1_O)        0.070     4.559 f  u_tlp_layer/tracker_inst/remaining_r[5][12]_i_3/O
                         net (fo=5, unplaced)         0.204     4.763    u_tlp_layer/tracker_inst/remaining_r[5][12]_i_3_n_0
                         LUT2 (Prop_LUT2_I0_O)        0.038     4.801 f  u_tlp_layer/tracker_inst/remaining_r[5][12]_i_1/O
                         net (fo=13, unplaced)        0.179     4.980    u_tlp_layer/tracker_inst/remaining_r[5][12]_i_1_n_0
                         FDRE                                         f  u_tlp_layer/tracker_inst/remaining_r_reg[5][4]/CE
  -------------------------------------------------------------------    -------------------

                         (clock clk_placeholder rise edge)
                                                      4.000     4.000 r  
                                                      0.000     4.000 r  clk_i (IN)
                         net (fo=157419, unset)       0.021     4.021    u_tlp_layer/tracker_inst/clk_i
                         FDRE                                         r  u_tlp_layer/tracker_inst/remaining_r_reg[5][4]/C
                         clock pessimism              0.000     4.021    
                         clock uncertainty           -0.035     3.986    
                         FDRE (Setup_FDRE_C_CE)      -0.061     3.925    u_tlp_layer/tracker_inst/remaining_r_reg[5][4]
  -------------------------------------------------------------------
                         required time                          3.925    
                         arrival time                          -4.980    
  -------------------------------------------------------------------
                         slack                                 -1.055    

Slack (VIOLATED) :        -1.055ns  (required time - arrival time)
  Source:                 u_tlp_layer/parser_inst/header_r_reg[requester_id][3]/C
                            (rising edge-triggered cell FDRE clocked by clk_placeholder  {rise@0.000ns fall@2.000ns period=4.000ns})
  Destination:            u_tlp_layer/tracker_inst/remaining_r_reg[5][5]/CE
                            (rising edge-triggered cell FDRE clocked by clk_placeholder  {rise@0.000ns fall@2.000ns period=4.000ns})
  Path Group:             clk_placeholder
  Path Type:              Setup (Max at Slow Process Corner)
  Requirement:            4.000ns  (clk_placeholder rise@4.000ns - clk_placeholder rise@0.000ns)
  Data Path Delay:        4.950ns  (logic 1.479ns (29.879%)  route 3.471ns (70.121%))
  Logic Levels:           17  (CARRY8=1 LUT2=2 LUT4=5 LUT5=1 LUT6=8)
  Clock Path Skew:        -0.009ns (DCD - SCD + CPR)
    Destination Clock Delay (DCD):    0.021ns = ( 4.021 - 4.000 ) 
    Source Clock Delay      (SCD):    0.030ns
    Clock Pessimism Removal (CPR):    0.000ns
  Clock Uncertainty:      0.035ns  ((TSJ^2 + TIJ^2)^1/2 + DJ) / 2 + PE
    Total System Jitter     (TSJ):    0.071ns
    Total Input Jitter      (TIJ):    0.000ns
    Discrete Jitter          (DJ):    0.000ns
    Phase Error              (PE):    0.000ns

    Location             Delay type                Incr(ns)  Path(ns)    Netlist Resource(s)
  -------------------------------------------------------------------    -------------------
                         (clock clk_placeholder rise edge)
                                                      0.000     0.000 r  
                                                      0.000     0.000 r  clk_i (IN)
                         net (fo=157419, unset)       0.030     0.030    u_tlp_layer/parser_inst/clk_i
                         FDRE                                         r  u_tlp_layer/parser_inst/header_r_reg[requester_id][3]/C
  -------------------------------------------------------------------    -------------------
                         FDRE (Prop_FDRE_C_Q)         0.077     0.107 r  u_tlp_layer/parser_inst/header_r_reg[requester_id][3]/Q
                         net (fo=56, unplaced)        0.226     0.333    u_tlp_layer/tracker_inst/completion_header_i[requester_id][3]
                         LUT6 (Prop_LUT6_I0_O)        0.150     0.483 r  u_tlp_layer/tracker_inst/zombie_r[11]_i_9/O
                         net (fo=1, unplaced)         0.186     0.669    u_tlp_layer/tracker_inst/zombie_r[11]_i_9_n_0
                         LUT6 (Prop_LUT6_I5_O)        0.038     0.707 f  u_tlp_layer/tracker_inst/zombie_r[11]_i_4/O
                         net (fo=1, unplaced)         0.141     0.848    u_tlp_layer/tracker_inst/zombie_r[11]_i_4_n_0
                         LUT4 (Prop_LUT4_I0_O)        0.100     0.948 f  u_tlp_layer/tracker_inst/zombie_r[11]_i_3/O
                         net (fo=26, unplaced)        0.241     1.189    u_tlp_layer/tracker_inst/zombie_r[11]_i_3_n_0
                         LUT4 (Prop_LUT4_I3_O)        0.070     1.259 f  u_tlp_layer/tracker_inst/remaining_r[0][9]_i_6/O
                         net (fo=1, unplaced)         0.098     1.357    u_tlp_layer/tracker_inst/remaining_r[0][9]_i_6_n_0
                         LUT6 (Prop_LUT6_I0_O)        0.125     1.482 f  u_tlp_layer/tracker_inst/remaining_r[0][9]_i_4/O
                         net (fo=25, unplaced)        0.194     1.676    u_tlp_layer/tracker_inst/remaining_r[0][9]_i_4_n_0
                         LUT6 (Prop_LUT6_I0_O)        0.090     1.766 f  u_tlp_layer/tracker_inst/remaining_r[4][12]_i_7/O
                         net (fo=178, unplaced)       0.285     2.051    u_tlp_layer/tracker_inst/remaining_r[4][12]_i_7_n_0
                         LUT4 (Prop_LUT4_I2_O)        0.038     2.089 f  u_tlp_layer/tracker_inst/remaining_r[0][7]_i_167/O
                         net (fo=1, unplaced)         0.105     2.194    u_tlp_layer/tracker_inst/remaining_r[0][7]_i_167_n_0
                         LUT6 (Prop_LUT6_I0_O)        0.150     2.344 r  u_tlp_layer/tracker_inst/remaining_r[0][7]_i_63/O
                         net (fo=1, unplaced)         0.098     2.442    u_tlp_layer/tracker_inst/remaining_r[0][7]_i_63_n_0
                         LUT6 (Prop_LUT6_I1_O)        0.125     2.567 r  u_tlp_layer/tracker_inst/remaining_r[0][7]_i_11/O
                         net (fo=8, unplaced)         0.214     2.781    u_tlp_layer/tracker_inst/remaining_r[0]
                         LUT4 (Prop_LUT4_I2_O)        0.070     2.851 f  u_tlp_layer/tracker_inst/result_valid_r_i_53/O
                         net (fo=1, unplaced)         0.260     3.111    u_tlp_layer/tracker_inst/result_valid_r_i_53_n_0
                         CARRY8 (Prop_CARRY8_DI[0]_CO[6])
                                                      0.186     3.297 f  u_tlp_layer/tracker_inst/result_valid_r_reg_i_32/CO[6]
                         net (fo=1, unplaced)         0.138     3.435    u_tlp_layer/tracker_inst/active_r6
                         LUT6 (Prop_LUT6_I2_O)        0.038     3.473 f  u_tlp_layer/tracker_inst/result_valid_r_i_16/O
                         net (fo=1, unplaced)         0.186     3.659    u_tlp_layer/tracker_inst/result_valid_r_i_16_n_0
                         LUT4 (Prop_LUT4_I1_O)        0.038     3.697 f  u_tlp_layer/tracker_inst/result_valid_r_i_7/O
                         net (fo=2, unplaced)         0.186     3.883    u_tlp_layer/tracker_inst/result_valid_r_i_7_n_0
                         LUT6 (Prop_LUT6_I2_O)        0.038     3.921 r  u_tlp_layer/tracker_inst/unexpected_r_i_3/O
                         net (fo=50, unplaced)        0.256     4.177    u_tlp_layer/tracker_inst/unexpected_r_i_3_n_0
                         LUT5 (Prop_LUT5_I3_O)        0.038     4.215 f  u_tlp_layer/tracker_inst/remaining_r[1][6]_i_3/O
                         net (fo=110, unplaced)       0.274     4.489    u_tlp_layer/tracker_inst/remaining_r[1][6]_i_3_n_0
                         LUT2 (Prop_LUT2_I1_O)        0.070     4.559 r  u_tlp_layer/tracker_inst/remaining_r[5][12]_i_3/O
                         net (fo=5, unplaced)         0.204     4.763    u_tlp_layer/tracker_inst/remaining_r[5][12]_i_3_n_0
                         LUT2 (Prop_LUT2_I0_O)        0.038     4.801 r  u_tlp_layer/tracker_inst/remaining_r[5][12]_i_1/O
                         net (fo=13, unplaced)        0.179     4.980    u_tlp_layer/tracker_inst/remaining_r[5][12]_i_1_n_0
                         FDRE                                         r  u_tlp_layer/tracker_inst/remaining_r_reg[5][5]/CE
  -------------------------------------------------------------------    -------------------

                         (clock clk_placeholder rise edge)
                                                      4.000     4.000 r  
                                                      0.000     4.000 r  clk_i (IN)
                         net (fo=157419, unset)       0.021     4.021    u_tlp_layer/tracker_inst/clk_i
                         FDRE                                         r  u_tlp_layer/tracker_inst/remaining_r_reg[5][5]/C
                         clock pessimism              0.000     4.021    
                         clock uncertainty           -0.035     3.986    
                         FDRE (Setup_FDRE_C_CE)      -0.061     3.925    u_tlp_layer/tracker_inst/remaining_r_reg[5][5]
  -------------------------------------------------------------------
                         required time                          3.925    
                         arrival time                          -4.980    
  -------------------------------------------------------------------
                         slack                                 -1.055    

Slack (VIOLATED) :        -1.055ns  (required time - arrival time)
  Source:                 u_tlp_layer/parser_inst/header_r_reg[requester_id][3]/C
                            (rising edge-triggered cell FDRE clocked by clk_placeholder  {rise@0.000ns fall@2.000ns period=4.000ns})
  Destination:            u_tlp_layer/tracker_inst/remaining_r_reg[5][5]/CE
                            (rising edge-triggered cell FDRE clocked by clk_placeholder  {rise@0.000ns fall@2.000ns period=4.000ns})
  Path Group:             clk_placeholder
  Path Type:              Setup (Max at Slow Process Corner)
  Requirement:            4.000ns  (clk_placeholder rise@4.000ns - clk_placeholder rise@0.000ns)
  Data Path Delay:        4.950ns  (logic 1.479ns (29.879%)  route 3.471ns (70.121%))
  Logic Levels:           17  (CARRY8=1 LUT2=2 LUT4=5 LUT5=1 LUT6=8)
  Clock Path Skew:        -0.009ns (DCD - SCD + CPR)
    Destination Clock Delay (DCD):    0.021ns = ( 4.021 - 4.000 ) 
    Source Clock Delay      (SCD):    0.030ns
    Clock Pessimism Removal (CPR):    0.000ns
  Clock Uncertainty:      0.035ns  ((TSJ^2 + TIJ^2)^1/2 + DJ) / 2 + PE
    Total System Jitter     (TSJ):    0.071ns
    Total Input Jitter      (TIJ):    0.000ns
    Discrete Jitter          (DJ):    0.000ns
    Phase Error              (PE):    0.000ns

    Location             Delay type                Incr(ns)  Path(ns)    Netlist Resource(s)
  -------------------------------------------------------------------    -------------------
                         (clock clk_placeholder rise edge)
                                                      0.000     0.000 r  
                                                      0.000     0.000 r  clk_i (IN)
                         net (fo=157419, unset)       0.030     0.030    u_tlp_layer/parser_inst/clk_i
                         FDRE                                         r  u_tlp_layer/parser_inst/header_r_reg[requester_id][3]/C
  -------------------------------------------------------------------    -------------------
                         FDRE (Prop_FDRE_C_Q)         0.077     0.107 f  u_tlp_layer/parser_inst/header_r_reg[requester_id][3]/Q
                         net (fo=56, unplaced)        0.226     0.333    u_tlp_layer/tracker_inst/completion_header_i[requester_id][3]
                         LUT6 (Prop_LUT6_I0_O)        0.150     0.483 f  u_tlp_layer/tracker_inst/zombie_r[11]_i_9/O
                         net (fo=1, unplaced)         0.186     0.669    u_tlp_layer/tracker_inst/zombie_r[11]_i_9_n_0
                         LUT6 (Prop_LUT6_I5_O)        0.038     0.707 r  u_tlp_layer/tracker_inst/zombie_r[11]_i_4/O
                         net (fo=1, unplaced)         0.141     0.848    u_tlp_layer/tracker_inst/zombie_r[11]_i_4_n_0
                         LUT4 (Prop_LUT4_I0_O)        0.100     0.948 r  u_tlp_layer/tracker_inst/zombie_r[11]_i_3/O
                         net (fo=26, unplaced)        0.241     1.189    u_tlp_layer/tracker_inst/zombie_r[11]_i_3_n_0
                         LUT4 (Prop_LUT4_I3_O)        0.070     1.259 r  u_tlp_layer/tracker_inst/remaining_r[0][9]_i_6/O
                         net (fo=1, unplaced)         0.098     1.357    u_tlp_layer/tracker_inst/remaining_r[0][9]_i_6_n_0
                         LUT6 (Prop_LUT6_I0_O)        0.125     1.482 r  u_tlp_layer/tracker_inst/remaining_r[0][9]_i_4/O
                         net (fo=25, unplaced)        0.194     1.676    u_tlp_layer/tracker_inst/remaining_r[0][9]_i_4_n_0
                         LUT6 (Prop_LUT6_I0_O)        0.090     1.766 r  u_tlp_layer/tracker_inst/remaining_r[4][12]_i_7/O
                         net (fo=178, unplaced)       0.285     2.051    u_tlp_layer/tracker_inst/remaining_r[4][12]_i_7_n_0
                         LUT4 (Prop_LUT4_I2_O)        0.038     2.089 r  u_tlp_layer/tracker_inst/remaining_r[0][7]_i_167/O
                         net (fo=1, unplaced)         0.105     2.194    u_tlp_layer/tracker_inst/remaining_r[0][7]_i_167_n_0
                         LUT6 (Prop_LUT6_I0_O)        0.150     2.344 f  u_tlp_layer/tracker_inst/remaining_r[0][7]_i_63/O
                         net (fo=1, unplaced)         0.098     2.442    u_tlp_layer/tracker_inst/remaining_r[0][7]_i_63_n_0
                         LUT6 (Prop_LUT6_I1_O)        0.125     2.567 f  u_tlp_layer/tracker_inst/remaining_r[0][7]_i_11/O
                         net (fo=8, unplaced)         0.214     2.781    u_tlp_layer/tracker_inst/remaining_r[0]
                         LUT4 (Prop_LUT4_I2_O)        0.070     2.851 r  u_tlp_layer/tracker_inst/result_valid_r_i_53/O
                         net (fo=1, unplaced)         0.260     3.111    u_tlp_layer/tracker_inst/result_valid_r_i_53_n_0
                         CARRY8 (Prop_CARRY8_DI[0]_CO[6])
                                                      0.186     3.297 r  u_tlp_layer/tracker_inst/result_valid_r_reg_i_32/CO[6]
                         net (fo=1, unplaced)         0.138     3.435    u_tlp_layer/tracker_inst/active_r6
                         LUT6 (Prop_LUT6_I2_O)        0.038     3.473 r  u_tlp_layer/tracker_inst/result_valid_r_i_16/O
                         net (fo=1, unplaced)         0.186     3.659    u_tlp_layer/tracker_inst/result_valid_r_i_16_n_0
                         LUT4 (Prop_LUT4_I1_O)        0.038     3.697 r  u_tlp_layer/tracker_inst/result_valid_r_i_7/O
                         net (fo=2, unplaced)         0.186     3.883    u_tlp_layer/tracker_inst/result_valid_r_i_7_n_0
                         LUT6 (Prop_LUT6_I2_O)        0.038     3.921 f  u_tlp_layer/tracker_inst/unexpected_r_i_3/O
                         net (fo=50, unplaced)        0.256     4.177    u_tlp_layer/tracker_inst/unexpected_r_i_3_n_0
                         LUT5 (Prop_LUT5_I3_O)        0.038     4.215 r  u_tlp_layer/tracker_inst/remaining_r[1][6]_i_3/O
                         net (fo=110, unplaced)       0.274     4.489    u_tlp_layer/tracker_inst/remaining_r[1][6]_i_3_n_0
                         LUT2 (Prop_LUT2_I1_O)        0.070     4.559 f  u_tlp_layer/tracker_inst/remaining_r[5][12]_i_3/O
                         net (fo=5, unplaced)         0.204     4.763    u_tlp_layer/tracker_inst/remaining_r[5][12]_i_3_n_0
                         LUT2 (Prop_LUT2_I0_O)        0.038     4.801 f  u_tlp_layer/tracker_inst/remaining_r[5][12]_i_1/O
                         net (fo=13, unplaced)        0.179     4.980    u_tlp_layer/tracker_inst/remaining_r[5][12]_i_1_n_0
                         FDRE                                         f  u_tlp_layer/tracker_inst/remaining_r_reg[5][5]/CE
  -------------------------------------------------------------------    -------------------

                         (clock clk_placeholder rise edge)
                                                      4.000     4.000 r  
                                                      0.000     4.000 r  clk_i (IN)
                         net (fo=157419, unset)       0.021     4.021    u_tlp_layer/tracker_inst/clk_i
                         FDRE                                         r  u_tlp_layer/tracker_inst/remaining_r_reg[5][5]/C
                         clock pessimism              0.000     4.021    
                         clock uncertainty           -0.035     3.986    
                         FDRE (Setup_FDRE_C_CE)      -0.061     3.925    u_tlp_layer/tracker_inst/remaining_r_reg[5][5]
  -------------------------------------------------------------------
                         required time                          3.925    
                         arrival time                          -4.980    
  -------------------------------------------------------------------
                         slack                                 -1.055    

Slack (VIOLATED) :        -1.055ns  (required time - arrival time)
  Source:                 u_tlp_layer/parser_inst/header_r_reg[requester_id][3]/C
                            (rising edge-triggered cell FDRE clocked by clk_placeholder  {rise@0.000ns fall@2.000ns period=4.000ns})
  Destination:            u_tlp_layer/tracker_inst/remaining_r_reg[5][6]/CE
                            (rising edge-triggered cell FDRE clocked by clk_placeholder  {rise@0.000ns fall@2.000ns period=4.000ns})
  Path Group:             clk_placeholder
  Path Type:              Setup (Max at Slow Process Corner)
  Requirement:            4.000ns  (clk_placeholder rise@4.000ns - clk_placeholder rise@0.000ns)
  Data Path Delay:        4.950ns  (logic 1.479ns (29.879%)  route 3.471ns (70.121%))
  Logic Levels:           17  (CARRY8=1 LUT2=2 LUT4=5 LUT5=1 LUT6=8)
  Clock Path Skew:        -0.009ns (DCD - SCD + CPR)
    Destination Clock Delay (DCD):    0.021ns = ( 4.021 - 4.000 ) 
    Source Clock Delay      (SCD):    0.030ns
    Clock Pessimism Removal (CPR):    0.000ns
  Clock Uncertainty:      0.035ns  ((TSJ^2 + TIJ^2)^1/2 + DJ) / 2 + PE
    Total System Jitter     (TSJ):    0.071ns
    Total Input Jitter      (TIJ):    0.000ns
    Discrete Jitter          (DJ):    0.000ns
    Phase Error              (PE):    0.000ns

    Location             Delay type                Incr(ns)  Path(ns)    Netlist Resource(s)
  -------------------------------------------------------------------    -------------------
                         (clock clk_placeholder rise edge)
                                                      0.000     0.000 r  
                                                      0.000     0.000 r  clk_i (IN)
                         net (fo=157419, unset)       0.030     0.030    u_tlp_layer/parser_inst/clk_i
                         FDRE                                         r  u_tlp_layer/parser_inst/header_r_reg[requester_id][3]/C
  -------------------------------------------------------------------    -------------------
                         FDRE (Prop_FDRE_C_Q)         0.077     0.107 r  u_tlp_layer/parser_inst/header_r_reg[requester_id][3]/Q
                         net (fo=56, unplaced)        0.226     0.333    u_tlp_layer/tracker_inst/completion_header_i[requester_id][3]
                         LUT6 (Prop_LUT6_I0_O)        0.150     0.483 r  u_tlp_layer/tracker_inst/zombie_r[11]_i_9/O
                         net (fo=1, unplaced)         0.186     0.669    u_tlp_layer/tracker_inst/zombie_r[11]_i_9_n_0
                         LUT6 (Prop_LUT6_I5_O)        0.038     0.707 f  u_tlp_layer/tracker_inst/zombie_r[11]_i_4/O
                         net (fo=1, unplaced)         0.141     0.848    u_tlp_layer/tracker_inst/zombie_r[11]_i_4_n_0
                         LUT4 (Prop_LUT4_I0_O)        0.100     0.948 f  u_tlp_layer/tracker_inst/zombie_r[11]_i_3/O
                         net (fo=26, unplaced)        0.241     1.189    u_tlp_layer/tracker_inst/zombie_r[11]_i_3_n_0
                         LUT4 (Prop_LUT4_I3_O)        0.070     1.259 f  u_tlp_layer/tracker_inst/remaining_r[0][9]_i_6/O
                         net (fo=1, unplaced)         0.098     1.357    u_tlp_layer/tracker_inst/remaining_r[0][9]_i_6_n_0
                         LUT6 (Prop_LUT6_I0_O)        0.125     1.482 f  u_tlp_layer/tracker_inst/remaining_r[0][9]_i_4/O
                         net (fo=25, unplaced)        0.194     1.676    u_tlp_layer/tracker_inst/remaining_r[0][9]_i_4_n_0
                         LUT6 (Prop_LUT6_I0_O)        0.090     1.766 f  u_tlp_layer/tracker_inst/remaining_r[4][12]_i_7/O
                         net (fo=178, unplaced)       0.285     2.051    u_tlp_layer/tracker_inst/remaining_r[4][12]_i_7_n_0
                         LUT4 (Prop_LUT4_I2_O)        0.038     2.089 f  u_tlp_layer/tracker_inst/remaining_r[0][7]_i_167/O
                         net (fo=1, unplaced)         0.105     2.194    u_tlp_layer/tracker_inst/remaining_r[0][7]_i_167_n_0
                         LUT6 (Prop_LUT6_I0_O)        0.150     2.344 r  u_tlp_layer/tracker_inst/remaining_r[0][7]_i_63/O
                         net (fo=1, unplaced)         0.098     2.442    u_tlp_layer/tracker_inst/remaining_r[0][7]_i_63_n_0
                         LUT6 (Prop_LUT6_I1_O)        0.125     2.567 r  u_tlp_layer/tracker_inst/remaining_r[0][7]_i_11/O
                         net (fo=8, unplaced)         0.214     2.781    u_tlp_layer/tracker_inst/remaining_r[0]
                         LUT4 (Prop_LUT4_I2_O)        0.070     2.851 f  u_tlp_layer/tracker_inst/result_valid_r_i_53/O
                         net (fo=1, unplaced)         0.260     3.111    u_tlp_layer/tracker_inst/result_valid_r_i_53_n_0
                         CARRY8 (Prop_CARRY8_DI[0]_CO[6])
                                                      0.186     3.297 f  u_tlp_layer/tracker_inst/result_valid_r_reg_i_32/CO[6]
                         net (fo=1, unplaced)         0.138     3.435    u_tlp_layer/tracker_inst/active_r6
                         LUT6 (Prop_LUT6_I2_O)        0.038     3.473 f  u_tlp_layer/tracker_inst/result_valid_r_i_16/O
                         net (fo=1, unplaced)         0.186     3.659    u_tlp_layer/tracker_inst/result_valid_r_i_16_n_0
                         LUT4 (Prop_LUT4_I1_O)        0.038     3.697 f  u_tlp_layer/tracker_inst/result_valid_r_i_7/O
                         net (fo=2, unplaced)         0.186     3.883    u_tlp_layer/tracker_inst/result_valid_r_i_7_n_0
                         LUT6 (Prop_LUT6_I2_O)        0.038     3.921 r  u_tlp_layer/tracker_inst/unexpected_r_i_3/O
                         net (fo=50, unplaced)        0.256     4.177    u_tlp_layer/tracker_inst/unexpected_r_i_3_n_0
                         LUT5 (Prop_LUT5_I3_O)        0.038     4.215 f  u_tlp_layer/tracker_inst/remaining_r[1][6]_i_3/O
                         net (fo=110, unplaced)       0.274     4.489    u_tlp_layer/tracker_inst/remaining_r[1][6]_i_3_n_0
                         LUT2 (Prop_LUT2_I1_O)        0.070     4.559 r  u_tlp_layer/tracker_inst/remaining_r[5][12]_i_3/O
                         net (fo=5, unplaced)         0.204     4.763    u_tlp_layer/tracker_inst/remaining_r[5][12]_i_3_n_0
                         LUT2 (Prop_LUT2_I0_O)        0.038     4.801 r  u_tlp_layer/tracker_inst/remaining_r[5][12]_i_1/O
                         net (fo=13, unplaced)        0.179     4.980    u_tlp_layer/tracker_inst/remaining_r[5][12]_i_1_n_0
                         FDRE                                         r  u_tlp_layer/tracker_inst/remaining_r_reg[5][6]/CE
  -------------------------------------------------------------------    -------------------

                         (clock clk_placeholder rise edge)
                                                      4.000     4.000 r  
                                                      0.000     4.000 r  clk_i (IN)
                         net (fo=157419, unset)       0.021     4.021    u_tlp_layer/tracker_inst/clk_i
                         FDRE                                         r  u_tlp_layer/tracker_inst/remaining_r_reg[5][6]/C
                         clock pessimism              0.000     4.021    
                         clock uncertainty           -0.035     3.986    
                         FDRE (Setup_FDRE_C_CE)      -0.061     3.925    u_tlp_layer/tracker_inst/remaining_r_reg[5][6]
  -------------------------------------------------------------------
                         required time                          3.925    
                         arrival time                          -4.980    
  -------------------------------------------------------------------
                         slack                                 -1.055    

Slack (VIOLATED) :        -1.055ns  (required time - arrival time)
  Source:                 u_tlp_layer/parser_inst/header_r_reg[requester_id][3]/C
                            (rising edge-triggered cell FDRE clocked by clk_placeholder  {rise@0.000ns fall@2.000ns period=4.000ns})
  Destination:            u_tlp_layer/tracker_inst/remaining_r_reg[5][6]/CE
                            (rising edge-triggered cell FDRE clocked by clk_placeholder  {rise@0.000ns fall@2.000ns period=4.000ns})
  Path Group:             clk_placeholder
  Path Type:              Setup (Max at Slow Process Corner)
  Requirement:            4.000ns  (clk_placeholder rise@4.000ns - clk_placeholder rise@0.000ns)
  Data Path Delay:        4.950ns  (logic 1.479ns (29.879%)  route 3.471ns (70.121%))
  Logic Levels:           17  (CARRY8=1 LUT2=2 LUT4=5 LUT5=1 LUT6=8)
  Clock Path Skew:        -0.009ns (DCD - SCD + CPR)
    Destination Clock Delay (DCD):    0.021ns = ( 4.021 - 4.000 ) 
    Source Clock Delay      (SCD):    0.030ns
    Clock Pessimism Removal (CPR):    0.000ns
  Clock Uncertainty:      0.035ns  ((TSJ^2 + TIJ^2)^1/2 + DJ) / 2 + PE
    Total System Jitter     (TSJ):    0.071ns
    Total Input Jitter      (TIJ):    0.000ns
    Discrete Jitter          (DJ):    0.000ns
    Phase Error              (PE):    0.000ns

    Location             Delay type                Incr(ns)  Path(ns)    Netlist Resource(s)
  -------------------------------------------------------------------    -------------------
                         (clock clk_placeholder rise edge)
                                                      0.000     0.000 r  
                                                      0.000     0.000 r  clk_i (IN)
                         net (fo=157419, unset)       0.030     0.030    u_tlp_layer/parser_inst/clk_i
                         FDRE                                         r  u_tlp_layer/parser_inst/header_r_reg[requester_id][3]/C
  -------------------------------------------------------------------    -------------------
                         FDRE (Prop_FDRE_C_Q)         0.077     0.107 f  u_tlp_layer/parser_inst/header_r_reg[requester_id][3]/Q
                         net (fo=56, unplaced)        0.226     0.333    u_tlp_layer/tracker_inst/completion_header_i[requester_id][3]
                         LUT6 (Prop_LUT6_I0_O)        0.150     0.483 f  u_tlp_layer/tracker_inst/zombie_r[11]_i_9/O
                         net (fo=1, unplaced)         0.186     0.669    u_tlp_layer/tracker_inst/zombie_r[11]_i_9_n_0
                         LUT6 (Prop_LUT6_I5_O)        0.038     0.707 r  u_tlp_layer/tracker_inst/zombie_r[11]_i_4/O
                         net (fo=1, unplaced)         0.141     0.848    u_tlp_layer/tracker_inst/zombie_r[11]_i_4_n_0
                         LUT4 (Prop_LUT4_I0_O)        0.100     0.948 r  u_tlp_layer/tracker_inst/zombie_r[11]_i_3/O
                         net (fo=26, unplaced)        0.241     1.189    u_tlp_layer/tracker_inst/zombie_r[11]_i_3_n_0
                         LUT4 (Prop_LUT4_I3_O)        0.070     1.259 r  u_tlp_layer/tracker_inst/remaining_r[0][9]_i_6/O
                         net (fo=1, unplaced)         0.098     1.357    u_tlp_layer/tracker_inst/remaining_r[0][9]_i_6_n_0
                         LUT6 (Prop_LUT6_I0_O)        0.125     1.482 r  u_tlp_layer/tracker_inst/remaining_r[0][9]_i_4/O
                         net (fo=25, unplaced)        0.194     1.676    u_tlp_layer/tracker_inst/remaining_r[0][9]_i_4_n_0
                         LUT6 (Prop_LUT6_I0_O)        0.090     1.766 r  u_tlp_layer/tracker_inst/remaining_r[4][12]_i_7/O
                         net (fo=178, unplaced)       0.285     2.051    u_tlp_layer/tracker_inst/remaining_r[4][12]_i_7_n_0
                         LUT4 (Prop_LUT4_I2_O)        0.038     2.089 r  u_tlp_layer/tracker_inst/remaining_r[0][7]_i_167/O
                         net (fo=1, unplaced)         0.105     2.194    u_tlp_layer/tracker_inst/remaining_r[0][7]_i_167_n_0
                         LUT6 (Prop_LUT6_I0_O)        0.150     2.344 f  u_tlp_layer/tracker_inst/remaining_r[0][7]_i_63/O
                         net (fo=1, unplaced)         0.098     2.442    u_tlp_layer/tracker_inst/remaining_r[0][7]_i_63_n_0
                         LUT6 (Prop_LUT6_I1_O)        0.125     2.567 f  u_tlp_layer/tracker_inst/remaining_r[0][7]_i_11/O
                         net (fo=8, unplaced)         0.214     2.781    u_tlp_layer/tracker_inst/remaining_r[0]
                         LUT4 (Prop_LUT4_I2_O)        0.070     2.851 r  u_tlp_layer/tracker_inst/result_valid_r_i_53/O
                         net (fo=1, unplaced)         0.260     3.111    u_tlp_layer/tracker_inst/result_valid_r_i_53_n_0
                         CARRY8 (Prop_CARRY8_DI[0]_CO[6])
                                                      0.186     3.297 r  u_tlp_layer/tracker_inst/result_valid_r_reg_i_32/CO[6]
                         net (fo=1, unplaced)         0.138     3.435    u_tlp_layer/tracker_inst/active_r6
                         LUT6 (Prop_LUT6_I2_O)        0.038     3.473 r  u_tlp_layer/tracker_inst/result_valid_r_i_16/O
                         net (fo=1, unplaced)         0.186     3.659    u_tlp_layer/tracker_inst/result_valid_r_i_16_n_0
                         LUT4 (Prop_LUT4_I1_O)        0.038     3.697 r  u_tlp_layer/tracker_inst/result_valid_r_i_7/O
                         net (fo=2, unplaced)         0.186     3.883    u_tlp_layer/tracker_inst/result_valid_r_i_7_n_0
                         LUT6 (Prop_LUT6_I2_O)        0.038     3.921 f  u_tlp_layer/tracker_inst/unexpected_r_i_3/O
                         net (fo=50, unplaced)        0.256     4.177    u_tlp_layer/tracker_inst/unexpected_r_i_3_n_0
                         LUT5 (Prop_LUT5_I3_O)        0.038     4.215 r  u_tlp_layer/tracker_inst/remaining_r[1][6]_i_3/O
                         net (fo=110, unplaced)       0.274     4.489    u_tlp_layer/tracker_inst/remaining_r[1][6]_i_3_n_0
                         LUT2 (Prop_LUT2_I1_O)        0.070     4.559 f  u_tlp_layer/tracker_inst/remaining_r[5][12]_i_3/O
                         net (fo=5, unplaced)         0.204     4.763    u_tlp_layer/tracker_inst/remaining_r[5][12]_i_3_n_0
                         LUT2 (Prop_LUT2_I0_O)        0.038     4.801 f  u_tlp_layer/tracker_inst/remaining_r[5][12]_i_1/O
                         net (fo=13, unplaced)        0.179     4.980    u_tlp_layer/tracker_inst/remaining_r[5][12]_i_1_n_0
                         FDRE                                         f  u_tlp_layer/tracker_inst/remaining_r_reg[5][6]/CE
  -------------------------------------------------------------------    -------------------

                         (clock clk_placeholder rise edge)
                                                      4.000     4.000 r  
                                                      0.000     4.000 r  clk_i (IN)
                         net (fo=157419, unset)       0.021     4.021    u_tlp_layer/tracker_inst/clk_i
                         FDRE                                         r  u_tlp_layer/tracker_inst/remaining_r_reg[5][6]/C
                         clock pessimism              0.000     4.021    
                         clock uncertainty           -0.035     3.986    
                         FDRE (Setup_FDRE_C_CE)      -0.061     3.925    u_tlp_layer/tracker_inst/remaining_r_reg[5][6]
  -------------------------------------------------------------------
                         required time                          3.925    
                         arrival time                          -4.980    
  -------------------------------------------------------------------
                         slack                                 -1.055    




